po_id,po_date,expected_delivery_date,supplier_id,procurement_node,ingredient_id,order_qty,unit_price_pkr,line_total_pkr,payment_terms_days
PO-000001,2025-01-03,2025-01-05,SUP-001,COM-KHI-01,ING-001,3947.92,697.98,2755555.58,30
PO-000002,2025-01-05,2025-01-07,SUP-001,COM-KHI-01,ING-001,3652.69,684.92,2501799.37,30
PO-000003,2025-01-07,2025-01-09,SUP-001,COM-KHI-01,ING-001,3469.27,745.26,2585500.49,30
PO-000004,2025-01-11,2025-01-13,SUP-001,COM-KHI-01,ING-001,4143.06,740.55,3068137.35,30
PO-000005,2025-01-13,2025-01-15,SUP-001,COM-KHI-01,ING-001,3211.79,732.42,2352385.16,30
PO-000006,2025-01-16,2025-01-18,SUP-001,COM-KHI-01,ING-001,4112.66,740.02,3043467.5,30
PO-000007,2025-01-19,2025-01-21,SUP-001,COM-KHI-01,ING-001,2820.54,713.59,2012693.98,30
PO-000008,2025-01-22,2025-01-24,SUP-001,COM-KHI-01,ING-001,3807.53,746.21,2841212.5,30
PO-000009,2025-01-25,2025-01-27,SUP-001,COM-KHI-01,ING-001,3320.27,718.78,2386554.12,30
PO-000010,2025-01-29,2025-01-31,SUP-001,COM-KHI-01,ING-001,3510.16,745.05,2615263.31,30
PO-000011,2025-01-31,2025-02-02,SUP-001,COM-KHI-01,ING-001,4092.47,723.77,2962012.55,30
PO-000012,2025-02-03,2025-02-05,SUP-001,COM-KHI-01,ING-001,3666.13,743.76,2726711.82,30
PO-000013,2025-02-06,2025-02-08,SUP-001,COM-KHI-01,ING-001,3675.3,723.01,2657293.58,30
PO-000014,2025-02-11,2025-02-13,SUP-001,COM-KHI-01,ING-001,2990.83,720.99,2156364.5,30
PO-000015,2025-02-12,2025-02-14,SUP-001,COM-KHI-01,ING-001,3763.84,769.42,2895982.49,30
PO-000016,2025-02-15,2025-02-17,SUP-001,COM-KHI-01,ING-001,3818.81,780.46,2980426.68,30
PO-000017,2025-02-18,2025-02-20,SUP-001,COM-KHI-01,ING-001,3243.51,738.1,2394039.25,30
PO-000018,2025-02-21,2025-02-23,SUP-001,COM-KHI-01,ING-001,4283.33,793.34,3398131.37,30
PO-000019,2025-02-24,2025-02-26,SUP-001,COM-KHI-01,ING-001,3184.33,734.44,2338697.16,30
PO-000020,2025-02-27,2025-03-01,SUP-001,COM-KHI-01,ING-001,4648.08,756.13,3514572.16,30
PO-000021,2025-03-02,2025-03-04,SUP-001,COM-KHI-01,ING-001,4220.28,820.59,3463124.45,30
PO-000022,2025-03-05,2025-03-07,SUP-001,COM-KHI-01,ING-001,4957.87,810.53,4018526.98,30
PO-000023,2025-03-08,2025-03-10,SUP-001,COM-KHI-01,ING-001,4638.09,831.29,3855595.29,30
PO-000024,2025-03-11,2025-03-13,SUP-001,COM-KHI-01,ING-001,4828.24,815.29,3936416.2,30
PO-000025,2025-03-16,2025-03-18,SUP-001,COM-KHI-01,ING-001,5827.29,813.49,4740458.07,30
PO-000026,2025-03-17,2025-03-19,SUP-001,COM-KHI-01,ING-001,4083.58,845.59,3453020.68,30
PO-000027,2025-03-20,2025-03-22,SUP-001,COM-KHI-01,ING-001,5243.62,842.69,4418747.2,30
PO-000028,2025-03-23,2025-03-25,SUP-001,COM-KHI-01,ING-001,4280.89,874.57,3743926.25,30
PO-000029,2025-03-26,2025-03-28,SUP-001,COM-KHI-01,ING-001,5632.48,881.49,4964947.36,30
PO-000030,2025-03-29,2025-03-31,SUP-001,COM-KHI-01,ING-001,5054.06,823.52,4162116.33,30
PO-000031,2025-04-01,2025-04-03,SUP-001,COM-KHI-01,ING-001,4891.2,787.09,3849797.63,30
PO-000032,2025-04-04,2025-04-06,SUP-001,COM-KHI-01,ING-001,4037.96,804.57,3248818.79,30
PO-000033,2025-04-07,2025-04-09,SUP-001,COM-KHI-01,ING-001,3395.84,769.67,2613665.88,30
PO-000034,2025-04-10,2025-04-12,SUP-001,COM-KHI-01,ING-001,4566.37,787.11,3594222.78,30
PO-000035,2025-04-13,2025-04-15,SUP-001,COM-KHI-01,ING-001,3293.05,759.19,2500038.17,30
PO-000036,2025-04-16,2025-04-18,SUP-001,COM-KHI-01,ING-001,4480.32,829.54,3716594.27,30
PO-000037,2025-04-19,2025-04-21,SUP-001,COM-KHI-01,ING-001,4147.99,804.41,3336692.24,30
PO-000038,2025-04-22,2025-04-24,SUP-001,COM-KHI-01,ING-001,4038.68,794.67,3209413.6,30
PO-000039,2025-04-25,2025-04-27,SUP-001,COM-KHI-01,ING-001,4946.28,775.05,3833635.63,30
PO-000040,2025-04-28,2025-04-30,SUP-001,COM-KHI-01,ING-001,3827.67,809.73,3099397.47,30
PO-000041,2025-05-01,2025-05-03,SUP-001,COM-KHI-01,ING-001,4464.36,694.17,3099036.35,30
PO-000042,2025-05-04,2025-05-06,SUP-001,COM-KHI-01,ING-001,3362.92,716.23,2408618.36,30
PO-000043,2025-05-07,2025-05-09,SUP-001,COM-KHI-01,ING-001,4660.47,658.49,3068871.97,30
PO-000044,2025-05-10,2025-05-12,SUP-001,COM-KHI-01,ING-001,4044.96,712.17,2880688.18,30
PO-000045,2025-05-13,2025-05-15,SUP-001,COM-KHI-01,ING-001,3751.86,666.1,2499123.1,30
PO-000046,2025-05-16,2025-05-18,SUP-001,COM-KHI-01,ING-001,3953.72,690.53,2730170.63,30
PO-000047,2025-05-19,2025-05-21,SUP-001,COM-KHI-01,ING-001,3445.38,665.4,2292547.58,30
PO-000048,2025-05-22,2025-05-24,SUP-001,COM-KHI-01,ING-001,3970.11,684.37,2717042.17,30
PO-000049,2025-05-27,2025-05-29,SUP-001,COM-KHI-01,ING-001,2855.54,676.15,1930777.6,30
PO-000050,2025-05-28,2025-05-30,SUP-001,COM-KHI-01,ING-001,3677.48,654.56,2407126.93,30
PO-000051,2025-06-02,2025-06-04,SUP-001,COM-KHI-01,ING-001,3699.43,672.21,2486779.73,30
PO-000052,2025-06-03,2025-06-05,SUP-001,COM-KHI-01,ING-001,3294.16,676.04,2226976.75,30
PO-000053,2025-06-06,2025-06-08,SUP-001,COM-KHI-01,ING-001,3758.74,694.8,2611559.96,30
PO-000054,2025-06-11,2025-06-13,SUP-001,COM-KHI-01,ING-001,3143.77,694.15,2182264.18,30
PO-000055,2025-06-12,2025-06-14,SUP-001,COM-KHI-01,ING-001,3943.35,672.53,2652032.87,30
PO-000056,2025-06-15,2025-06-17,SUP-001,COM-KHI-01,ING-001,2937.16,681.88,2002805.31,30
PO-000057,2025-06-18,2025-06-20,SUP-001,COM-KHI-01,ING-001,4064.67,645.78,2624874.72,30
PO-000058,2025-06-23,2025-06-25,SUP-001,COM-KHI-01,ING-001,3470.75,632.79,2196247.19,30
PO-000059,2025-06-26,2025-06-28,SUP-001,COM-KHI-01,ING-001,3694.01,670.51,2476865.88,30
PO-000060,2025-06-27,2025-06-29,SUP-001,COM-KHI-01,ING-001,3935.91,648.13,2550978.47,30
PO-000061,2025-06-30,2025-07-02,SUP-001,COM-KHI-01,ING-001,903.73,659.23,595772.93,30
PO-000062,2025-01-01,2025-01-03,SUP-001,COM-KHI-01,ING-002,5678.72,586.16,3328661.38,30
PO-000063,2025-01-04,2025-01-06,SUP-001,COM-KHI-01,ING-002,5137.77,570.79,2932571.29,30
PO-000064,2025-01-08,2025-01-10,SUP-001,COM-KHI-01,ING-002,4020.59,568.33,2285003.24,30
PO-000065,2025-01-10,2025-01-12,SUP-001,COM-KHI-01,ING-002,6178.74,554.8,3427941.59,30
PO-000066,2025-01-13,2025-01-15,SUP-001,COM-KHI-01,ING-002,3833.36,583.96,2238537.44,30
PO-000067,2025-01-16,2025-01-18,SUP-001,COM-KHI-01,ING-002,6460.13,603.35,3897741.05,30
PO-000068,2025-01-19,2025-01-21,SUP-001,COM-KHI-01,ING-002,4234.83,571.41,2419842.4,30
PO-000069,2025-01-22,2025-01-24,SUP-001,COM-KHI-01,ING-002,5051.09,597.01,3015550.48,30
PO-000070,2025-01-25,2025-01-27,SUP-001,COM-KHI-01,ING-002,5320.92,603.36,3210454.43,30
PO-000071,2025-01-29,2025-01-31,SUP-001,COM-KHI-01,ING-002,4158.12,581.84,2419368.75,30
PO-000072,2025-01-31,2025-02-02,SUP-001,COM-KHI-01,ING-002,6584.58,593.9,3910563.54,30
PO-000073,2025-02-03,2025-02-05,SUP-001,COM-KHI-01,ING-002,4219.13,588.25,2481894.45,30
PO-000074,2025-02-06,2025-02-08,SUP-001,COM-KHI-01,ING-002,6440.45,610.47,3931729.39,30
PO-000075,2025-02-09,2025-02-11,SUP-001,COM-KHI-01,ING-002,4553.81,588.71,2680889.95,30
PO-000076,2025-02-12,2025-02-14,SUP-001,COM-KHI-01,ING-002,5589.72,598.65,3346282.32,30
PO-000077,2025-02-15,2025-02-17,SUP-001,COM-KHI-01,ING-002,5325.27,593.69,3161560.3,30
PO-000078,2025-02-18,2025-02-20,SUP-001,COM-KHI-01,ING-002,4284.16,615.73,2637886.21,30
PO-000079,2025-02-21,2025-02-23,SUP-001,COM-KHI-01,ING-002,6728.87,632.61,4256721.5,30
PO-000080,2025-02-24,2025-02-26,SUP-001,COM-KHI-01,ING-002,4068.84,631.99,2571479.72,30
PO-000081,2025-02-27,2025-03-01,SUP-001,COM-KHI-01,ING-002,8616.33,585.1,5041391.69,30
PO-000082,2025-03-02,2025-03-04,SUP-001,COM-KHI-01,ING-002,6786.52,716.22,4860655.0,30
PO-000083,2025-03-05,2025-03-07,SUP-001,COM-KHI-01,ING-002,8863.38,683.99,6062444.92,30
PO-000084,2025-03-08,2025-03-10,SUP-001,COM-KHI-01,ING-002,9960.25,711.79,7089560.76,30
PO-000085,2025-03-11,2025-03-13,SUP-001,COM-KHI-01,ING-002,7089.65,691.77,4904422.07,30
PO-000086,2025-03-14,2025-03-16,SUP-001,COM-KHI-01,ING-002,10908.31,705.82,7699254.64,30
PO-000087,2025-03-17,2025-03-19,SUP-001,COM-KHI-01,ING-002,7034.97,718.19,5052419.58,30
PO-000088,2025-03-20,2025-03-22,SUP-001,COM-KHI-01,ING-002,11171.87,716.73,8007190.94,30
PO-000089,2025-03-24,2025-03-26,SUP-001,COM-KHI-01,ING-002,7383.54,676.25,4993094.06,30
PO-000090,2025-03-26,2025-03-28,SUP-001,COM-KHI-01,ING-002,8984.8,718.19,6452829.06,30
PO-000091,2025-03-29,2025-03-31,SUP-001,COM-KHI-01,ING-002,9049.51,695.83,6296934.14,30
PO-000092,2025-04-01,2025-04-03,SUP-001,COM-KHI-01,ING-002,5748.23,625.4,3594920.13,30
PO-000093,2025-04-05,2025-04-07,SUP-001,COM-KHI-01,ING-002,6531.8,659.72,4309127.02,30
PO-000094,2025-04-07,2025-04-09,SUP-001,COM-KHI-01,ING-002,3832.02,643.07,2464256.07,30
PO-000095,2025-04-10,2025-04-12,SUP-001,COM-KHI-01,ING-002,7294.94,623.6,4549142.32,30
PO-000096,2025-04-13,2025-04-15,SUP-001,COM-KHI-01,ING-002,5175.33,616.87,3192479.37,30
PO-000097,2025-04-16,2025-04-18,SUP-001,COM-KHI-01,ING-002,6153.47,635.72,3911909.51,30
PO-000098,2025-04-19,2025-04-21,SUP-001,COM-KHI-01,ING-002,6744.81,632.51,4266186.29,30
PO-000099,2025-04-22,2025-04-24,SUP-001,COM-KHI-01,ING-002,4967.65,642.58,3192140.03,30
PO-000100,2025-04-25,2025-04-27,SUP-001,COM-KHI-01,ING-002,8048.62,622.75,5012309.73,30
PO-000101,2025-04-28,2025-04-30,SUP-001,COM-KHI-01,ING-002,4672.84,621.94,2906250.31,30
PO-000102,2025-05-01,2025-05-03,SUP-001,COM-KHI-01,ING-002,7657.06,538.09,4120183.65,30
PO-000103,2025-05-04,2025-05-06,SUP-001,COM-KHI-01,ING-002,4847.16,554.52,2687828.27,30
PO-000104,2025-05-07,2025-05-09,SUP-001,COM-KHI-01,ING-002,6017.38,529.88,3188465.07,30
PO-000105,2025-05-10,2025-05-12,SUP-001,COM-KHI-01,ING-002,5883.31,556.94,3276661.71,30
PO-000106,2025-05-15,2025-05-17,SUP-001,COM-KHI-01,ING-002,4792.84,559.54,2681767.64,30
PO-000107,2025-05-16,2025-05-18,SUP-001,COM-KHI-01,ING-002,6796.56,539.5,3666766.19,30
PO-000108,2025-05-19,2025-05-21,SUP-001,COM-KHI-01,ING-002,3808.4,568.68,2165778.37,30
PO-000109,2025-05-22,2025-05-24,SUP-001,COM-KHI-01,ING-002,6350.35,538.45,3419352.65,30
PO-000110,2025-05-26,2025-05-28,SUP-001,COM-KHI-01,ING-002,4212.02,556.25,2342924.08,30
PO-000111,2025-05-28,2025-05-30,SUP-001,COM-KHI-01,ING-002,5337.69,559.45,2986190.59,30
PO-000112,2025-05-31,2025-06-02,SUP-001,COM-KHI-01,ING-002,5264.2,530.24,2791273.17,30
PO-000113,2025-06-03,2025-06-05,SUP-001,COM-KHI-01,ING-002,4086.09,540.82,2209856.36,30
PO-000114,2025-06-06,2025-06-08,SUP-001,COM-KHI-01,ING-002,6306.19,509.1,3210471.28,30
PO-000115,2025-06-09,2025-06-11,SUP-001,COM-KHI-01,ING-002,4096.71,557.93,2285668.53,30
PO-000116,2025-06-12,2025-06-14,SUP-001,COM-KHI-01,ING-002,6392.83,530.28,3389975.73,30
PO-000117,2025-06-15,2025-06-17,SUP-001,COM-KHI-01,ING-002,4478.02,550.82,2466602.73,30
PO-000118,2025-06-18,2025-06-20,SUP-001,COM-KHI-01,ING-002,5456.24,549.82,2999967.11,30
PO-000119,2025-06-21,2025-06-23,SUP-001,COM-KHI-01,ING-002,5721.91,522.25,2988251.38,30
PO-000120,2025-06-24,2025-06-26,SUP-001,COM-KHI-01,ING-002,4211.72,553.32,2330432.31,30
PO-000121,2025-06-28,2025-06-30,SUP-001,COM-KHI-01,ING-002,7135.49,541.17,3861517.4,30
PO-000122,2025-06-30,2025-07-02,SUP-001,COM-KHI-01,ING-002,1182.11,522.49,617638.89,30
PO-000123,2025-01-01,2025-01-03,SUP-002,COM-KHI-01,ING-003,1755.39,529.07,928721.86,30
PO-000124,2025-01-06,2025-01-08,SUP-002,COM-KHI-01,ING-003,1759.47,545.46,959723.89,30
PO-000125,2025-01-07,2025-01-09,SUP-002,COM-KHI-01,ING-003,1510.24,549.82,830352.93,30
PO-000126,2025-01-10,2025-01-12,SUP-002,COM-KHI-01,ING-003,2088.54,556.5,1162283.05,30
PO-000127,2025-01-15,2025-01-17,SUP-002,COM-KHI-01,ING-003,1264.63,550.74,696476.23,30
PO-000128,2025-01-16,2025-01-18,SUP-002,COM-KHI-01,ING-003,2056.06,531.78,1093368.04,30
PO-000129,2025-01-19,2025-01-21,SUP-002,COM-KHI-01,ING-003,1480.7,546.73,809537.08,30
PO-000130,2025-01-22,2025-01-24,SUP-002,COM-KHI-01,ING-003,1805.84,514.99,929993.19,30
PO-000131,2025-01-25,2025-01-27,SUP-002,COM-KHI-01,ING-003,1755.11,538.32,944803.1,30
PO-000132,2025-01-28,2025-01-30,SUP-002,COM-KHI-01,ING-003,1431.81,521.63,746868.55,30
PO-000133,2025-01-31,2025-02-02,SUP-002,COM-KHI-01,ING-003,2089.15,560.63,1171249.1,30
PO-000134,2025-02-03,2025-02-05,SUP-002,COM-KHI-01,ING-003,1371.86,543.89,746135.29,30
PO-000135,2025-02-06,2025-02-08,SUP-002,COM-KHI-01,ING-003,2026.24,580.62,1176468.53,30
PO-000136,2025-02-09,2025-02-11,SUP-002,COM-KHI-01,ING-003,1485.93,592.41,880283.28,30
PO-000137,2025-02-12,2025-02-14,SUP-002,COM-KHI-01,ING-003,1752.64,572.47,1003336.06,30
PO-000138,2025-02-15,2025-02-17,SUP-002,COM-KHI-01,ING-003,1733.55,572.4,992284.96,30
PO-000139,2025-02-19,2025-02-21,SUP-002,COM-KHI-01,ING-003,1540.38,551.0,848749.7,30
PO-000140,2025-02-21,2025-02-23,SUP-002,COM-KHI-01,ING-003,2165.81,549.46,1190031.92,30
PO-000141,2025-02-24,2025-02-26,SUP-002,COM-KHI-01,ING-003,1325.18,581.18,770162.09,30
PO-000142,2025-02-27,2025-03-01,SUP-002,COM-KHI-01,ING-003,2132.12,554.4,1182047.85,30
PO-000143,2025-03-02,2025-03-04,SUP-002,COM-KHI-01,ING-003,2036.35,653.85,1331467.33,30
PO-000144,2025-03-05,2025-03-07,SUP-002,COM-KHI-01,ING-003,2275.23,620.76,1412367.31,30
PO-000145,2025-03-08,2025-03-10,SUP-002,COM-KHI-01,ING-003,2440.52,619.66,1512289.5,30
PO-000146,2025-03-11,2025-03-13,SUP-002,COM-KHI-01,ING-003,1951.45,666.49,1300625.15,30
PO-000147,2025-03-14,2025-03-16,SUP-002,COM-KHI-01,ING-003,2736.59,668.57,1829608.23,30
PO-000148,2025-03-17,2025-03-19,SUP-002,COM-KHI-01,ING-003,1730.13,663.11,1147272.6,30
PO-000149,2025-03-20,2025-03-22,SUP-002,COM-KHI-01,ING-003,2646.07,616.28,1630713.35,30
PO-000150,2025-03-23,2025-03-25,SUP-002,COM-KHI-01,ING-003,2193.24,667.16,1463254.35,30
PO-000151,2025-03-26,2025-03-28,SUP-002,COM-KHI-01,ING-003,2310.08,622.69,1438464.55,30
PO-000152,2025-03-30,2025-04-01,SUP-002,COM-KHI-01,ING-003,2503.45,663.69,1661509.67,30
PO-000153,2025-04-01,2025-04-03,SUP-002,COM-KHI-01,ING-003,2117.7,565.63,1197837.44,30
PO-000154,2025-04-04,2025-04-06,SUP-002,COM-KHI-01,ING-003,2043.64,579.0,1183264.54,30
PO-000155,2025-04-07,2025-04-09,SUP-002,COM-KHI-01,ING-003,1401.26,575.55,806493.51,30
PO-000156,2025-04-10,2025-04-12,SUP-002,COM-KHI-01,ING-003,2168.2,572.09,1240394.85,30
PO-000157,2025-04-13,2025-04-15,SUP-002,COM-KHI-01,ING-003,1709.23,610.0,1042627.7,30
PO-000158,2025-04-16,2025-04-18,SUP-002,COM-KHI-01,ING-003,2085.84,620.87,1295032.26,30
PO-000159,2025-04-21,2025-04-23,SUP-002,COM-KHI-01,ING-003,2066.23,586.7,1212251.58,30
PO-000160,2025-04-24,2025-04-26,SUP-002,COM-KHI-01,ING-003,1759.29,577.22,1015496.04,30
PO-000161,2025-04-25,2025-04-27,SUP-002,COM-KHI-01,ING-003,2461.07,576.18,1418023.57,30
PO-000162,2025-04-28,2025-04-30,SUP-002,COM-KHI-01,ING-003,1527.44,611.46,933971.49,30
PO-000163,2025-05-01,2025-05-03,SUP-002,COM-KHI-01,ING-003,2174.97,494.63,1075797.68,30
PO-000164,2025-05-05,2025-05-07,SUP-002,COM-KHI-01,ING-003,1705.5,527.1,898963.0,30
PO-000165,2025-05-07,2025-05-09,SUP-002,COM-KHI-01,ING-003,1921.04,534.67,1027116.32,30
PO-000166,2025-05-10,2025-05-12,SUP-002,COM-KHI-01,ING-003,2060.78,533.27,1098950.75,30
PO-000167,2025-05-13,2025-05-15,SUP-002,COM-KHI-01,ING-003,1593.24,513.12,817514.48,30
PO-000168,2025-05-16,2025-05-18,SUP-002,COM-KHI-01,ING-003,2157.58,517.15,1115792.41,30
PO-000169,2025-05-20,2025-05-22,SUP-002,COM-KHI-01,ING-003,1465.07,528.65,774510.33,30
PO-000170,2025-05-22,2025-05-24,SUP-002,COM-KHI-01,ING-003,1925.9,494.07,951532.65,30
PO-000171,2025-05-25,2025-05-27,SUP-002,COM-KHI-01,ING-003,1571.36,538.55,846254.49,30
PO-000172,2025-05-28,2025-05-30,SUP-002,COM-KHI-01,ING-003,1757.21,534.79,939744.96,30
PO-000173,2025-05-31,2025-06-02,SUP-002,COM-KHI-01,ING-003,1749.97,526.6,921540.62,30
PO-000174,2025-06-03,2025-06-05,SUP-002,COM-KHI-01,ING-003,1426.14,493.16,703309.93,30
PO-000175,2025-06-06,2025-06-08,SUP-002,COM-KHI-01,ING-003,2019.77,485.38,980364.43,30
PO-000176,2025-06-09,2025-06-11,SUP-002,COM-KHI-01,ING-003,1336.36,494.74,661145.62,30
PO-000177,2025-06-12,2025-06-14,SUP-002,COM-KHI-01,ING-003,1930.5,481.38,929309.3,30
PO-000178,2025-06-15,2025-06-17,SUP-002,COM-KHI-01,ING-003,1460.48,515.99,753590.4,30
PO-000179,2025-06-18,2025-06-20,SUP-002,COM-KHI-01,ING-003,1675.45,500.8,839059.38,30
PO-000180,2025-06-21,2025-06-23,SUP-002,COM-KHI-01,ING-003,1840.41,475.03,874241.83,30
PO-000181,2025-06-26,2025-06-28,SUP-002,COM-KHI-01,ING-003,1561.66,476.36,743916.1,30
PO-000182,2025-06-29,2025-07-01,SUP-002,COM-KHI-01,ING-003,1907.31,511.67,975912.43,30
PO-000183,2025-06-30,2025-07-02,SUP-002,COM-KHI-01,ING-003,455.33,515.93,234916.8,30
PO-000184,2025-01-01,2025-01-03,SUP-001,COM-KHI-01,ING-004,7813.99,534.97,4180220.19,30
PO-000185,2025-01-05,2025-01-07,SUP-001,COM-KHI-01,ING-004,7980.8,502.81,4012790.02,30
PO-000186,2025-01-07,2025-01-09,SUP-001,COM-KHI-01,ING-004,5655.33,510.52,2887132.95,30
PO-000187,2025-01-10,2025-01-12,SUP-001,COM-KHI-01,ING-004,9255.92,494.46,4576644.52,30
PO-000188,2025-01-13,2025-01-15,SUP-001,COM-KHI-01,ING-004,5314.6,494.02,2625541.37,30
PO-000189,2025-01-16,2025-01-18,SUP-001,COM-KHI-01,ING-004,9247.8,534.14,4939626.36,30
PO-000190,2025-01-19,2025-01-21,SUP-001,COM-KHI-01,ING-004,6013.98,488.01,2934863.0,30
PO-000191,2025-01-24,2025-01-26,SUP-001,COM-KHI-01,ING-004,7459.41,528.63,3943301.76,30
PO-000192,2025-01-25,2025-01-27,SUP-001,COM-KHI-01,ING-004,7624.47,520.76,3970523.15,30
PO-000193,2025-01-29,2025-01-31,SUP-001,COM-KHI-01,ING-004,5832.69,518.25,3022798.3,30
PO-000194,2025-02-02,2025-02-04,SUP-001,COM-KHI-01,ING-004,9567.06,536.61,5133755.77,30
PO-000195,2025-02-03,2025-02-05,SUP-001,COM-KHI-01,ING-004,5626.21,517.16,2909660.56,30
PO-000196,2025-02-06,2025-02-08,SUP-001,COM-KHI-01,ING-004,8649.98,531.09,4593952.45,30
PO-000197,2025-02-09,2025-02-11,SUP-001,COM-KHI-01,ING-004,6365.62,555.9,3538624.85,30
PO-000198,2025-02-13,2025-02-15,SUP-001,COM-KHI-01,ING-004,8101.86,546.65,4428881.89,30
PO-000199,2025-02-15,2025-02-17,SUP-001,COM-KHI-01,ING-004,7952.84,534.52,4250959.19,30
PO-000200,2025-02-19,2025-02-21,SUP-001,COM-KHI-01,ING-004,6013.42,555.54,3340671.75,30
PO-000201,2025-02-21,2025-02-23,SUP-001,COM-KHI-01,ING-004,10170.58,552.62,5620452.41,30
PO-000202,2025-02-24,2025-02-26,SUP-001,COM-KHI-01,ING-004,5860.06,520.33,3049168.4,30
PO-000203,2025-03-01,2025-03-03,SUP-001,COM-KHI-01,ING-004,12454.67,578.43,7204157.12,30
PO-000204,2025-03-02,2025-03-04,SUP-001,COM-KHI-01,ING-004,10052.51,574.89,5779062.99,30
PO-000205,2025-03-05,2025-03-07,SUP-001,COM-KHI-01,ING-004,13739.87,624.01,8573875.55,30
PO-000206,2025-03-08,2025-03-10,SUP-001,COM-KHI-01,ING-004,13048.7,628.47,8200692.02,30
PO-000207,2025-03-11,2025-03-13,SUP-001,COM-KHI-01,ING-004,10032.43,606.71,6086816.01,30
PO-000208,2025-03-14,2025-03-16,SUP-001,COM-KHI-01,ING-004,16149.74,606.1,9788366.11,30
PO-000209,2025-03-17,2025-03-19,SUP-001,COM-KHI-01,ING-004,9210.21,625.68,5762644.46,30
PO-000210,2025-03-20,2025-03-22,SUP-001,COM-KHI-01,ING-004,15566.42,620.3,9655812.4,30
PO-000211,2025-03-23,2025-03-25,SUP-001,COM-KHI-01,ING-004,11490.97,617.15,7091648.43,30
PO-000212,2025-03-26,2025-03-28,SUP-001,COM-KHI-01,ING-004,13296.58,608.94,8096876.83,30
PO-000213,2025-03-30,2025-04-01,SUP-001,COM-KHI-01,ING-004,13679.13,627.56,8584492.99,30
PO-000214,2025-04-01,2025-04-03,SUP-001,COM-KHI-01,ING-004,7510.57,535.38,4021036.27,30
PO-000215,2025-04-04,2025-04-06,SUP-001,COM-KHI-01,ING-004,9206.13,555.87,5117396.99,30
PO-000216,2025-04-07,2025-04-09,SUP-001,COM-KHI-01,ING-004,5659.39,549.03,3107173.55,30
PO-000217,2025-04-10,2025-04-12,SUP-001,COM-KHI-01,ING-004,10163.44,534.34,5430764.42,30
PO-000218,2025-04-13,2025-04-15,SUP-001,COM-KHI-01,ING-004,7456.28,534.82,3987802.61,30
PO-000219,2025-04-18,2025-04-20,SUP-001,COM-KHI-01,ING-004,8469.79,556.65,4714713.29,30
PO-000220,2025-04-19,2025-04-21,SUP-001,COM-KHI-01,ING-004,9119.37,551.2,5026585.68,30
PO-000221,2025-04-22,2025-04-24,SUP-001,COM-KHI-01,ING-004,7122.18,568.4,4048273.01,30
PO-000222,2025-04-25,2025-04-27,SUP-001,COM-KHI-01,ING-004,11801.02,546.88,6453754.46,30
PO-000223,2025-04-28,2025-04-30,SUP-001,COM-KHI-01,ING-004,5989.56,555.97,3330012.76,30
PO-000224,2025-05-01,2025-05-03,SUP-001,COM-KHI-01,ING-004,10348.17,501.74,5192081.84,30
PO-000225,2025-05-04,2025-05-06,SUP-001,COM-KHI-01,ING-004,6948.07,495.2,3440690.93,30
PO-000226,2025-05-07,2025-05-09,SUP-001,COM-KHI-01,ING-004,8127.36,500.5,4067736.66,30
PO-000227,2025-05-10,2025-05-12,SUP-001,COM-KHI-01,ING-004,8930.49,464.6,4149101.58,30
PO-000228,2025-05-14,2025-05-16,SUP-001,COM-KHI-01,ING-004,6385.59,468.63,2992474.95,30
PO-000229,2025-05-16,2025-05-18,SUP-001,COM-KHI-01,ING-004,9917.23,468.04,4641622.96,30
PO-000230,2025-05-19,2025-05-21,SUP-001,COM-KHI-01,ING-004,5774.66,477.05,2754771.9,30
PO-000231,2025-05-22,2025-05-24,SUP-001,COM-KHI-01,ING-004,9616.67,500.89,4816869.33,30
PO-000232,2025-05-26,2025-05-28,SUP-001,COM-KHI-01,ING-004,6065.54,491.48,2981109.16,30
PO-000233,2025-05-28,2025-05-30,SUP-001,COM-KHI-01,ING-004,7806.73,477.77,3729843.05,30
PO-000234,2025-05-31,2025-06-02,SUP-001,COM-KHI-01,ING-004,8015.92,498.1,3992698.62,30
PO-000235,2025-06-03,2025-06-05,SUP-001,COM-KHI-01,ING-004,5797.66,487.57,2826753.98,30
PO-000236,2025-06-06,2025-06-08,SUP-001,COM-KHI-01,ING-004,9157.05,472.7,4328543.31,30
PO-000237,2025-06-09,2025-06-11,SUP-001,COM-KHI-01,ING-004,5765.95,464.73,2679637.95,30
PO-000238,2025-06-12,2025-06-14,SUP-001,COM-KHI-01,ING-004,9561.07,481.04,4599302.65,30
PO-000239,2025-06-17,2025-06-19,SUP-001,COM-KHI-01,ING-004,5894.86,489.1,2883150.06,30
PO-000240,2025-06-18,2025-06-20,SUP-001,COM-KHI-01,ING-004,8193.71,484.87,3972855.39,30
PO-000241,2025-06-21,2025-06-23,SUP-001,COM-KHI-01,ING-004,8197.13,480.25,3936695.4,30
PO-000242,2025-06-24,2025-06-26,SUP-001,COM-KHI-01,ING-004,6337.77,472.89,2997055.4,30
PO-000243,2025-06-28,2025-06-30,SUP-001,COM-KHI-01,ING-004,10025.51,459.39,4605608.72,30
PO-000244,2025-06-30,2025-07-02,SUP-001,COM-KHI-01,ING-004,1684.38,476.14,801996.27,30
PO-000245,2025-01-01,2025-01-03,SUP-001,COM-KHI-01,ING-005,6992.06,485.27,3393059.43,30
PO-000246,2025-01-05,2025-01-07,SUP-001,COM-KHI-01,ING-005,6874.8,499.38,3433136.64,30
PO-000247,2025-01-07,2025-01-09,SUP-001,COM-KHI-01,ING-005,5473.43,484.8,2653522.22,30
PO-000248,2025-01-10,2025-01-12,SUP-001,COM-KHI-01,ING-005,8774.39,502.07,4405400.62,30
PO-000249,2025-01-13,2025-01-15,SUP-001,COM-KHI-01,ING-005,4481.87,517.21,2318079.82,30
PO-000250,2025-01-16,2025-01-18,SUP-001,COM-KHI-01,ING-005,8543.55,482.44,4121716.39,30
PO-000251,2025-01-19,2025-01-21,SUP-001,COM-KHI-01,ING-005,5548.96,517.16,2869688.17,30
PO-000252,2025-01-22,2025-01-24,SUP-001,COM-KHI-01,ING-005,6270.77,484.2,3036332.78,30
PO-000253,2025-01-25,2025-01-27,SUP-001,COM-KHI-01,ING-005,6507.33,517.19,3365527.48,30
PO-000254,2025-01-28,2025-01-30,SUP-001,COM-KHI-01,ING-005,5134.38,504.85,2592105.27,30
PO-000255,2025-01-31,2025-02-02,SUP-001,COM-KHI-01,ING-005,8871.16,482.63,4281504.99,30
PO-000256,2025-02-03,2025-02-05,SUP-001,COM-KHI-01,ING-005,5236.64,517.69,2710946.98,30
PO-000257,2025-02-07,2025-02-09,SUP-001,COM-KHI-01,ING-005,8329.28,528.97,4405973.18,30
PO-000258,2025-02-09,2025-02-11,SUP-001,COM-KHI-01,ING-005,4993.27,515.47,2573862.98,30
PO-000259,2025-02-13,2025-02-15,SUP-001,COM-KHI-01,ING-005,6887.67,497.02,3423313.14,30
PO-000260,2025-02-15,2025-02-17,SUP-001,COM-KHI-01,ING-005,7191.82,504.97,3631627.2,30
PO-000261,2025-02-18,2025-02-20,SUP-001,COM-KHI-01,ING-005,5261.07,495.27,2605659.15,30
PO-000262,2025-02-21,2025-02-23,SUP-001,COM-KHI-01,ING-005,8750.1,526.38,4605890.12,30
PO-000263,2025-02-24,2025-02-26,SUP-001,COM-KHI-01,ING-005,5032.63,521.13,2622652.67,30
PO-000264,2025-02-28,2025-03-02,SUP-001,COM-KHI-01,ING-005,10602.24,495.37,5252047.09,30
PO-000265,2025-03-02,2025-03-04,SUP-001,COM-KHI-01,ING-005,8866.13,560.22,4966959.38,30
PO-000266,2025-03-05,2025-03-07,SUP-001,COM-KHI-01,ING-005,11979.47,599.96,7187226.12,30
PO-000267,2025-03-08,2025-03-10,SUP-001,COM-KHI-01,ING-005,12542.9,574.58,7206837.66,30
PO-000268,2025-03-11,2025-03-13,SUP-001,COM-KHI-01,ING-005,9628.87,595.73,5736216.05,30
PO-000269,2025-03-14,2025-03-16,SUP-001,COM-KHI-01,ING-005,14786.53,556.31,8225925.37,30
PO-000270,2025-03-17,2025-03-19,SUP-001,COM-KHI-01,ING-005,8212.9,558.27,4585028.31,30
PO-000271,2025-03-20,2025-03-22,SUP-001,COM-KHI-01,ING-005,14214.62,574.35,8164169.69,30
PO-000272,2025-03-23,2025-03-25,SUP-001,COM-KHI-01,ING-005,9684.91,574.19,5560950.46,30
PO-000273,2025-03-26,2025-03-28,SUP-001,COM-KHI-01,ING-005,12164.91,582.14,7081684.07,30
PO-000274,2025-03-29,2025-03-31,SUP-001,COM-KHI-01,ING-005,11465.18,570.91,6545635.0,30
PO-000275,2025-04-01,2025-04-03,SUP-001,COM-KHI-01,ING-005,6624.72,550.94,3649839.19,30
PO-000276,2025-04-04,2025-04-06,SUP-001,COM-KHI-01,ING-005,8567.6,557.92,4780006.01,30
PO-000277,2025-04-07,2025-04-09,SUP-001,COM-KHI-01,ING-005,5126.25,549.49,2816843.13,30
PO-000278,2025-04-10,2025-04-12,SUP-001,COM-KHI-01,ING-005,8753.98,524.86,4594635.05,30
PO-000279,2025-04-13,2025-04-15,SUP-001,COM-KHI-01,ING-005,6340.41,563.31,3571601.69,30
PO-000280,2025-04-16,2025-04-18,SUP-001,COM-KHI-01,ING-005,7568.08,553.47,4188704.68,30
PO-000281,2025-04-19,2025-04-21,SUP-001,COM-KHI-01,ING-005,7880.94,562.43,4432463.18,30
PO-000282,2025-04-22,2025-04-24,SUP-001,COM-KHI-01,ING-005,6085.75,521.61,3174388.1,30
PO-000283,2025-04-26,2025-04-28,SUP-001,COM-KHI-01,ING-005,9681.9,531.86,5149395.91,30
PO-000284,2025-04-28,2025-04-30,SUP-001,COM-KHI-01,ING-005,5608.69,517.82,2904287.97,30
PO-000285,2025-05-01,2025-05-03,SUP-001,COM-KHI-01,ING-005,8762.88,464.53,4070611.73,30
PO-000286,2025-05-04,2025-05-06,SUP-001,COM-KHI-01,ING-005,6280.48,454.16,2852325.02,30
PO-000287,2025-05-07,2025-05-09,SUP-001,COM-KHI-01,ING-005,7114.95,493.05,3508009.36,30
PO-000288,2025-05-10,2025-05-12,SUP-001,COM-KHI-01,ING-005,8171.6,471.17,3850188.12,30
PO-000289,2025-05-13,2025-05-15,SUP-001,COM-KHI-01,ING-005,5857.03,449.37,2631997.33,30
PO-000290,2025-05-16,2025-05-18,SUP-001,COM-KHI-01,ING-005,8961.8,468.7,4200354.08,30
PO-000291,2025-05-19,2025-05-21,SUP-001,COM-KHI-01,ING-005,4684.13,470.43,2203563.11,30
PO-000292,2025-05-23,2025-05-25,SUP-001,COM-KHI-01,ING-005,8036.12,462.71,3718376.81,30
PO-000293,2025-05-27,2025-05-29,SUP-001,COM-KHI-01,ING-005,5151.77,467.28,2407301.17,30
PO-000294,2025-05-28,2025-05-30,SUP-001,COM-KHI-01,ING-005,6459.84,458.52,2961981.12,30
PO-000295,2025-05-31,2025-06-02,SUP-001,COM-KHI-01,ING-005,6810.41,481.38,3278401.14,30
PO-000296,2025-06-04,2025-06-06,SUP-001,COM-KHI-01,ING-005,5217.2,475.39,2480219.58,30
PO-000297,2025-06-06,2025-06-08,SUP-001,COM-KHI-01,ING-005,8182.68,449.53,3678347.73,30
PO-000298,2025-06-09,2025-06-11,SUP-001,COM-KHI-01,ING-005,4713.05,457.33,2155421.62,30
PO-000299,2025-06-12,2025-06-14,SUP-001,COM-KHI-01,ING-005,8377.45,467.29,3914673.69,30
PO-000300,2025-06-17,2025-06-19,SUP-001,COM-KHI-01,ING-005,5286.55,463.62,2450924.23,30
PO-000301,2025-06-18,2025-06-20,SUP-001,COM-KHI-01,ING-005,7004.56,442.47,3099329.63,30
PO-000302,2025-06-21,2025-06-23,SUP-001,COM-KHI-01,ING-005,6756.45,459.41,3103977.05,30
PO-000303,2025-06-24,2025-06-26,SUP-001,COM-KHI-01,ING-005,5497.19,460.82,2533194.78,30
PO-000304,2025-06-27,2025-06-29,SUP-001,COM-KHI-01,ING-005,8332.47,452.84,3773244.57,30
PO-000305,2025-06-30,2025-07-02,SUP-001,COM-KHI-01,ING-005,1620.2,466.28,755463.73,30
PO-000306,2025-01-01,2025-01-03,SUP-001,COM-KHI-01,ING-006,2422.06,714.58,1730756.31,30
PO-000307,2025-01-04,2025-01-06,SUP-001,COM-KHI-01,ING-006,2375.51,722.91,1717277.2,30
PO-000308,2025-01-07,2025-01-09,SUP-001,COM-KHI-01,ING-006,2060.21,696.98,1435930.52,30
PO-000309,2025-01-11,2025-01-13,SUP-001,COM-KHI-01,ING-006,2882.98,695.91,2006288.3,30
PO-000310,2025-01-13,2025-01-15,SUP-001,COM-KHI-01,ING-006,1885.6,703.13,1325823.01,30
PO-000311,2025-01-16,2025-01-18,SUP-001,COM-KHI-01,ING-006,3007.79,680.18,2045835.11,30
PO-000312,2025-01-19,2025-01-21,SUP-001,COM-KHI-01,ING-006,2122.3,678.7,1440408.07,30
PO-000313,2025-01-22,2025-01-24,SUP-001,COM-KHI-01,ING-006,2542.7,683.86,1738858.31,30
PO-000314,2025-01-25,2025-01-27,SUP-001,COM-KHI-01,ING-006,2491.27,710.82,1770845.1,30
PO-000315,2025-01-28,2025-01-30,SUP-001,COM-KHI-01,ING-006,1948.23,676.63,1318225.25,30
PO-000316,2025-01-31,2025-02-02,SUP-001,COM-KHI-01,ING-006,2975.58,671.31,1997536.05,30
PO-000317,2025-02-03,2025-02-05,SUP-001,COM-KHI-01,ING-006,1872.55,750.48,1405308.79,30
PO-000318,2025-02-06,2025-02-08,SUP-001,COM-KHI-01,ING-006,2755.58,747.16,2058849.97,30
PO-000319,2025-02-09,2025-02-11,SUP-001,COM-KHI-01,ING-006,2094.06,746.86,1563965.63,30
PO-000320,2025-02-12,2025-02-14,SUP-001,COM-KHI-01,ING-006,2316.09,750.81,1738943.41,30
PO-000321,2025-02-15,2025-02-17,SUP-001,COM-KHI-01,ING-006,2409.24,741.95,1787541.46,30
PO-000322,2025-02-18,2025-02-20,SUP-001,COM-KHI-01,ING-006,1975.87,716.5,1415708.39,30
PO-000323,2025-02-21,2025-02-23,SUP-001,COM-KHI-01,ING-006,3012.92,726.43,2188676.86,30
PO-000324,2025-02-24,2025-02-26,SUP-001,COM-KHI-01,ING-006,1884.35,725.53,1367163.69,30
PO-000325,2025-02-27,2025-03-01,SUP-001,COM-KHI-01,ING-006,3543.6,724.11,2565963.75,30
PO-000326,2025-03-02,2025-03-04,SUP-001,COM-KHI-01,ING-006,3059.79,818.47,2504339.84,30
PO-000327,2025-03-05,2025-03-07,SUP-001,COM-KHI-01,ING-006,3584.87,838.31,3005243.65,30
PO-000328,2025-03-10,2025-03-12,SUP-001,COM-KHI-01,ING-006,3825.08,805.76,3082093.73,30
PO-000329,2025-03-11,2025-03-13,SUP-001,COM-KHI-01,ING-006,3142.4,832.0,2614458.98,30
PO-000330,2025-03-14,2025-03-16,SUP-001,COM-KHI-01,ING-006,4835.31,833.08,4028201.93,30
PO-000331,2025-03-17,2025-03-19,SUP-001,COM-KHI-01,ING-006,2944.47,800.54,2357165.01,30
PO-000332,2025-03-22,2025-03-24,SUP-001,COM-KHI-01,ING-006,4471.92,781.05,3492809.56,30
PO-000333,2025-03-23,2025-03-25,SUP-001,COM-KHI-01,ING-006,3442.45,844.87,2908415.81,30
PO-000334,2025-03-26,2025-03-28,SUP-001,COM-KHI-01,ING-006,3993.85,792.84,3166467.58,30
PO-000335,2025-03-29,2025-03-31,SUP-001,COM-KHI-01,ING-006,3975.0,799.76,3179033.2,30
PO-000336,2025-04-01,2025-04-03,SUP-001,COM-KHI-01,ING-006,2559.89,736.19,1884564.06,30
PO-000337,2025-04-04,2025-04-06,SUP-001,COM-KHI-01,ING-006,2961.87,753.34,2231307.56,30
PO-000338,2025-04-09,2025-04-11,SUP-001,COM-KHI-01,ING-006,1961.31,777.02,1523968.08,30
PO-000339,2025-04-10,2025-04-12,SUP-001,COM-KHI-01,ING-006,3226.58,775.32,2501622.04,30
PO-000340,2025-04-13,2025-04-15,SUP-001,COM-KHI-01,ING-006,2356.96,734.84,1731986.69,30
PO-000341,2025-04-16,2025-04-18,SUP-001,COM-KHI-01,ING-006,2655.45,794.43,2109577.33,30
PO-000342,2025-04-19,2025-04-21,SUP-001,COM-KHI-01,ING-006,2933.3,780.98,2290858.23,30
PO-000343,2025-04-22,2025-04-24,SUP-001,COM-KHI-01,ING-006,2211.83,781.39,1728295.54,30
PO-000344,2025-04-25,2025-04-27,SUP-001,COM-KHI-01,ING-006,3401.42,782.1,2660243.75,30
PO-000345,2025-04-28,2025-04-30,SUP-001,COM-KHI-01,ING-006,2224.52,732.62,1629727.39,30
PO-000346,2025-05-01,2025-05-03,SUP-001,COM-KHI-01,ING-006,3404.16,655.03,2229819.34,30
PO-000347,2025-05-06,2025-05-08,SUP-001,COM-KHI-01,ING-006,2246.9,670.62,1506822.75,30
PO-000348,2025-05-07,2025-05-09,SUP-001,COM-KHI-01,ING-006,2865.67,687.69,1970709.8,30
PO-000349,2025-05-10,2025-05-12,SUP-001,COM-KHI-01,ING-006,2761.21,627.98,1733968.71,30
PO-000350,2025-05-13,2025-05-15,SUP-001,COM-KHI-01,ING-006,2129.17,625.33,1331422.63,30
PO-000351,2025-05-16,2025-05-18,SUP-001,COM-KHI-01,ING-006,3169.12,648.66,2055675.91,30
PO-000352,2025-05-19,2025-05-21,SUP-001,COM-KHI-01,ING-006,1771.6,671.73,1190043.0,30
PO-000353,2025-05-23,2025-05-25,SUP-001,COM-KHI-01,ING-006,2777.7,637.78,1771563.27,30
PO-000354,2025-05-25,2025-05-27,SUP-001,COM-KHI-01,ING-006,1941.46,650.18,1262287.72,30
PO-000355,2025-05-28,2025-05-30,SUP-001,COM-KHI-01,ING-006,2526.88,682.56,1724753.0,30
PO-000356,2025-05-31,2025-06-02,SUP-001,COM-KHI-01,ING-006,2519.53,664.13,1673296.19,30
PO-000357,2025-06-03,2025-06-05,SUP-001,COM-KHI-01,ING-006,1893.4,622.29,1178253.67,30
PO-000358,2025-06-06,2025-06-08,SUP-001,COM-KHI-01,ING-006,3187.56,627.95,2001616.87,30
PO-000359,2025-06-09,2025-06-11,SUP-001,COM-KHI-01,ING-006,1804.77,636.75,1149177.21,30
PO-000360,2025-06-12,2025-06-14,SUP-001,COM-KHI-01,ING-006,2974.68,664.95,1978028.21,30
PO-000361,2025-06-15,2025-06-17,SUP-001,COM-KHI-01,ING-006,1950.45,630.0,1228775.62,30
PO-000362,2025-06-18,2025-06-20,SUP-001,COM-KHI-01,ING-006,2435.11,666.37,1622677.72,30
PO-000363,2025-06-21,2025-06-23,SUP-001,COM-KHI-01,ING-006,2544.15,636.84,1620223.7,30
PO-000364,2025-06-25,2025-06-27,SUP-001,COM-KHI-01,ING-006,2004.53,618.39,1239577.95,30
PO-000365,2025-06-27,2025-06-29,SUP-001,COM-KHI-01,ING-006,3175.8,653.32,2074797.06,30
PO-000366,2025-06-30,2025-07-02,SUP-001,COM-KHI-01,ING-006,556.16,615.65,342403.2,30
PO-000367,2025-01-03,2025-01-05,SUP-001,DIRECT-Federal,ING-001,1013.72,727.91,737903.29,30
PO-000368,2025-01-04,2025-01-06,SUP-001,DIRECT-Federal,ING-001,923.4,698.5,644992.48,30
PO-000369,2025-01-07,2025-01-09,SUP-001,DIRECT-Federal,ING-001,822.3,712.75,586090.03,30
PO-000370,2025-01-12,2025-01-14,SUP-001,DIRECT-Federal,ING-001,990.21,747.02,739700.64,30
PO-000371,2025-01-13,2025-01-15,SUP-001,DIRECT-Federal,ING-001,847.3,693.34,587466.65,30
PO-000372,2025-01-18,2025-01-20,SUP-001,DIRECT-Federal,ING-001,961.44,708.97,681632.51,30
PO-000373,2025-01-19,2025-01-21,SUP-001,DIRECT-Federal,ING-001,723.84,689.37,498996.59,30
PO-000374,2025-01-22,2025-01-24,SUP-001,DIRECT-Federal,ING-001,1034.67,695.97,720098.29,30
PO-000375,2025-01-25,2025-01-27,SUP-001,DIRECT-Federal,ING-001,852.73,724.26,617605.14,30
PO-000376,2025-01-28,2025-01-30,SUP-001,DIRECT-Federal,ING-001,928.19,714.39,663088.54,30
PO-000377,2025-01-31,2025-02-02,SUP-001,DIRECT-Federal,ING-001,1008.5,721.24,727376.27,30
PO-000378,2025-02-03,2025-02-05,SUP-001,DIRECT-Federal,ING-001,882.99,789.68,697279.33,30
PO-000379,2025-02-06,2025-02-08,SUP-001,DIRECT-Federal,ING-001,992.19,723.68,718026.83,30
PO-000380,2025-02-10,2025-02-12,SUP-001,DIRECT-Federal,ING-001,810.14,773.32,626495.67,30
PO-000381,2025-02-14,2025-02-16,SUP-001,DIRECT-Federal,ING-001,1051.53,787.13,827695.58,30
PO-000382,2025-02-15,2025-02-17,SUP-001,DIRECT-Federal,ING-001,956.96,760.62,727876.15,30
PO-000383,2025-02-18,2025-02-20,SUP-001,DIRECT-Federal,ING-001,890.03,770.39,685668.87,30
PO-000384,2025-02-21,2025-02-23,SUP-001,DIRECT-Federal,ING-001,1033.4,765.45,791017.95,30
PO-000385,2025-02-24,2025-02-26,SUP-001,DIRECT-Federal,ING-001,820.49,740.43,607520.27,30
PO-000386,2025-02-27,2025-03-01,SUP-001,DIRECT-Federal,ING-001,1114.41,777.46,866403.67,30
PO-000387,2025-03-02,2025-03-04,SUP-001,DIRECT-Federal,ING-001,1091.92,854.08,932592.98,30
PO-000388,2025-03-05,2025-03-07,SUP-001,DIRECT-Federal,ING-001,1441.54,872.96,1258404.4,30
PO-000389,2025-03-08,2025-03-10,SUP-001,DIRECT-Federal,ING-001,1197.86,818.34,980251.62,30
PO-000390,2025-03-12,2025-03-14,SUP-001,DIRECT-Federal,ING-001,1141.25,808.04,922177.3,30
PO-000391,2025-03-14,2025-03-16,SUP-001,DIRECT-Federal,ING-001,1375.39,891.32,1225911.64,30
PO-000392,2025-03-17,2025-03-19,SUP-001,DIRECT-Federal,ING-001,1165.93,842.98,982856.41,30
PO-000393,2025-03-20,2025-03-22,SUP-001,DIRECT-Federal,ING-001,1353.0,883.38,1195215.18,30
PO-000394,2025-03-23,2025-03-25,SUP-001,DIRECT-Federal,ING-001,1127.18,886.68,999457.16,30
PO-000395,2025-03-26,2025-03-28,SUP-001,DIRECT-Federal,ING-001,1288.96,837.39,1079361.29,30
PO-000396,2025-03-29,2025-03-31,SUP-001,DIRECT-Federal,ING-001,1167.73,876.07,1023013.85,30
PO-000397,2025-04-01,2025-04-03,SUP-001,DIRECT-Federal,ING-001,1130.24,783.35,885377.08,30
PO-000398,2025-04-04,2025-04-06,SUP-001,DIRECT-Federal,ING-001,1052.76,814.89,857883.7,30
PO-000399,2025-04-07,2025-04-09,SUP-001,DIRECT-Federal,ING-001,911.2,829.38,755734.01,30
PO-000400,2025-04-10,2025-04-12,SUP-001,DIRECT-Federal,ING-001,1047.71,811.66,850382.76,30
PO-000401,2025-04-13,2025-04-15,SUP-001,DIRECT-Federal,ING-001,919.44,797.94,733655.64,30
PO-000402,2025-04-16,2025-04-18,SUP-001,DIRECT-Federal,ING-001,1219.63,777.21,947914.24,30
PO-000403,2025-04-19,2025-04-21,SUP-001,DIRECT-Federal,ING-001,1066.08,759.08,809244.22,30
PO-000404,2025-04-22,2025-04-24,SUP-001,DIRECT-Federal,ING-001,1001.9,818.05,819606.41,30
PO-000405,2025-04-25,2025-04-27,SUP-001,DIRECT-Federal,ING-001,1192.05,795.41,948163.69,30
PO-000406,2025-04-28,2025-04-30,SUP-001,DIRECT-Federal,ING-001,974.73,786.77,766885.93,30
PO-000407,2025-05-01,2025-05-03,SUP-001,DIRECT-Federal,ING-001,1161.2,656.46,762286.09,30
PO-000408,2025-05-04,2025-05-06,SUP-001,DIRECT-Federal,ING-001,805.39,696.83,561214.26,30
PO-000409,2025-05-07,2025-05-09,SUP-001,DIRECT-Federal,ING-001,1045.18,699.9,731516.41,30
PO-000410,2025-05-10,2025-05-12,SUP-001,DIRECT-Federal,ING-001,1010.01,654.57,661125.31,30
PO-000411,2025-05-13,2025-05-15,SUP-001,DIRECT-Federal,ING-001,1020.07,660.01,673258.25,30
PO-000412,2025-05-16,2025-05-18,SUP-001,DIRECT-Federal,ING-001,1038.72,655.59,680973.28,30
PO-000413,2025-05-19,2025-05-21,SUP-001,DIRECT-Federal,ING-001,777.81,678.36,527633.84,30
PO-000414,2025-05-22,2025-05-24,SUP-001,DIRECT-Federal,ING-001,978.07,667.43,652794.71,30
PO-000415,2025-05-25,2025-05-27,SUP-001,DIRECT-Federal,ING-001,727.61,670.04,487528.2,30
PO-000416,2025-05-28,2025-05-30,SUP-001,DIRECT-Federal,ING-001,1005.69,701.33,705321.53,30
PO-000417,2025-05-31,2025-06-02,SUP-001,DIRECT-Federal,ING-001,900.18,712.66,641515.09,30
PO-000418,2025-06-03,2025-06-05,SUP-001,DIRECT-Federal,ING-001,860.92,647.4,557358.28,30
PO-000419,2025-06-06,2025-06-08,SUP-001,DIRECT-Federal,ING-001,1045.44,689.83,721173.53,30
PO-000420,2025-06-10,2025-06-12,SUP-001,DIRECT-Federal,ING-001,819.74,658.2,539554.78,30
PO-000421,2025-06-12,2025-06-14,SUP-001,DIRECT-Federal,ING-001,1031.68,638.75,658989.44,30
PO-000422,2025-06-15,2025-06-17,SUP-001,DIRECT-Federal,ING-001,777.25,644.48,500917.47,30
PO-000423,2025-06-19,2025-06-21,SUP-001,DIRECT-Federal,ING-001,933.22,686.33,640500.84,30
PO-000424,2025-06-22,2025-06-24,SUP-001,DIRECT-Federal,ING-001,910.65,633.09,576526.55,30
PO-000425,2025-06-26,2025-06-28,SUP-001,DIRECT-Federal,ING-001,870.4,683.65,595049.53,30
PO-000426,2025-06-27,2025-06-29,SUP-001,DIRECT-Federal,ING-001,1076.37,675.02,726574.58,30
PO-000427,2025-06-30,2025-07-02,SUP-001,DIRECT-Federal,ING-001,234.44,667.79,156555.08,30
PO-000428,2025-01-02,2025-01-04,SUP-001,DIRECT-Federal,ING-002,1441.49,601.07,866436.7,30
PO-000429,2025-01-04,2025-01-06,SUP-001,DIRECT-Federal,ING-002,1453.13,571.56,830544.41,30
PO-000430,2025-01-07,2025-01-09,SUP-001,DIRECT-Federal,ING-002,1063.88,557.53,593142.21,30
PO-000431,2025-01-12,2025-01-14,SUP-001,DIRECT-Federal,ING-002,1585.88,581.85,922751.79,30
PO-000432,2025-01-13,2025-01-15,SUP-001,DIRECT-Federal,ING-002,992.82,585.23,581027.25,30
PO-000433,2025-01-16,2025-01-18,SUP-001,DIRECT-Federal,ING-002,1640.77,598.31,981688.2,30
PO-000434,2025-01-19,2025-01-21,SUP-001,DIRECT-Federal,ING-002,1062.78,604.32,642262.02,30
PO-000435,2025-01-22,2025-01-24,SUP-001,DIRECT-Federal,ING-002,1335.67,594.37,793887.17,30
PO-000436,2025-01-25,2025-01-27,SUP-001,DIRECT-Federal,ING-002,1310.92,591.85,775867.06,30
PO-000437,2025-01-28,2025-01-30,SUP-001,DIRECT-Federal,ING-002,1036.18,568.26,588819.67,30
PO-000438,2025-01-31,2025-02-02,SUP-001,DIRECT-Federal,ING-002,1617.89,594.07,961138.01,30
PO-000439,2025-02-03,2025-02-05,SUP-001,DIRECT-Federal,ING-002,1081.73,596.22,644950.05,30
PO-000440,2025-02-06,2025-02-08,SUP-001,DIRECT-Federal,ING-002,1638.73,637.42,1044554.31,30
PO-000441,2025-02-09,2025-02-11,SUP-001,DIRECT-Federal,ING-002,1117.66,604.57,675701.91,30
PO-000442,2025-02-12,2025-02-14,SUP-001,DIRECT-Federal,ING-002,1401.44,604.9,847731.57,30
PO-000443,2025-02-15,2025-02-17,SUP-001,DIRECT-Federal,ING-002,1397.56,628.02,877698.65,30
PO-000444,2025-02-18,2025-02-20,SUP-001,DIRECT-Federal,ING-002,1048.27,619.84,649759.09,30
PO-000445,2025-02-21,2025-02-23,SUP-001,DIRECT-Federal,ING-002,1613.09,586.02,945306.22,30
PO-000446,2025-02-24,2025-02-26,SUP-001,DIRECT-Federal,ING-002,909.0,617.99,561755.11,30
PO-000447,2025-02-27,2025-03-01,SUP-001,DIRECT-Federal,ING-002,2005.71,613.01,1229524.64,30
PO-000448,2025-03-02,2025-03-04,SUP-001,DIRECT-Federal,ING-002,1760.95,689.32,1213853.94,30
PO-000449,2025-03-05,2025-03-07,SUP-001,DIRECT-Federal,ING-002,2229.26,708.94,1580409.71,30
PO-000450,2025-03-09,2025-03-11,SUP-001,DIRECT-Federal,ING-002,2532.48,655.92,1661111.54,30
PO-000451,2025-03-11,2025-03-13,SUP-001,DIRECT-Federal,ING-002,1882.39,659.09,1240671.7,30
PO-000452,2025-03-14,2025-03-16,SUP-001,DIRECT-Federal,ING-002,3047.86,661.92,2017428.81,30
PO-000453,2025-03-18,2025-03-20,SUP-001,DIRECT-Federal,ING-002,1609.06,668.06,1074958.39,30
PO-000454,2025-03-20,2025-03-22,SUP-001,DIRECT-Federal,ING-002,2833.47,665.0,1884251.79,30
PO-000455,2025-03-24,2025-03-26,SUP-001,DIRECT-Federal,ING-002,2006.81,705.77,1416333.88,30
PO-000456,2025-03-26,2025-03-28,SUP-001,DIRECT-Federal,ING-002,2320.07,705.83,1637566.55,30
PO-000457,2025-03-29,2025-03-31,SUP-001,DIRECT-Federal,ING-002,2236.1,664.76,1486470.41,30
PO-000458,2025-04-01,2025-04-03,SUP-001,DIRECT-Federal,ING-002,1373.45,614.18,843543.99,30
PO-000459,2025-04-04,2025-04-06,SUP-001,DIRECT-Federal,ING-002,1807.37,646.6,1168637.76,30
PO-000460,2025-04-07,2025-04-09,SUP-001,DIRECT-Federal,ING-002,1090.48,632.2,689401.73,30
PO-000461,2025-04-10,2025-04-12,SUP-001,DIRECT-Federal,ING-002,1755.1,662.0,1161866.3,30
PO-000462,2025-04-13,2025-04-15,SUP-001,DIRECT-Federal,ING-002,1274.21,632.11,805433.71,30
PO-000463,2025-04-17,2025-04-19,SUP-001,DIRECT-Federal,ING-002,1596.69,607.37,969780.47,30
PO-000464,2025-04-19,2025-04-21,SUP-001,DIRECT-Federal,ING-002,1525.81,629.51,960515.91,30
PO-000465,2025-04-22,2025-04-24,SUP-001,DIRECT-Federal,ING-002,1201.13,655.9,787817.1,30
PO-000466,2025-04-25,2025-04-27,SUP-001,DIRECT-Federal,ING-002,1987.56,641.92,1275856.12,30
PO-000467,2025-04-28,2025-04-30,SUP-001,DIRECT-Federal,ING-002,1207.51,609.08,735474.02,30
PO-000468,2025-05-01,2025-05-03,SUP-001,DIRECT-Federal,ING-002,2000.08,535.02,1070086.69,30
PO-000469,2025-05-04,2025-05-06,SUP-001,DIRECT-Federal,ING-002,1138.63,563.32,641412.18,30
PO-000470,2025-05-07,2025-05-09,SUP-001,DIRECT-Federal,ING-002,1508.74,550.47,830510.94,30
PO-000471,2025-05-11,2025-05-13,SUP-001,DIRECT-Federal,ING-002,1616.41,573.89,927639.19,30
PO-000472,2025-05-13,2025-05-15,SUP-001,DIRECT-Federal,ING-002,1239.29,544.98,675384.32,30
PO-000473,2025-05-17,2025-05-19,SUP-001,DIRECT-Federal,ING-002,1635.2,563.07,920721.86,30
PO-000474,2025-05-19,2025-05-21,SUP-001,DIRECT-Federal,ING-002,943.43,530.71,500689.54,30
PO-000475,2025-05-22,2025-05-24,SUP-001,DIRECT-Federal,ING-002,1549.91,532.11,824728.64,30
PO-000476,2025-05-25,2025-05-27,SUP-001,DIRECT-Federal,ING-002,1026.93,543.53,558164.82,30
PO-000477,2025-05-28,2025-05-30,SUP-001,DIRECT-Federal,ING-002,1297.16,567.22,735769.28,30
PO-000478,2025-05-31,2025-06-02,SUP-001,DIRECT-Federal,ING-002,1406.09,526.58,740421.17,30
PO-000479,2025-06-03,2025-06-05,SUP-001,DIRECT-Federal,ING-002,1018.37,519.44,528985.06,30
PO-000480,2025-06-07,2025-06-09,SUP-001,DIRECT-Federal,ING-002,1662.26,554.09,921035.24,30
PO-000481,2025-06-09,2025-06-11,SUP-001,DIRECT-Federal,ING-002,1031.65,519.53,535974.39,30
PO-000482,2025-06-12,2025-06-14,SUP-001,DIRECT-Federal,ING-002,1612.85,528.51,852404.59,30
PO-000483,2025-06-15,2025-06-17,SUP-001,DIRECT-Federal,ING-002,1098.41,538.69,591697.78,30
PO-000484,2025-06-18,2025-06-20,SUP-001,DIRECT-Federal,ING-002,1428.67,527.96,754286.26,30
PO-000485,2025-06-21,2025-06-23,SUP-001,DIRECT-Federal,ING-002,1343.88,536.98,721635.73,30
PO-000486,2025-06-25,2025-06-27,SUP-001,DIRECT-Federal,ING-002,1146.1,547.21,627156.0,30
PO-000487,2025-06-27,2025-06-29,SUP-001,DIRECT-Federal,ING-002,1741.48,526.05,916109.17,30
PO-000488,2025-06-30,2025-07-02,SUP-001,DIRECT-Federal,ING-002,304.36,512.59,156013.7,30
PO-000489,2025-01-01,2025-01-03,SUP-002,DIRECT-Federal,ING-003,477.85,518.99,247998.61,30
PO-000490,2025-01-04,2025-01-06,SUP-002,DIRECT-Federal,ING-003,455.36,538.04,245003.66,30
PO-000491,2025-01-07,2025-01-09,SUP-002,DIRECT-Federal,ING-003,357.6,550.88,196992.79,30
PO-000492,2025-01-10,2025-01-12,SUP-002,DIRECT-Federal,ING-003,512.63,541.98,277835.43,30
PO-000493,2025-01-13,2025-01-15,SUP-002,DIRECT-Federal,ING-003,361.13,544.41,196601.07,30
PO-000494,2025-01-16,2025-01-18,SUP-002,DIRECT-Federal,ING-003,516.32,540.08,278854.32,30
PO-000495,2025-01-19,2025-01-21,SUP-002,DIRECT-Federal,ING-003,397.51,513.19,203998.53,30
PO-000496,2025-01-23,2025-01-25,SUP-002,DIRECT-Federal,ING-003,426.97,553.81,236460.57,30
PO-000497,2025-01-25,2025-01-27,SUP-002,DIRECT-Federal,ING-003,424.9,516.63,219515.8,30
PO-000498,2025-01-28,2025-01-30,SUP-002,DIRECT-Federal,ING-003,396.45,536.23,212586.82,30
PO-000499,2025-01-31,2025-02-02,SUP-002,DIRECT-Federal,ING-003,525.28,564.54,296538.21,30
PO-000500,2025-02-03,2025-02-05,SUP-002,DIRECT-Federal,ING-003,378.83,563.34,213409.77,30
PO-000501,2025-02-06,2025-02-08,SUP-002,DIRECT-Federal,ING-003,510.64,547.93,279793.24,30
PO-000502,2025-02-10,2025-02-12,SUP-002,DIRECT-Federal,ING-003,420.86,552.49,232518.24,30
PO-000503,2025-02-12,2025-02-14,SUP-002,DIRECT-Federal,ING-003,482.94,590.56,285203.08,30
PO-000504,2025-02-15,2025-02-17,SUP-002,DIRECT-Federal,ING-003,439.47,545.25,239620.84,30
PO-000505,2025-02-18,2025-02-20,SUP-002,DIRECT-Federal,ING-003,371.52,565.9,210246.61,30
PO-000506,2025-02-21,2025-02-23,SUP-002,DIRECT-Federal,ING-003,559.98,556.31,311519.49,30
PO-000507,2025-02-24,2025-02-26,SUP-002,DIRECT-Federal,ING-003,366.8,578.3,212123.01,30
PO-000508,2025-02-27,2025-03-01,SUP-002,DIRECT-Federal,ING-003,558.69,549.87,307210.01,30
PO-000509,2025-03-02,2025-03-04,SUP-002,DIRECT-Federal,ING-003,560.88,630.99,353910.09,30
PO-000510,2025-03-05,2025-03-07,SUP-002,DIRECT-Federal,ING-003,564.6,618.46,349186.07,30
PO-000511,2025-03-08,2025-03-10,SUP-002,DIRECT-Federal,ING-003,603.56,632.14,381531.81,30
PO-000512,2025-03-11,2025-03-13,SUP-002,DIRECT-Federal,ING-003,490.29,617.0,302509.48,30
PO-000513,2025-03-14,2025-03-16,SUP-002,DIRECT-Federal,ING-003,645.01,661.05,426388.64,30
PO-000514,2025-03-17,2025-03-19,SUP-002,DIRECT-Federal,ING-003,493.64,643.8,317803.77,30
PO-000515,2025-03-22,2025-03-24,SUP-002,DIRECT-Federal,ING-003,639.05,642.34,410485.78,30
PO-000516,2025-03-23,2025-03-25,SUP-002,DIRECT-Federal,ING-003,539.94,625.5,337734.12,30
PO-000517,2025-03-26,2025-03-28,SUP-002,DIRECT-Federal,ING-003,603.35,650.06,392216.12,30
PO-000518,2025-03-30,2025-04-01,SUP-002,DIRECT-Federal,ING-003,610.01,636.1,388028.82,30
PO-000519,2025-04-01,2025-04-03,SUP-002,DIRECT-Federal,ING-003,481.16,581.32,279710.22,30
PO-000520,2025-04-04,2025-04-06,SUP-002,DIRECT-Federal,ING-003,513.05,618.34,317236.8,30
PO-000521,2025-04-07,2025-04-09,SUP-002,DIRECT-Federal,ING-003,352.14,619.55,218169.36,30
PO-000522,2025-04-10,2025-04-12,SUP-002,DIRECT-Federal,ING-003,564.18,573.59,323608.9,30
PO-000523,2025-04-13,2025-04-15,SUP-002,DIRECT-Federal,ING-003,433.56,615.38,266805.6,30
PO-000524,2025-04-16,2025-04-18,SUP-002,DIRECT-Federal,ING-003,494.14,572.01,282654.41,30
PO-000525,2025-04-19,2025-04-21,SUP-002,DIRECT-Federal,ING-003,536.62,608.14,326339.53,30
PO-000526,2025-04-22,2025-04-24,SUP-002,DIRECT-Federal,ING-003,451.47,574.34,259296.99,30
PO-000527,2025-04-25,2025-04-27,SUP-002,DIRECT-Federal,ING-003,618.21,592.55,366318.97,30
PO-000528,2025-04-28,2025-04-30,SUP-002,DIRECT-Federal,ING-003,433.15,608.62,263627.9,30
PO-000529,2025-05-01,2025-05-03,SUP-002,DIRECT-Federal,ING-003,592.17,520.85,308432.75,30
PO-000530,2025-05-04,2025-05-06,SUP-002,DIRECT-Federal,ING-003,455.05,505.83,230177.39,30
PO-000531,2025-05-07,2025-05-09,SUP-002,DIRECT-Federal,ING-003,502.07,490.7,246365.37,30
PO-000532,2025-05-10,2025-05-12,SUP-002,DIRECT-Federal,ING-003,480.08,507.47,243628.25,30
PO-000533,2025-05-13,2025-05-15,SUP-002,DIRECT-Federal,ING-003,449.59,505.46,227250.74,30
PO-000534,2025-05-16,2025-05-18,SUP-002,DIRECT-Federal,ING-003,544.73,494.21,269209.43,30
PO-000535,2025-05-20,2025-05-22,SUP-002,DIRECT-Federal,ING-003,338.36,495.1,167521.62,30
PO-000536,2025-05-22,2025-05-24,SUP-002,DIRECT-Federal,ING-003,525.98,530.81,279196.02,30
PO-000537,2025-05-25,2025-05-27,SUP-002,DIRECT-Federal,ING-003,392.33,528.24,207246.9,30
PO-000538,2025-05-28,2025-05-30,SUP-002,DIRECT-Federal,ING-003,420.09,488.9,205384.97,30
PO-000539,2025-05-31,2025-06-02,SUP-002,DIRECT-Federal,ING-003,424.32,494.56,209851.52,30
PO-000540,2025-06-03,2025-06-05,SUP-002,DIRECT-Federal,ING-003,383.38,508.03,194772.05,30
PO-000541,2025-06-06,2025-06-08,SUP-002,DIRECT-Federal,ING-003,497.29,511.13,254179.33,30
PO-000542,2025-06-09,2025-06-11,SUP-002,DIRECT-Federal,ING-003,362.64,485.64,176112.19,30
PO-000543,2025-06-12,2025-06-14,SUP-002,DIRECT-Federal,ING-003,482.85,490.33,236751.37,30
PO-000544,2025-06-15,2025-06-17,SUP-002,DIRECT-Federal,ING-003,387.23,481.82,186572.24,30
PO-000545,2025-06-18,2025-06-20,SUP-002,DIRECT-Federal,ING-003,438.99,494.05,216881.35,30
PO-000546,2025-06-23,2025-06-25,SUP-002,DIRECT-Federal,ING-003,450.53,496.43,223657.66,30
PO-000547,2025-06-24,2025-06-26,SUP-002,DIRECT-Federal,ING-003,388.35,488.67,189777.97,30
PO-000548,2025-06-27,2025-06-29,SUP-002,DIRECT-Federal,ING-003,562.08,472.84,265776.31,30
PO-000549,2025-06-30,2025-07-02,SUP-002,DIRECT-Federal,ING-003,122.91,477.21,58652.63,30
PO-000550,2025-01-01,2025-01-03,SUP-001,DIRECT-Federal,ING-004,1951.75,510.24,995867.52,30
PO-000551,2025-01-04,2025-01-06,SUP-001,DIRECT-Federal,ING-004,1858.22,484.78,900824.35,30
PO-000552,2025-01-07,2025-01-09,SUP-001,DIRECT-Federal,ING-004,1403.41,516.57,724960.34,30
PO-000553,2025-01-10,2025-01-12,SUP-001,DIRECT-Federal,ING-004,2432.14,518.16,1260248.69,30
PO-000554,2025-01-13,2025-01-15,SUP-001,DIRECT-Federal,ING-004,1400.9,492.47,689908.3,30
PO-000555,2025-01-16,2025-01-18,SUP-001,DIRECT-Federal,ING-004,2170.02,525.95,1141320.94,30
PO-000556,2025-01-19,2025-01-21,SUP-001,DIRECT-Federal,ING-004,1415.02,507.08,717532.83,30
PO-000557,2025-01-22,2025-01-24,SUP-001,DIRECT-Federal,ING-004,1906.42,488.46,931214.18,30
PO-000558,2025-01-25,2025-01-27,SUP-001,DIRECT-Federal,ING-004,1989.89,491.18,977389.25,30
PO-000559,2025-01-28,2025-01-30,SUP-001,DIRECT-Federal,ING-004,1445.63,491.62,710707.63,30
PO-000560,2025-01-31,2025-02-02,SUP-001,DIRECT-Federal,ING-004,2393.65,498.19,1192484.61,30
PO-000561,2025-02-03,2025-02-05,SUP-001,DIRECT-Federal,ING-004,1422.6,526.34,748771.76,30
PO-000562,2025-02-06,2025-02-08,SUP-001,DIRECT-Federal,ING-004,2326.27,544.05,1265600.67,30
PO-000563,2025-02-09,2025-02-11,SUP-001,DIRECT-Federal,ING-004,1599.18,536.03,857208.19,30
PO-000564,2025-02-12,2025-02-14,SUP-001,DIRECT-Federal,ING-004,2024.55,523.75,1060365.37,30
PO-000565,2025-02-15,2025-02-17,SUP-001,DIRECT-Federal,ING-004,1818.81,523.23,951655.04,30
PO-000566,2025-02-18,2025-02-20,SUP-001,DIRECT-Federal,ING-004,1460.99,532.86,778501.81,30
PO-000567,2025-02-21,2025-02-23,SUP-001,DIRECT-Federal,ING-004,2460.41,526.1,1294422.16,30
PO-000568,2025-02-24,2025-02-26,SUP-001,DIRECT-Federal,ING-004,1460.9,538.84,787193.41,30
PO-000569,2025-02-27,2025-03-01,SUP-001,DIRECT-Federal,ING-004,3098.97,527.9,1635939.47,30
PO-000570,2025-03-02,2025-03-04,SUP-001,DIRECT-Federal,ING-004,2889.19,576.59,1665874.3,30
PO-000571,2025-03-05,2025-03-07,SUP-001,DIRECT-Federal,ING-004,3726.27,586.16,2184182.89,30
PO-000572,2025-03-08,2025-03-10,SUP-001,DIRECT-Federal,ING-004,3473.32,604.95,2101201.64,30
PO-000573,2025-03-11,2025-03-13,SUP-001,DIRECT-Federal,ING-004,2547.27,598.28,1523988.48,30
PO-000574,2025-03-14,2025-03-16,SUP-001,DIRECT-Federal,ING-004,4401.49,578.07,2544373.89,30
PO-000575,2025-03-17,2025-03-19,SUP-001,DIRECT-Federal,ING-004,2342.99,613.2,1436729.97,30
PO-000576,2025-03-20,2025-03-22,SUP-001,DIRECT-Federal,ING-004,3947.74,587.57,2319583.33,30
PO-000577,2025-03-23,2025-03-25,SUP-001,DIRECT-Federal,ING-004,2984.94,597.4,1783202.25,30
PO-000578,2025-03-26,2025-03-28,SUP-001,DIRECT-Federal,ING-004,3487.07,614.85,2144023.35,30
PO-000579,2025-03-29,2025-03-31,SUP-001,DIRECT-Federal,ING-004,3339.08,620.62,2072310.32,30
PO-000580,2025-04-01,2025-04-03,SUP-001,DIRECT-Federal,ING-004,1982.78,535.45,1061691.96,30
PO-000581,2025-04-04,2025-04-06,SUP-001,DIRECT-Federal,ING-004,2491.53,583.87,1454722.12,30
PO-000582,2025-04-09,2025-04-11,SUP-001,DIRECT-Federal,ING-004,1443.05,577.94,833988.63,30
PO-000583,2025-04-10,2025-04-12,SUP-001,DIRECT-Federal,ING-004,2588.56,582.86,1508763.42,30
PO-000584,2025-04-13,2025-04-15,SUP-001,DIRECT-Federal,ING-004,1595.0,548.38,874663.21,30
PO-000585,2025-04-16,2025-04-18,SUP-001,DIRECT-Federal,ING-004,2245.05,555.15,1246336.78,30
PO-000586,2025-04-19,2025-04-21,SUP-001,DIRECT-Federal,ING-004,2410.36,555.75,1339550.93,30
PO-000587,2025-04-22,2025-04-24,SUP-001,DIRECT-Federal,ING-004,1680.32,566.37,951690.31,30
PO-000588,2025-04-25,2025-04-27,SUP-001,DIRECT-Federal,ING-004,2905.31,566.46,1645739.86,30
PO-000589,2025-04-28,2025-04-30,SUP-001,DIRECT-Federal,ING-004,1692.46,581.7,984511.13,30
PO-000590,2025-05-01,2025-05-03,SUP-001,DIRECT-Federal,ING-004,2819.58,491.46,1385716.56,30
PO-000591,2025-05-05,2025-05-07,SUP-001,DIRECT-Federal,ING-004,1790.04,465.42,833113.82,30
PO-000592,2025-05-09,2025-05-11,SUP-001,DIRECT-Federal,ING-004,2264.14,466.26,1055687.85,30
PO-000593,2025-05-10,2025-05-12,SUP-001,DIRECT-Federal,ING-004,2200.0,484.2,1065236.5,30
PO-000594,2025-05-13,2025-05-15,SUP-001,DIRECT-Federal,ING-004,1696.65,498.5,845783.97,30
PO-000595,2025-05-18,2025-05-20,SUP-001,DIRECT-Federal,ING-004,2539.0,482.27,1224480.71,30
PO-000596,2025-05-21,2025-05-23,SUP-001,DIRECT-Federal,ING-004,1343.5,488.18,655877.31,30
PO-000597,2025-05-22,2025-05-24,SUP-001,DIRECT-Federal,ING-004,2443.15,481.13,1175469.01,30
PO-000598,2025-05-25,2025-05-27,SUP-001,DIRECT-Federal,ING-004,1517.12,480.54,729033.42,30
PO-000599,2025-05-28,2025-05-30,SUP-001,DIRECT-Federal,ING-004,1867.44,493.59,921755.88,30
PO-000600,2025-05-31,2025-06-02,SUP-001,DIRECT-Federal,ING-004,1874.45,465.09,871785.0,30
PO-000601,2025-06-03,2025-06-05,SUP-001,DIRECT-Federal,ING-004,1534.79,489.29,750952.86,30
PO-000602,2025-06-06,2025-06-08,SUP-001,DIRECT-Federal,ING-004,2540.35,485.38,1233024.4,30
PO-000603,2025-06-09,2025-06-11,SUP-001,DIRECT-Federal,ING-004,1375.37,456.0,627164.3,30
PO-000604,2025-06-13,2025-06-15,SUP-001,DIRECT-Federal,ING-004,2268.87,464.18,1053167.26,30
PO-000605,2025-06-15,2025-06-17,SUP-001,DIRECT-Federal,ING-004,1495.76,467.67,699525.85,30
PO-000606,2025-06-18,2025-06-20,SUP-001,DIRECT-Federal,ING-004,2016.27,458.97,925414.38,30
PO-000607,2025-06-23,2025-06-25,SUP-001,DIRECT-Federal,ING-004,1898.37,452.38,858783.61,30
PO-000608,2025-06-24,2025-06-26,SUP-001,DIRECT-Federal,ING-004,1559.81,472.78,737451.49,30
PO-000609,2025-06-27,2025-06-29,SUP-001,DIRECT-Federal,ING-004,2641.04,472.75,1248560.86,30
PO-000610,2025-06-30,2025-07-02,SUP-001,DIRECT-Federal,ING-004,467.4,457.36,213772.92,30
PO-000611,2025-01-01,2025-01-03,SUP-001,DIRECT-Federal,ING-005,1790.68,473.47,847830.99,30
PO-000612,2025-01-04,2025-01-06,SUP-001,DIRECT-Federal,ING-005,1697.33,507.63,861610.56,30
PO-000613,2025-01-07,2025-01-09,SUP-001,DIRECT-Federal,ING-005,1296.46,471.08,610731.21,30
PO-000614,2025-01-10,2025-01-12,SUP-001,DIRECT-Federal,ING-005,2046.91,493.73,1010614.98,30
PO-000615,2025-01-13,2025-01-15,SUP-001,DIRECT-Federal,ING-005,1288.4,506.66,652779.75,30
PO-000616,2025-01-16,2025-01-18,SUP-001,DIRECT-Federal,ING-005,1862.3,509.84,949477.95,30
PO-000617,2025-01-19,2025-01-21,SUP-001,DIRECT-Federal,ING-005,1276.39,481.49,614563.32,30
PO-000618,2025-01-22,2025-01-24,SUP-001,DIRECT-Federal,ING-005,1678.89,516.23,866690.18,30
PO-000619,2025-01-25,2025-01-27,SUP-001,DIRECT-Federal,ING-005,1720.53,477.43,821430.85,30
PO-000620,2025-01-28,2025-01-30,SUP-001,DIRECT-Federal,ING-005,1322.88,508.3,672421.37,30
PO-000621,2025-01-31,2025-02-02,SUP-001,DIRECT-Federal,ING-005,2087.02,498.09,1039516.56,30
PO-000622,2025-02-03,2025-02-05,SUP-001,DIRECT-Federal,ING-005,1276.42,505.25,644908.21,30
PO-000623,2025-02-06,2025-02-08,SUP-001,DIRECT-Federal,ING-005,2088.46,512.17,1069655.45,30
PO-000624,2025-02-09,2025-02-11,SUP-001,DIRECT-Federal,ING-005,1393.06,535.95,746607.92,30
PO-000625,2025-02-12,2025-02-14,SUP-001,DIRECT-Federal,ING-005,1810.77,536.33,971170.98,30
PO-000626,2025-02-15,2025-02-17,SUP-001,DIRECT-Federal,ING-005,1728.64,545.58,943102.87,30
PO-000627,2025-02-18,2025-02-20,SUP-001,DIRECT-Federal,ING-005,1238.5,511.64,633659.18,30
PO-000628,2025-02-21,2025-02-23,SUP-001,DIRECT-Federal,ING-005,2012.52,542.49,1091764.71,30
PO-000629,2025-02-24,2025-02-26,SUP-001,DIRECT-Federal,ING-005,1180.7,538.81,636180.29,30
PO-000630,2025-02-27,2025-03-01,SUP-001,DIRECT-Federal,ING-005,2589.65,531.37,1376073.48,30
PO-000631,2025-03-03,2025-03-05,SUP-001,DIRECT-Federal,ING-005,2504.45,570.84,1429641.76,30
PO-000632,2025-03-07,2025-03-09,SUP-001,DIRECT-Federal,ING-005,3042.39,609.79,1855229.47,30
PO-000633,2025-03-08,2025-03-10,SUP-001,DIRECT-Federal,ING-005,3241.93,578.23,1874569.2,30
PO-000634,2025-03-11,2025-03-13,SUP-001,DIRECT-Federal,ING-005,2221.3,572.0,1270591.93,30
PO-000635,2025-03-16,2025-03-18,SUP-001,DIRECT-Federal,ING-005,3996.88,564.56,2256494.88,30
PO-000636,2025-03-19,2025-03-21,SUP-001,DIRECT-Federal,ING-005,2076.59,600.92,1247870.97,30
PO-000637,2025-03-20,2025-03-22,SUP-001,DIRECT-Federal,ING-005,3632.73,578.66,2102101.01,30
PO-000638,2025-03-23,2025-03-25,SUP-001,DIRECT-Federal,ING-005,2605.19,602.78,1570348.2,30
PO-000639,2025-03-26,2025-03-28,SUP-001,DIRECT-Federal,ING-005,2937.78,561.74,1650264.27,30
PO-000640,2025-03-30,2025-04-01,SUP-001,DIRECT-Federal,ING-005,3098.56,558.32,1730000.32,30
PO-000641,2025-04-01,2025-04-03,SUP-001,DIRECT-Federal,ING-005,1683.27,549.74,925360.11,30
PO-000642,2025-04-04,2025-04-06,SUP-001,DIRECT-Federal,ING-005,2186.85,527.91,1154461.91,30
PO-000643,2025-04-09,2025-04-11,SUP-001,DIRECT-Federal,ING-005,1340.68,552.91,741276.37,30
PO-000644,2025-04-10,2025-04-12,SUP-001,DIRECT-Federal,ING-005,2260.84,563.17,1273235.78,30
PO-000645,2025-04-13,2025-04-15,SUP-001,DIRECT-Federal,ING-005,1465.68,570.36,835968.39,30
PO-000646,2025-04-16,2025-04-18,SUP-001,DIRECT-Federal,ING-005,2120.87,562.88,1193786.98,30
PO-000647,2025-04-19,2025-04-21,SUP-001,DIRECT-Federal,ING-005,2127.36,548.54,1166944.51,30
PO-000648,2025-04-22,2025-04-24,SUP-001,DIRECT-Federal,ING-005,1608.71,540.93,870190.97,30
PO-000649,2025-04-25,2025-04-27,SUP-001,DIRECT-Federal,ING-005,2472.0,523.85,1294952.46,30
PO-000650,2025-04-28,2025-04-30,SUP-001,DIRECT-Federal,ING-005,1378.6,571.43,787775.18,30
PO-000651,2025-05-01,2025-05-03,SUP-001,DIRECT-Federal,ING-005,2479.7,484.08,1200361.28,30
PO-000652,2025-05-04,2025-05-06,SUP-001,DIRECT-Federal,ING-005,1447.37,476.7,689960.49,30
PO-000653,2025-05-07,2025-05-09,SUP-001,DIRECT-Federal,ING-005,1794.07,462.38,829540.71,30
PO-000654,2025-05-10,2025-05-12,SUP-001,DIRECT-Federal,ING-005,2020.15,447.04,903078.52,30
PO-000655,2025-05-13,2025-05-15,SUP-001,DIRECT-Federal,ING-005,1514.0,489.85,741628.06,30
PO-000656,2025-05-16,2025-05-18,SUP-001,DIRECT-Federal,ING-005,2189.17,471.0,1031106.73,30
PO-000657,2025-05-19,2025-05-21,SUP-001,DIRECT-Federal,ING-005,1170.83,479.14,560990.9,30
PO-000658,2025-05-22,2025-05-24,SUP-001,DIRECT-Federal,ING-005,2202.67,451.3,994054.77,30
PO-000659,2025-05-25,2025-05-27,SUP-001,DIRECT-Federal,ING-005,1437.81,462.83,665454.99,30
PO-000660,2025-05-28,2025-05-30,SUP-001,DIRECT-Federal,ING-005,1570.67,458.94,720839.41,30
PO-000661,2025-05-31,2025-06-02,SUP-001,DIRECT-Federal,ING-005,1691.73,453.51,767219.58,30
PO-000662,2025-06-03,2025-06-05,SUP-001,DIRECT-Federal,ING-005,1241.42,477.63,592941.81,30
PO-000663,2025-06-06,2025-06-08,SUP-001,DIRECT-Federal,ING-005,2269.38,443.58,1006662.16,30
PO-000664,2025-06-09,2025-06-11,SUP-001,DIRECT-Federal,ING-005,1281.04,459.46,588584.41,30
PO-000665,2025-06-12,2025-06-14,SUP-001,DIRECT-Federal,ING-005,2111.19,473.97,1000636.23,30
PO-000666,2025-06-15,2025-06-17,SUP-001,DIRECT-Federal,ING-005,1312.53,461.73,606036.06,30
PO-000667,2025-06-18,2025-06-20,SUP-001,DIRECT-Federal,ING-005,1779.18,473.36,842194.83,30
PO-000668,2025-06-21,2025-06-23,SUP-001,DIRECT-Federal,ING-005,1815.46,451.24,819201.08,30
PO-000669,2025-06-24,2025-06-26,SUP-001,DIRECT-Federal,ING-005,1466.01,444.46,651588.41,30
PO-000670,2025-06-27,2025-06-29,SUP-001,DIRECT-Federal,ING-005,2336.05,452.94,1058089.15,30
PO-000671,2025-07-01,2025-07-03,SUP-001,DIRECT-Federal,ING-005,377.87,448.04,169302.35,30
PO-000672,2025-01-01,2025-01-03,SUP-001,DIRECT-Federal,ING-006,628.58,715.04,449465.14,30
PO-000673,2025-01-04,2025-01-06,SUP-001,DIRECT-Federal,ING-006,650.42,713.39,464002.47,30
PO-000674,2025-01-07,2025-01-09,SUP-001,DIRECT-Federal,ING-006,515.6,669.28,345082.51,30
PO-000675,2025-01-10,2025-01-12,SUP-001,DIRECT-Federal,ING-006,794.65,668.86,531506.45,30
PO-000676,2025-01-15,2025-01-17,SUP-001,DIRECT-Federal,ING-006,468.73,682.35,319838.87,30
PO-000677,2025-01-18,2025-01-20,SUP-001,DIRECT-Federal,ING-006,766.8,694.66,532665.51,30
PO-000678,2025-01-19,2025-01-21,SUP-001,DIRECT-Federal,ING-006,502.91,699.49,351779.24,30
PO-000679,2025-01-22,2025-01-24,SUP-001,DIRECT-Federal,ING-006,606.13,717.32,434789.45,30
PO-000680,2025-01-25,2025-01-27,SUP-001,DIRECT-Federal,ING-006,664.61,656.23,436136.89,30
PO-000681,2025-01-28,2025-01-30,SUP-001,DIRECT-Federal,ING-006,541.52,723.62,391857.57,30
PO-000682,2025-01-31,2025-02-02,SUP-001,DIRECT-Federal,ING-006,723.56,723.02,523149.26,30
PO-000683,2025-02-03,2025-02-05,SUP-001,DIRECT-Federal,ING-006,535.63,706.36,378349.09,30
PO-000684,2025-02-06,2025-02-08,SUP-001,DIRECT-Federal,ING-006,753.5,732.15,551678.73,30
PO-000685,2025-02-09,2025-02-11,SUP-001,DIRECT-Federal,ING-006,483.85,696.43,336972.52,30
PO-000686,2025-02-12,2025-02-14,SUP-001,DIRECT-Federal,ING-006,658.62,695.73,458224.0,30
PO-000687,2025-02-15,2025-02-17,SUP-001,DIRECT-Federal,ING-006,656.51,713.36,468327.66,30
PO-000688,2025-02-18,2025-02-20,SUP-001,DIRECT-Federal,ING-006,541.84,729.05,395029.6,30
PO-000689,2025-02-23,2025-02-25,SUP-001,DIRECT-Federal,ING-006,763.98,698.46,533607.17,30
PO-000690,2025-02-24,2025-02-26,SUP-001,DIRECT-Federal,ING-006,458.5,735.89,337405.83,30
PO-000691,2025-02-27,2025-03-01,SUP-001,DIRECT-Federal,ING-006,828.88,744.87,617406.14,30
PO-000692,2025-03-03,2025-03-05,SUP-001,DIRECT-Federal,ING-006,867.76,850.65,738166.16,30
PO-000693,2025-03-05,2025-03-07,SUP-001,DIRECT-Federal,ING-006,975.33,798.92,779213.35,30
PO-000694,2025-03-08,2025-03-10,SUP-001,DIRECT-Federal,ING-006,1010.08,787.67,795609.77,30
PO-000695,2025-03-11,2025-03-13,SUP-001,DIRECT-Federal,ING-006,782.43,787.4,616088.04,30
PO-000696,2025-03-16,2025-03-18,SUP-001,DIRECT-Federal,ING-006,1287.24,800.08,1029888.94,30
PO-000697,2025-03-17,2025-03-19,SUP-001,DIRECT-Federal,ING-006,730.26,821.93,600223.63,30
PO-000698,2025-03-20,2025-03-22,SUP-001,DIRECT-Federal,ING-006,1121.47,821.24,920994.2,30
PO-000699,2025-03-25,2025-03-27,SUP-001,DIRECT-Federal,ING-006,837.25,791.72,662863.11,30
PO-000700,2025-03-26,2025-03-28,SUP-001,DIRECT-Federal,ING-006,951.69,789.33,751199.15,30
PO-000701,2025-03-29,2025-03-31,SUP-001,DIRECT-Federal,ING-006,969.58,824.71,799628.25,30
PO-000702,2025-04-01,2025-04-03,SUP-001,DIRECT-Federal,ING-006,691.84,764.46,528884.11,30
PO-000703,2025-04-04,2025-04-06,SUP-001,DIRECT-Federal,ING-006,753.61,743.66,560427.93,30
PO-000704,2025-04-07,2025-04-09,SUP-001,DIRECT-Federal,ING-006,459.35,752.02,345441.82,30
PO-000705,2025-04-10,2025-04-12,SUP-001,DIRECT-Federal,ING-006,832.66,766.21,637993.05,30
PO-000706,2025-04-13,2025-04-15,SUP-001,DIRECT-Federal,ING-006,616.23,722.78,445400.16,30
PO-000707,2025-04-16,2025-04-18,SUP-001,DIRECT-Federal,ING-006,714.52,740.52,529111.65,30
PO-000708,2025-04-19,2025-04-21,SUP-001,DIRECT-Federal,ING-006,691.63,747.23,516809.13,30
PO-000709,2025-04-22,2025-04-24,SUP-001,DIRECT-Federal,ING-006,567.29,791.23,448857.39,30
PO-000710,2025-04-25,2025-04-27,SUP-001,DIRECT-Federal,ING-006,905.48,771.63,698695.94,30
PO-000711,2025-04-30,2025-05-02,SUP-001,DIRECT-Federal,ING-006,562.63,763.21,429403.68,30
PO-000712,2025-05-01,2025-05-03,SUP-001,DIRECT-Federal,ING-006,837.52,655.64,549116.97,30
PO-000713,2025-05-04,2025-05-06,SUP-001,DIRECT-Federal,ING-006,586.84,672.69,394758.62,30
PO-000714,2025-05-07,2025-05-09,SUP-001,DIRECT-Federal,ING-006,715.68,628.37,449712.11,30
PO-000715,2025-05-10,2025-05-12,SUP-001,DIRECT-Federal,ING-006,711.43,623.88,443845.16,30
PO-000716,2025-05-13,2025-05-15,SUP-001,DIRECT-Federal,ING-006,585.16,650.02,380365.18,30
PO-000717,2025-05-16,2025-05-18,SUP-001,DIRECT-Federal,ING-006,718.71,651.12,467969.89,30
PO-000718,2025-05-19,2025-05-21,SUP-001,DIRECT-Federal,ING-006,462.36,651.36,301160.86,30
PO-000719,2025-05-23,2025-05-25,SUP-001,DIRECT-Federal,ING-006,716.7,680.4,487643.37,30
PO-000720,2025-05-25,2025-05-27,SUP-001,DIRECT-Federal,ING-006,514.69,641.35,330094.14,30
PO-000721,2025-05-28,2025-05-30,SUP-001,DIRECT-Federal,ING-006,607.18,645.4,391877.82,30
PO-000722,2025-05-31,2025-06-02,SUP-001,DIRECT-Federal,ING-006,647.81,659.84,427449.46,30
PO-000723,2025-06-03,2025-06-05,SUP-001,DIRECT-Federal,ING-006,488.37,645.84,315412.72,30
PO-000724,2025-06-06,2025-06-08,SUP-001,DIRECT-Federal,ING-006,720.89,621.51,448038.88,30
PO-000725,2025-06-09,2025-06-11,SUP-001,DIRECT-Federal,ING-006,506.27,654.55,331377.23,30
PO-000726,2025-06-12,2025-06-14,SUP-001,DIRECT-Federal,ING-006,707.17,615.56,435304.31,30
PO-000727,2025-06-15,2025-06-17,SUP-001,DIRECT-Federal,ING-006,515.73,657.89,339293.5,30
PO-000728,2025-06-18,2025-06-20,SUP-001,DIRECT-Federal,ING-006,632.96,650.71,411876.45,30
PO-000729,2025-06-21,2025-06-23,SUP-001,DIRECT-Federal,ING-006,670.25,618.84,414775.45,30
PO-000730,2025-06-24,2025-06-26,SUP-001,DIRECT-Federal,ING-006,542.14,625.49,339105.67,30
PO-000731,2025-06-27,2025-06-29,SUP-001,DIRECT-Federal,ING-006,820.35,635.75,521535.82,30
PO-000732,2025-07-02,2025-07-04,SUP-001,DIRECT-Federal,ING-006,153.76,647.16,99506.98,30
PO-000733,2025-01-01,2025-01-03,SUP-001,DIRECT-KPK,ING-001,526.62,729.62,384228.92,30
PO-000734,2025-01-04,2025-01-06,SUP-001,DIRECT-KPK,ING-001,481.18,753.21,362431.38,30
PO-000735,2025-01-08,2025-01-10,SUP-001,DIRECT-KPK,ING-001,441.49,699.37,308765.52,30
PO-000736,2025-01-10,2025-01-12,SUP-001,DIRECT-KPK,ING-001,533.73,754.17,402523.96,30
PO-000737,2025-01-15,2025-01-17,SUP-001,DIRECT-KPK,ING-001,445.58,755.09,336450.57,30
PO-000738,2025-01-16,2025-01-18,SUP-001,DIRECT-KPK,ING-001,533.09,732.52,390499.49,30
PO-000739,2025-01-19,2025-01-21,SUP-001,DIRECT-KPK,ING-001,397.18,742.5,294907.41,30
PO-000740,2025-01-22,2025-01-24,SUP-001,DIRECT-KPK,ING-001,542.72,736.39,399648.64,30
PO-000741,2025-01-25,2025-01-27,SUP-001,DIRECT-KPK,ING-001,504.31,688.0,346963.01,30
PO-000742,2025-01-28,2025-01-30,SUP-001,DIRECT-KPK,ING-001,438.41,745.01,326622.19,30
PO-000743,2025-01-31,2025-02-02,SUP-001,DIRECT-KPK,ING-001,511.08,710.04,362885.48,30
PO-000744,2025-02-03,2025-02-05,SUP-001,DIRECT-KPK,ING-001,442.73,753.65,333666.04,30
PO-000745,2025-02-06,2025-02-08,SUP-001,DIRECT-KPK,ING-001,527.86,781.06,412289.26,30
PO-000746,2025-02-09,2025-02-11,SUP-001,DIRECT-KPK,ING-001,384.41,764.21,293770.34,30
PO-000747,2025-02-12,2025-02-14,SUP-001,DIRECT-KPK,ING-001,550.34,783.77,431341.95,30
PO-000748,2025-02-15,2025-02-17,SUP-001,DIRECT-KPK,ING-001,478.34,735.69,351909.33,30
PO-000749,2025-02-18,2025-02-20,SUP-001,DIRECT-KPK,ING-001,482.97,775.98,374774.53,30
PO-000750,2025-02-21,2025-02-23,SUP-001,DIRECT-KPK,ING-001,491.54,738.3,362899.49,30
PO-000751,2025-02-25,2025-02-27,SUP-001,DIRECT-KPK,ING-001,407.54,789.72,321841.47,30
PO-000752,2025-03-01,2025-03-03,SUP-001,DIRECT-KPK,ING-001,556.65,816.16,454318.03,30
PO-000753,2025-03-02,2025-03-04,SUP-001,DIRECT-KPK,ING-001,558.97,889.08,496966.73,30
PO-000754,2025-03-05,2025-03-07,SUP-001,DIRECT-KPK,ING-001,723.56,843.94,610644.18,30
PO-000755,2025-03-08,2025-03-10,SUP-001,DIRECT-KPK,ING-001,648.52,823.27,533904.61,30
PO-000756,2025-03-11,2025-03-13,SUP-001,DIRECT-KPK,ING-001,667.86,844.16,563778.91,30
PO-000757,2025-03-14,2025-03-16,SUP-001,DIRECT-KPK,ING-001,740.12,861.68,637744.89,30
PO-000758,2025-03-17,2025-03-19,SUP-001,DIRECT-KPK,ING-001,569.6,810.22,461505.79,30
PO-000759,2025-03-20,2025-03-22,SUP-001,DIRECT-KPK,ING-001,665.15,874.1,581408.12,30
PO-000760,2025-03-23,2025-03-25,SUP-001,DIRECT-KPK,ING-001,571.06,882.11,503739.86,30
PO-000761,2025-03-26,2025-03-28,SUP-001,DIRECT-KPK,ING-001,740.53,852.99,631668.32,30
PO-000762,2025-03-29,2025-03-31,SUP-001,DIRECT-KPK,ING-001,659.05,855.87,564063.31,30
PO-000763,2025-04-01,2025-04-03,SUP-001,DIRECT-KPK,ING-001,589.67,797.78,470425.22,30
PO-000764,2025-04-04,2025-04-06,SUP-001,DIRECT-KPK,ING-001,548.51,759.33,416495.57,30
PO-000765,2025-04-07,2025-04-09,SUP-001,DIRECT-KPK,ING-001,431.65,811.63,350339.64,30
PO-000766,2025-04-10,2025-04-12,SUP-001,DIRECT-KPK,ING-001,602.79,830.39,500549.35,30
PO-000767,2025-04-13,2025-04-15,SUP-001,DIRECT-KPK,ING-001,462.66,762.92,352973.67,30
PO-000768,2025-04-16,2025-04-18,SUP-001,DIRECT-KPK,ING-001,563.09,806.85,454329.75,30
PO-000769,2025-04-19,2025-04-21,SUP-001,DIRECT-KPK,ING-001,551.37,784.28,432427.54,30
PO-000770,2025-04-24,2025-04-26,SUP-001,DIRECT-KPK,ING-001,542.57,794.52,431082.37,30
PO-000771,2025-04-25,2025-04-27,SUP-001,DIRECT-KPK,ING-001,632.49,790.93,500258.92,30
PO-000772,2025-04-28,2025-04-30,SUP-001,DIRECT-KPK,ING-001,487.3,815.77,397530.34,30
PO-000773,2025-05-01,2025-05-03,SUP-001,DIRECT-KPK,ING-001,600.08,684.41,410700.15,30
PO-000774,2025-05-04,2025-05-06,SUP-001,DIRECT-KPK,ING-001,450.5,659.0,296879.26,30
PO-000775,2025-05-07,2025-05-09,SUP-001,DIRECT-KPK,ING-001,608.54,670.51,408030.25,30
PO-000776,2025-05-10,2025-05-12,SUP-001,DIRECT-KPK,ING-001,486.05,689.31,335040.51,30
PO-000777,2025-05-13,2025-05-15,SUP-001,DIRECT-KPK,ING-001,533.69,714.86,381514.3,30
PO-000778,2025-05-16,2025-05-18,SUP-001,DIRECT-KPK,ING-001,518.2,690.23,357676.95,30
PO-000779,2025-05-21,2025-05-23,SUP-001,DIRECT-KPK,ING-001,446.96,694.32,310331.87,30
PO-000780,2025-05-22,2025-05-24,SUP-001,DIRECT-KPK,ING-001,517.34,693.66,358855.85,30
PO-000781,2025-05-25,2025-05-27,SUP-001,DIRECT-KPK,ING-001,399.51,650.19,259758.64,30
PO-000782,2025-05-28,2025-05-30,SUP-001,DIRECT-KPK,ING-001,512.05,695.46,356110.98,30
PO-000783,2025-05-31,2025-06-02,SUP-001,DIRECT-KPK,ING-001,491.88,703.85,346207.63,30
PO-000784,2025-06-03,2025-06-05,SUP-001,DIRECT-KPK,ING-001,480.16,695.2,333806.98,30
PO-000785,2025-06-06,2025-06-08,SUP-001,DIRECT-KPK,ING-001,489.64,662.89,324576.58,30
PO-000786,2025-06-09,2025-06-11,SUP-001,DIRECT-KPK,ING-001,427.21,648.88,277207.82,30
PO-000787,2025-06-12,2025-06-14,SUP-001,DIRECT-KPK,ING-001,530.72,648.15,343988.68,30
PO-000788,2025-06-15,2025-06-17,SUP-001,DIRECT-KPK,ING-001,377.11,662.09,249677.52,30
PO-000789,2025-06-18,2025-06-20,SUP-001,DIRECT-KPK,ING-001,505.26,650.42,328634.64,30
PO-000790,2025-06-21,2025-06-23,SUP-001,DIRECT-KPK,ING-001,484.84,651.36,315805.8,30
PO-000791,2025-06-24,2025-06-26,SUP-001,DIRECT-KPK,ING-001,447.22,694.89,310767.18,30
PO-000792,2025-06-29,2025-07-01,SUP-001,DIRECT-KPK,ING-001,525.39,645.92,339355.6,30
PO-000793,2025-06-30,2025-07-02,SUP-001,DIRECT-KPK,ING-001,117.89,667.31,78668.92,30
PO-000794,2025-01-01,2025-01-03,SUP-001,DIRECT-KPK,ING-002,733.59,607.59,445723.55,30
PO-000795,2025-01-06,2025-01-08,SUP-001,DIRECT-KPK,ING-002,696.06,568.3,395570.78,30
PO-000796,2025-01-08,2025-01-10,SUP-001,DIRECT-KPK,ING-002,546.23,582.34,318096.19,30
PO-000797,2025-01-10,2025-01-12,SUP-001,DIRECT-KPK,ING-002,816.91,567.9,463921.44,30
PO-000798,2025-01-13,2025-01-15,SUP-001,DIRECT-KPK,ING-002,509.23,564.22,287316.71,30
PO-000799,2025-01-16,2025-01-18,SUP-001,DIRECT-KPK,ING-002,801.82,598.52,479903.75,30
PO-000800,2025-01-19,2025-01-21,SUP-001,DIRECT-KPK,ING-002,505.92,575.29,291052.64,30
PO-000801,2025-01-22,2025-01-24,SUP-001,DIRECT-KPK,ING-002,671.0,565.81,379654.56,30
PO-000802,2025-01-25,2025-01-27,SUP-001,DIRECT-KPK,ING-002,757.12,598.67,453262.91,30
PO-000803,2025-01-28,2025-01-30,SUP-001,DIRECT-KPK,ING-002,491.53,571.96,281136.48,30
PO-000804,2025-01-31,2025-02-02,SUP-001,DIRECT-KPK,ING-002,861.21,564.33,486004.27,30
PO-000805,2025-02-04,2025-02-06,SUP-001,DIRECT-KPK,ING-002,543.21,623.3,338582.82,30
PO-000806,2025-02-06,2025-02-08,SUP-001,DIRECT-KPK,ING-002,826.17,617.12,509844.86,30
PO-000807,2025-02-09,2025-02-11,SUP-001,DIRECT-KPK,ING-002,549.85,598.12,328878.42,30
PO-000808,2025-02-14,2025-02-16,SUP-001,DIRECT-KPK,ING-002,676.44,589.66,398874.2,30
PO-000809,2025-02-17,2025-02-19,SUP-001,DIRECT-KPK,ING-002,714.57,633.21,452475.17,30
PO-000810,2025-02-20,2025-02-22,SUP-001,DIRECT-KPK,ING-002,558.6,634.92,354663.82,30
PO-000811,2025-02-21,2025-02-23,SUP-001,DIRECT-KPK,ING-002,871.19,591.88,515638.17,30
PO-000812,2025-02-24,2025-02-26,SUP-001,DIRECT-KPK,ING-002,493.45,591.16,291709.79,30
PO-000813,2025-02-27,2025-03-01,SUP-001,DIRECT-KPK,ING-002,1038.89,599.67,622990.33,30
PO-000814,2025-03-04,2025-03-06,SUP-001,DIRECT-KPK,ING-002,1016.22,707.38,718855.41,30
PO-000815,2025-03-05,2025-03-07,SUP-001,DIRECT-KPK,ING-002,1213.81,678.13,823128.23,30
PO-000816,2025-03-08,2025-03-10,SUP-001,DIRECT-KPK,ING-002,1261.07,663.74,837020.22,30
PO-000817,2025-03-11,2025-03-13,SUP-001,DIRECT-KPK,ING-002,958.78,669.34,641753.79,30
PO-000818,2025-03-14,2025-03-16,SUP-001,DIRECT-KPK,ING-002,1443.89,657.57,949457.4,30
PO-000819,2025-03-17,2025-03-19,SUP-001,DIRECT-KPK,ING-002,881.78,716.5,631799.06,30
PO-000820,2025-03-20,2025-03-22,SUP-001,DIRECT-KPK,ING-002,1527.26,705.54,1077545.21,30
PO-000821,2025-03-23,2025-03-25,SUP-001,DIRECT-KPK,ING-002,1007.11,688.64,693533.86,30
PO-000822,2025-03-26,2025-03-28,SUP-001,DIRECT-KPK,ING-002,1138.76,706.48,804508.58,30
PO-000823,2025-03-29,2025-03-31,SUP-001,DIRECT-KPK,ING-002,1176.17,668.31,786045.11,30
PO-000824,2025-04-02,2025-04-04,SUP-001,DIRECT-KPK,ING-002,710.85,660.96,469843.32,30
PO-000825,2025-04-04,2025-04-06,SUP-001,DIRECT-KPK,ING-002,881.06,662.83,583991.93,30
PO-000826,2025-04-07,2025-04-09,SUP-001,DIRECT-KPK,ING-002,506.29,628.07,317986.69,30
PO-000827,2025-04-11,2025-04-13,SUP-001,DIRECT-KPK,ING-002,988.01,628.16,620627.78,30
PO-000828,2025-04-13,2025-04-15,SUP-001,DIRECT-KPK,ING-002,647.56,615.89,398824.74,30
PO-000829,2025-04-16,2025-04-18,SUP-001,DIRECT-KPK,ING-002,857.25,633.12,542743.34,30
PO-000830,2025-04-19,2025-04-21,SUP-001,DIRECT-KPK,ING-002,867.69,646.6,561050.65,30
PO-000831,2025-04-22,2025-04-24,SUP-001,DIRECT-KPK,ING-002,633.78,610.36,386831.16,30
PO-000832,2025-04-25,2025-04-27,SUP-001,DIRECT-KPK,ING-002,971.69,669.68,650726.95,30
PO-000833,2025-04-28,2025-04-30,SUP-001,DIRECT-KPK,ING-002,612.51,660.77,404729.35,30
PO-000834,2025-05-01,2025-05-03,SUP-001,DIRECT-KPK,ING-002,1050.87,534.33,561511.68,30
PO-000835,2025-05-06,2025-05-08,SUP-001,DIRECT-KPK,ING-002,600.8,547.02,328649.94,30
PO-000836,2025-05-08,2025-05-10,SUP-001,DIRECT-KPK,ING-002,760.23,557.66,423948.09,30
PO-000837,2025-05-10,2025-05-12,SUP-001,DIRECT-KPK,ING-002,791.33,538.62,426221.12,30
PO-000838,2025-05-13,2025-05-15,SUP-001,DIRECT-KPK,ING-002,614.03,554.72,340614.41,30
PO-000839,2025-05-16,2025-05-18,SUP-001,DIRECT-KPK,ING-002,875.48,553.93,484957.05,30
PO-000840,2025-05-21,2025-05-23,SUP-001,DIRECT-KPK,ING-002,505.61,559.83,283056.38,30
PO-000841,2025-05-22,2025-05-24,SUP-001,DIRECT-KPK,ING-002,912.58,548.07,500160.78,30
PO-000842,2025-05-25,2025-05-27,SUP-001,DIRECT-KPK,ING-002,524.92,577.53,303156.06,30
PO-000843,2025-05-28,2025-05-30,SUP-001,DIRECT-KPK,ING-002,672.57,560.09,376703.79,30
PO-000844,2025-05-31,2025-06-02,SUP-001,DIRECT-KPK,ING-002,747.82,551.55,412457.68,30
PO-000845,2025-06-03,2025-06-05,SUP-001,DIRECT-KPK,ING-002,531.66,513.1,272793.36,30
PO-000846,2025-06-06,2025-06-08,SUP-001,DIRECT-KPK,ING-002,907.1,542.81,492382.65,30
PO-000847,2025-06-09,2025-06-11,SUP-001,DIRECT-KPK,ING-002,502.37,515.24,258840.78,30
PO-000848,2025-06-13,2025-06-15,SUP-001,DIRECT-KPK,ING-002,855.59,513.2,439087.69,30
PO-000849,2025-06-15,2025-06-17,SUP-001,DIRECT-KPK,ING-002,592.26,518.71,307213.16,30
PO-000850,2025-06-18,2025-06-20,SUP-001,DIRECT-KPK,ING-002,685.67,550.06,377162.97,30
PO-000851,2025-06-21,2025-06-23,SUP-001,DIRECT-KPK,ING-002,739.49,528.85,391080.15,30
PO-000852,2025-06-24,2025-06-26,SUP-001,DIRECT-KPK,ING-002,541.06,547.55,296258.12,30
PO-000853,2025-06-27,2025-06-29,SUP-001,DIRECT-KPK,ING-002,879.15,552.49,485722.41,30
PO-000854,2025-06-30,2025-07-02,SUP-001,DIRECT-KPK,ING-002,164.7,519.16,85506.83,30
PO-000855,2025-01-01,2025-01-03,SUP-002,DIRECT-KPK,ING-003,216.15,514.72,111256.6,30
PO-000856,2025-01-05,2025-01-07,SUP-002,DIRECT-KPK,ING-003,233.65,538.55,125831.99,30
PO-000857,2025-01-07,2025-01-09,SUP-002,DIRECT-KPK,ING-003,197.04,528.04,104042.04,30
PO-000858,2025-01-11,2025-01-13,SUP-002,DIRECT-KPK,ING-003,268.89,552.6,148590.47,30
PO-000859,2025-01-13,2025-01-15,SUP-002,DIRECT-KPK,ING-003,173.28,545.47,94518.47,30
PO-000860,2025-01-16,2025-01-18,SUP-002,DIRECT-KPK,ING-003,269.19,520.36,140076.51,30
PO-000861,2025-01-19,2025-01-21,SUP-002,DIRECT-KPK,ING-003,208.07,562.74,117088.54,30
PO-000862,2025-01-22,2025-01-24,SUP-002,DIRECT-KPK,ING-003,231.52,564.33,130654.97,30
PO-000863,2025-01-26,2025-01-28,SUP-002,DIRECT-KPK,ING-003,246.33,544.64,134162.08,30
PO-000864,2025-01-28,2025-01-30,SUP-002,DIRECT-KPK,ING-003,177.45,533.54,94678.13,30
PO-000865,2025-01-31,2025-02-02,SUP-002,DIRECT-KPK,ING-003,243.29,560.53,136374.15,30
PO-000866,2025-02-03,2025-02-05,SUP-002,DIRECT-KPK,ING-003,198.29,546.69,108401.41,30
PO-000867,2025-02-06,2025-02-08,SUP-002,DIRECT-KPK,ING-003,246.45,580.92,143164.53,30
PO-000868,2025-02-10,2025-02-12,SUP-002,DIRECT-KPK,ING-003,210.3,560.13,117794.14,30
PO-000869,2025-02-12,2025-02-14,SUP-002,DIRECT-KPK,ING-003,220.84,539.83,119216.65,30
PO-000870,2025-02-15,2025-02-17,SUP-002,DIRECT-KPK,ING-003,221.75,576.37,127808.0,30
PO-000871,2025-02-19,2025-02-21,SUP-002,DIRECT-KPK,ING-003,194.61,587.0,114238.31,30
PO-000872,2025-02-21,2025-02-23,SUP-002,DIRECT-KPK,ING-003,261.68,591.99,154913.46,30
PO-000873,2025-02-26,2025-02-28,SUP-002,DIRECT-KPK,ING-003,164.26,557.7,91609.65,30
PO-000874,2025-02-28,2025-03-02,SUP-002,DIRECT-KPK,ING-003,291.45,544.49,158694.13,30
PO-000875,2025-03-03,2025-03-05,SUP-002,DIRECT-KPK,ING-003,269.28,634.94,170980.38,30
PO-000876,2025-03-05,2025-03-07,SUP-002,DIRECT-KPK,ING-003,286.6,616.43,176671.81,30
PO-000877,2025-03-08,2025-03-10,SUP-002,DIRECT-KPK,ING-003,318.2,648.09,206222.34,30
PO-000878,2025-03-11,2025-03-13,SUP-002,DIRECT-KPK,ING-003,247.83,648.51,160723.03,30
PO-000879,2025-03-14,2025-03-16,SUP-002,DIRECT-KPK,ING-003,366.92,609.87,223775.06,30
PO-000880,2025-03-17,2025-03-19,SUP-002,DIRECT-KPK,ING-003,247.71,652.16,161545.05,30
PO-000881,2025-03-20,2025-03-22,SUP-002,DIRECT-KPK,ING-003,304.54,615.31,187385.8,30
PO-000882,2025-03-23,2025-03-25,SUP-002,DIRECT-KPK,ING-003,298.32,649.32,193703.64,30
PO-000883,2025-03-26,2025-03-28,SUP-002,DIRECT-KPK,ING-003,291.61,628.03,183136.17,30
PO-000884,2025-03-29,2025-03-31,SUP-002,DIRECT-KPK,ING-003,323.86,651.78,211086.77,30
PO-000885,2025-04-01,2025-04-03,SUP-002,DIRECT-KPK,ING-003,233.83,565.91,132328.29,30
PO-000886,2025-04-04,2025-04-06,SUP-002,DIRECT-KPK,ING-003,272.36,581.23,158303.42,30
PO-000887,2025-04-07,2025-04-09,SUP-002,DIRECT-KPK,ING-003,174.41,566.83,98860.46,30
PO-000888,2025-04-10,2025-04-12,SUP-002,DIRECT-KPK,ING-003,278.93,596.94,166506.65,30
PO-000889,2025-04-13,2025-04-15,SUP-002,DIRECT-KPK,ING-003,227.07,582.09,132173.37,30
PO-000890,2025-04-16,2025-04-18,SUP-002,DIRECT-KPK,ING-003,265.09,585.08,155100.86,30
PO-000891,2025-04-19,2025-04-21,SUP-002,DIRECT-KPK,ING-003,257.96,594.63,153393.98,30
PO-000892,2025-04-22,2025-04-24,SUP-002,DIRECT-KPK,ING-003,221.08,616.72,136344.65,30
PO-000893,2025-04-25,2025-04-27,SUP-002,DIRECT-KPK,ING-003,327.04,574.45,187869.64,30
PO-000894,2025-04-30,2025-05-02,SUP-002,DIRECT-KPK,ING-003,214.61,599.53,128663.43,30
PO-000895,2025-05-01,2025-05-03,SUP-002,DIRECT-KPK,ING-003,278.2,533.52,148425.04,30
PO-000896,2025-05-04,2025-05-06,SUP-002,DIRECT-KPK,ING-003,223.5,518.68,115923.87,30
PO-000897,2025-05-07,2025-05-09,SUP-002,DIRECT-KPK,ING-003,252.02,517.75,130484.55,30
PO-000898,2025-05-10,2025-05-12,SUP-002,DIRECT-KPK,ING-003,262.13,489.43,128296.55,30
PO-000899,2025-05-13,2025-05-15,SUP-002,DIRECT-KPK,ING-003,224.7,508.91,114352.47,30
PO-000900,2025-05-16,2025-05-18,SUP-002,DIRECT-KPK,ING-003,250.62,513.06,128582.34,30
PO-000901,2025-05-19,2025-05-21,SUP-002,DIRECT-KPK,ING-003,171.9,489.47,84140.36,30
PO-000902,2025-05-24,2025-05-26,SUP-002,DIRECT-KPK,ING-003,261.83,529.8,138715.74,30
PO-000903,2025-05-25,2025-05-27,SUP-002,DIRECT-KPK,ING-003,192.27,517.97,99588.26,30
PO-000904,2025-05-28,2025-05-30,SUP-002,DIRECT-KPK,ING-003,230.58,494.4,114001.25,30
PO-000905,2025-05-31,2025-06-02,SUP-002,DIRECT-KPK,ING-003,248.44,488.1,121260.76,30
PO-000906,2025-06-03,2025-06-05,SUP-002,DIRECT-KPK,ING-003,196.16,521.51,102300.97,30
PO-000907,2025-06-06,2025-06-08,SUP-002,DIRECT-KPK,ING-003,262.38,478.6,125574.27,30
PO-000908,2025-06-09,2025-06-11,SUP-002,DIRECT-KPK,ING-003,187.49,514.05,96380.24,30
PO-000909,2025-06-12,2025-06-14,SUP-002,DIRECT-KPK,ING-003,265.91,480.17,127682.09,30
PO-000910,2025-06-15,2025-06-17,SUP-002,DIRECT-KPK,ING-003,211.09,477.48,100790.9,30
PO-000911,2025-06-18,2025-06-20,SUP-002,DIRECT-KPK,ING-003,209.09,520.22,108772.43,30
PO-000912,2025-06-21,2025-06-23,SUP-002,DIRECT-KPK,ING-003,245.36,517.57,126989.2,30
PO-000913,2025-06-24,2025-06-26,SUP-002,DIRECT-KPK,ING-003,218.17,477.22,104114.8,30
PO-000914,2025-06-27,2025-06-29,SUP-002,DIRECT-KPK,ING-003,246.85,504.57,124550.48,30
PO-000915,2025-06-30,2025-07-02,SUP-002,DIRECT-KPK,ING-003,60.45,514.3,31088.46,30
PO-000916,2025-01-01,2025-01-03,SUP-001,DIRECT-KPK,ING-004,1093.61,514.54,562711.86,30
PO-000917,2025-01-06,2025-01-08,SUP-001,DIRECT-KPK,ING-004,1032.81,492.26,508407.28,30
PO-000918,2025-01-07,2025-01-09,SUP-001,DIRECT-KPK,ING-004,809.32,511.93,414311.04,30
PO-000919,2025-01-10,2025-01-12,SUP-001,DIRECT-KPK,ING-004,1286.51,490.09,630511.15,30
PO-000920,2025-01-13,2025-01-15,SUP-001,DIRECT-KPK,ING-004,748.97,515.9,386393.53,30
PO-000921,2025-01-16,2025-01-18,SUP-001,DIRECT-KPK,ING-004,1164.69,499.95,582288.31,30
PO-000922,2025-01-19,2025-01-21,SUP-001,DIRECT-KPK,ING-004,752.02,491.64,369718.57,30
PO-000923,2025-01-22,2025-01-24,SUP-001,DIRECT-KPK,ING-004,1023.25,526.82,539061.81,30
PO-000924,2025-01-25,2025-01-27,SUP-001,DIRECT-KPK,ING-004,1040.77,533.06,554787.57,30
PO-000925,2025-01-28,2025-01-30,SUP-001,DIRECT-KPK,ING-004,721.79,491.07,354449.07,30
PO-000926,2025-01-31,2025-02-02,SUP-001,DIRECT-KPK,ING-004,1302.81,487.92,635671.12,30
PO-000927,2025-02-03,2025-02-05,SUP-001,DIRECT-KPK,ING-004,780.11,511.75,399225.17,30
PO-000928,2025-02-07,2025-02-09,SUP-001,DIRECT-KPK,ING-004,1251.0,554.89,694167.2,30
PO-000929,2025-02-09,2025-02-11,SUP-001,DIRECT-KPK,ING-004,780.42,558.2,435625.82,30
PO-000930,2025-02-12,2025-02-14,SUP-001,DIRECT-KPK,ING-004,1054.45,535.9,565083.91,30
PO-000931,2025-02-15,2025-02-17,SUP-001,DIRECT-KPK,ING-004,954.37,538.68,514102.11,30
PO-000932,2025-02-18,2025-02-20,SUP-001,DIRECT-KPK,ING-004,794.99,519.42,412931.79,30
PO-000933,2025-02-21,2025-02-23,SUP-001,DIRECT-KPK,ING-004,1328.35,521.85,693206.67,30
PO-000934,2025-02-24,2025-02-26,SUP-001,DIRECT-KPK,ING-004,694.01,512.13,355419.98,30
PO-000935,2025-02-27,2025-03-01,SUP-001,DIRECT-KPK,ING-004,1570.32,509.06,799386.09,30
PO-000936,2025-03-02,2025-03-04,SUP-001,DIRECT-KPK,ING-004,1404.39,587.09,824504.79,30
PO-000937,2025-03-05,2025-03-07,SUP-001,DIRECT-KPK,ING-004,1803.43,597.51,1077570.42,30
PO-000938,2025-03-08,2025-03-10,SUP-001,DIRECT-KPK,ING-004,2023.51,582.2,1178080.28,30
PO-000939,2025-03-11,2025-03-13,SUP-001,DIRECT-KPK,ING-004,1416.78,593.78,841249.3,30
PO-000940,2025-03-14,2025-03-16,SUP-001,DIRECT-KPK,ING-004,2069.32,574.65,1189141.46,30
PO-000941,2025-03-17,2025-03-19,SUP-001,DIRECT-KPK,ING-004,1289.7,627.86,809753.83,30
PO-000942,2025-03-20,2025-03-22,SUP-001,DIRECT-KPK,ING-004,2308.3,595.16,1373816.99,30
PO-000943,2025-03-23,2025-03-25,SUP-001,DIRECT-KPK,ING-004,1568.36,580.29,910101.85,30
PO-000944,2025-03-26,2025-03-28,SUP-001,DIRECT-KPK,ING-004,1770.58,608.23,1076924.4,30
PO-000945,2025-03-30,2025-04-01,SUP-001,DIRECT-KPK,ING-004,1716.04,627.96,1077597.23,30
PO-000946,2025-04-01,2025-04-03,SUP-001,DIRECT-KPK,ING-004,1048.79,554.71,581772.28,30
PO-000947,2025-04-04,2025-04-06,SUP-001,DIRECT-KPK,ING-004,1289.41,586.82,756650.33,30
PO-000948,2025-04-07,2025-04-09,SUP-001,DIRECT-KPK,ING-004,729.86,542.22,395741.13,30
PO-000949,2025-04-11,2025-04-13,SUP-001,DIRECT-KPK,ING-004,1313.8,541.46,711363.94,30
PO-000950,2025-04-13,2025-04-15,SUP-001,DIRECT-KPK,ING-004,960.26,564.09,541670.28,30
PO-000951,2025-04-16,2025-04-18,SUP-001,DIRECT-KPK,ING-004,1238.48,573.22,709923.06,30
PO-000952,2025-04-19,2025-04-21,SUP-001,DIRECT-KPK,ING-004,1147.47,540.1,619754.6,30
PO-000953,2025-04-22,2025-04-24,SUP-001,DIRECT-KPK,ING-004,873.86,557.43,487115.42,30
PO-000954,2025-04-25,2025-04-27,SUP-001,DIRECT-KPK,ING-004,1524.78,559.63,853316.38,30
PO-000955,2025-04-28,2025-04-30,SUP-001,DIRECT-KPK,ING-004,887.4,582.67,517065.21,30
PO-000956,2025-05-01,2025-05-03,SUP-001,DIRECT-KPK,ING-004,1439.65,483.96,696735.28,30
PO-000957,2025-05-04,2025-05-06,SUP-001,DIRECT-KPK,ING-004,822.71,500.58,411829.39,30
PO-000958,2025-05-07,2025-05-09,SUP-001,DIRECT-KPK,ING-004,1072.42,470.85,504948.66,30
PO-000959,2025-05-10,2025-05-12,SUP-001,DIRECT-KPK,ING-004,1151.66,484.14,557562.91,30
PO-000960,2025-05-14,2025-05-16,SUP-001,DIRECT-KPK,ING-004,860.96,485.83,418276.48,30
PO-000961,2025-05-17,2025-05-19,SUP-001,DIRECT-KPK,ING-004,1194.91,493.13,589253.12,30
PO-000962,2025-05-19,2025-05-21,SUP-001,DIRECT-KPK,ING-004,691.99,507.96,351498.91,30
PO-000963,2025-05-22,2025-05-24,SUP-001,DIRECT-KPK,ING-004,1324.06,472.1,625088.46,30
PO-000964,2025-05-25,2025-05-27,SUP-001,DIRECT-KPK,ING-004,785.72,472.52,371266.18,30
PO-000965,2025-05-28,2025-05-30,SUP-001,DIRECT-KPK,ING-004,1011.02,486.88,492251.19,30
PO-000966,2025-05-31,2025-06-02,SUP-001,DIRECT-KPK,ING-004,1047.39,469.26,491495.73,30
PO-000967,2025-06-04,2025-06-06,SUP-001,DIRECT-KPK,ING-004,752.09,461.85,347349.23,30
PO-000968,2025-06-06,2025-06-08,SUP-001,DIRECT-KPK,ING-004,1244.59,482.12,600039.22,30
PO-000969,2025-06-09,2025-06-11,SUP-001,DIRECT-KPK,ING-004,736.3,491.43,361839.48,30
PO-000970,2025-06-12,2025-06-14,SUP-001,DIRECT-KPK,ING-004,1301.93,458.27,596633.05,30
PO-000971,2025-06-15,2025-06-17,SUP-001,DIRECT-KPK,ING-004,800.86,479.5,384007.58,30
PO-000972,2025-06-18,2025-06-20,SUP-001,DIRECT-KPK,ING-004,967.04,481.15,465293.59,30
PO-000973,2025-06-21,2025-06-23,SUP-001,DIRECT-KPK,ING-004,1116.49,471.24,526134.71,30
PO-000974,2025-06-24,2025-06-26,SUP-001,DIRECT-KPK,ING-004,827.72,454.65,376318.07,30
PO-000975,2025-06-27,2025-06-29,SUP-001,DIRECT-KPK,ING-004,1394.77,487.81,680385.94,30
PO-000976,2025-06-30,2025-07-02,SUP-001,DIRECT-KPK,ING-004,244.32,475.16,116088.81,30
PO-000977,2025-01-01,2025-01-03,SUP-001,DIRECT-KPK,ING-005,894.78,515.43,461200.89,30
PO-000978,2025-01-06,2025-01-08,SUP-001,DIRECT-KPK,ING-005,839.24,478.5,401575.11,30
PO-000979,2025-01-07,2025-01-09,SUP-001,DIRECT-KPK,ING-005,690.45,485.91,335497.41,30
PO-000980,2025-01-10,2025-01-12,SUP-001,DIRECT-KPK,ING-005,1057.67,512.56,542118.24,30
PO-000981,2025-01-13,2025-01-15,SUP-001,DIRECT-KPK,ING-005,652.83,499.13,325846.45,30
PO-000982,2025-01-16,2025-01-18,SUP-001,DIRECT-KPK,ING-005,1014.86,513.67,521296.24,30
PO-000983,2025-01-19,2025-01-21,SUP-001,DIRECT-KPK,ING-005,665.31,510.63,339730.14,30
PO-000984,2025-01-22,2025-01-24,SUP-001,DIRECT-KPK,ING-005,895.65,503.15,450650.51,30
PO-000985,2025-01-25,2025-01-27,SUP-001,DIRECT-KPK,ING-005,924.94,496.42,459156.87,30
PO-000986,2025-01-28,2025-01-30,SUP-001,DIRECT-KPK,ING-005,630.24,515.04,324596.21,30
PO-000987,2025-01-31,2025-02-02,SUP-001,DIRECT-KPK,ING-005,1123.64,504.76,567173.11,30
PO-000988,2025-02-03,2025-02-05,SUP-001,DIRECT-KPK,ING-005,674.77,507.02,342120.41,30
PO-000989,2025-02-06,2025-02-08,SUP-001,DIRECT-KPK,ING-005,1116.55,497.37,555337.68,30
PO-000990,2025-02-09,2025-02-11,SUP-001,DIRECT-KPK,ING-005,638.67,538.99,344238.5,30
PO-000991,2025-02-12,2025-02-14,SUP-001,DIRECT-KPK,ING-005,926.45,516.22,478251.03,30
PO-000992,2025-02-17,2025-02-19,SUP-001,DIRECT-KPK,ING-005,891.23,544.16,484975.79,30
PO-000993,2025-02-18,2025-02-20,SUP-001,DIRECT-KPK,ING-005,700.75,541.73,379616.88,30
PO-000994,2025-02-21,2025-02-23,SUP-001,DIRECT-KPK,ING-005,1065.65,543.59,579275.68,30
PO-000995,2025-02-24,2025-02-26,SUP-001,DIRECT-KPK,ING-005,652.51,521.83,340502.33,30
PO-000996,2025-02-27,2025-03-01,SUP-001,DIRECT-KPK,ING-005,1363.66,499.19,680719.63,30
PO-000997,2025-03-03,2025-03-05,SUP-001,DIRECT-KPK,ING-005,1272.39,560.74,713474.69,30
PO-000998,2025-03-05,2025-03-07,SUP-001,DIRECT-KPK,ING-005,1553.87,561.26,872133.03,30
PO-000999,2025-03-08,2025-03-10,SUP-001,DIRECT-KPK,ING-005,1632.97,561.16,916350.0,30
PO-001000,2025-03-11,2025-03-13,SUP-001,DIRECT-KPK,ING-005,1129.53,582.25,657665.54,30
PO-001001,2025-03-14,2025-03-16,SUP-001,DIRECT-KPK,ING-005,2028.37,556.93,1129654.17,30
PO-001002,2025-03-17,2025-03-19,SUP-001,DIRECT-KPK,ING-005,1085.91,599.44,650929.97,30
PO-001003,2025-03-20,2025-03-22,SUP-001,DIRECT-KPK,ING-005,1889.01,572.22,1080925.0,30
PO-001004,2025-03-23,2025-03-25,SUP-001,DIRECT-KPK,ING-005,1250.33,576.16,720388.35,30
PO-001005,2025-03-26,2025-03-28,SUP-001,DIRECT-KPK,ING-005,1550.03,601.6,932504.43,30
PO-001006,2025-03-29,2025-03-31,SUP-001,DIRECT-KPK,ING-005,1522.61,587.3,894233.92,30
PO-001007,2025-04-01,2025-04-03,SUP-001,DIRECT-KPK,ING-005,851.09,558.62,475433.52,30
PO-001008,2025-04-04,2025-04-06,SUP-001,DIRECT-KPK,ING-005,1181.24,525.94,621266.11,30
PO-001009,2025-04-07,2025-04-09,SUP-001,DIRECT-KPK,ING-005,647.75,535.21,346680.92,30
PO-001010,2025-04-10,2025-04-12,SUP-001,DIRECT-KPK,ING-005,1183.01,539.71,638476.1,30
PO-001011,2025-04-15,2025-04-17,SUP-001,DIRECT-KPK,ING-005,805.46,518.49,417622.34,30
PO-001012,2025-04-16,2025-04-18,SUP-001,DIRECT-KPK,ING-005,1017.61,549.38,559054.91,30
PO-001013,2025-04-19,2025-04-21,SUP-001,DIRECT-KPK,ING-005,1016.49,556.09,565255.26,30
PO-001014,2025-04-22,2025-04-24,SUP-001,DIRECT-KPK,ING-005,752.68,532.96,401144.88,30
PO-001015,2025-04-27,2025-04-29,SUP-001,DIRECT-KPK,ING-005,1337.15,542.82,725831.26,30
PO-001016,2025-04-28,2025-04-30,SUP-001,DIRECT-KPK,ING-005,732.01,546.6,400122.93,30
PO-001017,2025-05-01,2025-05-03,SUP-001,DIRECT-KPK,ING-005,1384.1,450.82,623977.31,30
PO-001018,2025-05-04,2025-05-06,SUP-001,DIRECT-KPK,ING-005,721.01,471.05,339627.65,30
PO-001019,2025-05-07,2025-05-09,SUP-001,DIRECT-KPK,ING-005,997.92,491.59,490564.46,30
PO-001020,2025-05-10,2025-05-12,SUP-001,DIRECT-KPK,ING-005,1053.09,469.73,494670.4,30
PO-001021,2025-05-13,2025-05-15,SUP-001,DIRECT-KPK,ING-005,704.53,478.23,336929.04,30
PO-001022,2025-05-16,2025-05-18,SUP-001,DIRECT-KPK,ING-005,1104.59,449.9,496953.52,30
PO-001023,2025-05-19,2025-05-21,SUP-001,DIRECT-KPK,ING-005,640.94,459.97,294816.99,30
PO-001024,2025-05-23,2025-05-25,SUP-001,DIRECT-KPK,ING-005,1079.63,488.35,527239.33,30
PO-001025,2025-05-25,2025-05-27,SUP-001,DIRECT-KPK,ING-005,704.27,489.21,344536.59,30
PO-001026,2025-05-28,2025-05-30,SUP-001,DIRECT-KPK,ING-005,880.11,461.57,406236.45,30
PO-001027,2025-05-31,2025-06-02,SUP-001,DIRECT-KPK,ING-005,999.72,454.69,454559.06,30
PO-001028,2025-06-03,2025-06-05,SUP-001,DIRECT-KPK,ING-005,657.3,467.06,306999.76,30
PO-001029,2025-06-06,2025-06-08,SUP-001,DIRECT-KPK,ING-005,1167.81,446.78,521748.14,30
PO-001030,2025-06-09,2025-06-11,SUP-001,DIRECT-KPK,ING-005,597.94,467.03,279254.34,30
PO-001031,2025-06-12,2025-06-14,SUP-001,DIRECT-KPK,ING-005,1060.46,448.37,475474.1,30
PO-001032,2025-06-15,2025-06-17,SUP-001,DIRECT-KPK,ING-005,707.63,442.41,313058.42,30
PO-001033,2025-06-18,2025-06-20,SUP-001,DIRECT-KPK,ING-005,838.92,454.91,381633.93,30
PO-001034,2025-06-21,2025-06-23,SUP-001,DIRECT-KPK,ING-005,958.46,448.02,429406.44,30
PO-001035,2025-06-24,2025-06-26,SUP-001,DIRECT-KPK,ING-005,656.61,438.17,287704.5,30
PO-001036,2025-06-27,2025-06-29,SUP-001,DIRECT-KPK,ING-005,1197.32,464.31,555927.21,30
PO-001037,2025-06-30,2025-07-02,SUP-001,DIRECT-KPK,ING-005,211.9,446.92,94704.37,30
PO-001038,2025-01-01,2025-01-03,SUP-001,DIRECT-KPK,ING-006,326.7,660.02,215626.0,30
PO-001039,2025-01-04,2025-01-06,SUP-001,DIRECT-KPK,ING-006,293.87,718.75,211223.72,30
PO-001040,2025-01-08,2025-01-10,SUP-001,DIRECT-KPK,ING-006,249.39,680.76,169773.24,30
PO-001041,2025-01-10,2025-01-12,SUP-001,DIRECT-KPK,ING-006,396.6,693.65,275106.1,30
PO-001042,2025-01-13,2025-01-15,SUP-001,DIRECT-KPK,ING-006,242.54,658.17,159632.77,30
PO-001043,2025-01-16,2025-01-18,SUP-001,DIRECT-KPK,ING-006,380.99,705.05,268616.51,30
PO-001044,2025-01-19,2025-01-21,SUP-001,DIRECT-KPK,ING-006,277.12,699.69,193901.27,30
PO-001045,2025-01-22,2025-01-24,SUP-001,DIRECT-KPK,ING-006,321.13,699.33,224575.53,30
PO-001046,2025-01-25,2025-01-27,SUP-001,DIRECT-KPK,ING-006,294.84,680.39,200608.6,30
PO-001047,2025-01-28,2025-01-30,SUP-001,DIRECT-KPK,ING-006,246.36,667.98,164567.35,30
PO-001048,2025-01-31,2025-02-02,SUP-001,DIRECT-KPK,ING-006,380.58,658.5,250614.54,30
PO-001049,2025-02-03,2025-02-05,SUP-001,DIRECT-KPK,ING-006,246.14,713.53,175627.14,30
PO-001050,2025-02-07,2025-02-09,SUP-001,DIRECT-KPK,ING-006,369.56,759.73,280766.25,30
PO-001051,2025-02-09,2025-02-11,SUP-001,DIRECT-KPK,ING-006,244.28,699.73,170931.62,30
PO-001052,2025-02-12,2025-02-14,SUP-001,DIRECT-KPK,ING-006,317.71,726.23,230729.37,30
PO-001053,2025-02-15,2025-02-17,SUP-001,DIRECT-KPK,ING-006,309.92,724.78,224621.96,30
PO-001054,2025-02-20,2025-02-22,SUP-001,DIRECT-KPK,ING-006,268.28,752.58,201898.42,30
PO-001055,2025-02-21,2025-02-23,SUP-001,DIRECT-KPK,ING-006,413.04,751.47,310386.37,30
PO-001056,2025-02-24,2025-02-26,SUP-001,DIRECT-KPK,ING-006,232.79,723.74,168477.85,30
PO-001057,2025-02-27,2025-03-01,SUP-001,DIRECT-KPK,ING-006,473.54,733.71,347443.5,30
PO-001058,2025-03-04,2025-03-06,SUP-001,DIRECT-KPK,ING-006,414.76,826.98,342994.75,30
PO-001059,2025-03-05,2025-03-07,SUP-001,DIRECT-KPK,ING-006,509.78,789.4,402424.08,30
PO-001060,2025-03-08,2025-03-10,SUP-001,DIRECT-KPK,ING-006,508.59,823.67,418909.03,30
PO-001061,2025-03-13,2025-03-15,SUP-001,DIRECT-KPK,ING-006,401.85,818.32,328844.04,30
PO-001062,2025-03-15,2025-03-17,SUP-001,DIRECT-KPK,ING-006,569.69,788.23,449045.28,30
PO-001063,2025-03-17,2025-03-19,SUP-001,DIRECT-KPK,ING-006,356.07,837.02,298033.44,30
PO-001064,2025-03-20,2025-03-22,SUP-001,DIRECT-KPK,ING-006,591.67,843.48,499064.74,30
PO-001065,2025-03-23,2025-03-25,SUP-001,DIRECT-KPK,ING-006,477.9,774.56,370162.83,30
PO-001066,2025-03-26,2025-03-28,SUP-001,DIRECT-KPK,ING-006,493.76,827.5,408583.82,30
PO-001067,2025-03-29,2025-03-31,SUP-001,DIRECT-KPK,ING-006,554.14,820.22,454514.81,30
PO-001068,2025-04-02,2025-04-04,SUP-001,DIRECT-KPK,ING-006,338.48,722.38,244513.3,30
PO-001069,2025-04-04,2025-04-06,SUP-001,DIRECT-KPK,ING-006,398.18,764.44,304384.28,30
PO-001070,2025-04-07,2025-04-09,SUP-001,DIRECT-KPK,ING-006,261.35,751.73,196464.94,30
PO-001071,2025-04-10,2025-04-12,SUP-001,DIRECT-KPK,ING-006,406.48,724.51,294500.29,30
PO-001072,2025-04-13,2025-04-15,SUP-001,DIRECT-KPK,ING-006,292.35,787.26,230153.31,30
PO-001073,2025-04-16,2025-04-18,SUP-001,DIRECT-KPK,ING-006,384.58,745.7,286781.31,30
PO-001074,2025-04-19,2025-04-21,SUP-001,DIRECT-KPK,ING-006,406.34,783.49,318361.43,30
PO-001075,2025-04-22,2025-04-24,SUP-001,DIRECT-KPK,ING-006,282.81,734.36,207685.94,30
PO-001076,2025-04-25,2025-04-27,SUP-001,DIRECT-KPK,ING-006,455.03,721.96,328513.93,30
PO-001077,2025-04-28,2025-04-30,SUP-001,DIRECT-KPK,ING-006,305.93,793.22,242673.53,30
PO-001078,2025-05-02,2025-05-04,SUP-001,DIRECT-KPK,ING-006,448.4,650.18,291543.51,30
PO-001079,2025-05-04,2025-05-06,SUP-001,DIRECT-KPK,ING-006,291.72,645.81,188399.77,30
PO-001080,2025-05-07,2025-05-09,SUP-001,DIRECT-KPK,ING-006,345.61,648.68,224191.92,30
PO-001081,2025-05-10,2025-05-12,SUP-001,DIRECT-KPK,ING-006,346.93,682.3,236711.74,30
PO-001082,2025-05-13,2025-05-15,SUP-001,DIRECT-KPK,ING-006,293.56,640.37,187984.7,30
PO-001083,2025-05-17,2025-05-19,SUP-001,DIRECT-KPK,ING-006,371.71,626.69,232944.07,30
PO-001084,2025-05-21,2025-05-23,SUP-001,DIRECT-KPK,ING-006,220.6,649.56,143290.78,30
PO-001085,2025-05-22,2025-05-24,SUP-001,DIRECT-KPK,ING-006,373.74,625.17,233651.93,30
PO-001086,2025-05-25,2025-05-27,SUP-001,DIRECT-KPK,ING-006,278.88,622.77,173678.14,30
PO-001087,2025-05-28,2025-05-30,SUP-001,DIRECT-KPK,ING-006,298.82,636.99,190347.24,30
PO-001088,2025-05-31,2025-06-02,SUP-001,DIRECT-KPK,ING-006,344.4,651.89,224511.9,30
PO-001089,2025-06-03,2025-06-05,SUP-001,DIRECT-KPK,ING-006,259.43,628.74,163114.52,30
PO-001090,2025-06-06,2025-06-08,SUP-001,DIRECT-KPK,ING-006,409.97,632.38,259254.85,30
PO-001091,2025-06-09,2025-06-11,SUP-001,DIRECT-KPK,ING-006,230.03,617.94,142144.34,30
PO-001092,2025-06-12,2025-06-14,SUP-001,DIRECT-KPK,ING-006,367.48,661.83,243207.71,30
PO-001093,2025-06-15,2025-06-17,SUP-001,DIRECT-KPK,ING-006,277.44,615.47,170755.55,30
PO-001094,2025-06-19,2025-06-21,SUP-001,DIRECT-KPK,ING-006,309.78,624.73,193532.27,30
PO-001095,2025-06-21,2025-06-23,SUP-001,DIRECT-KPK,ING-006,329.05,650.45,214029.39,30
PO-001096,2025-06-24,2025-06-26,SUP-001,DIRECT-KPK,ING-006,277.28,618.14,171399.67,30
PO-001097,2025-06-27,2025-06-29,SUP-001,DIRECT-KPK,ING-006,396.64,634.61,251710.86,30
PO-001098,2025-06-30,2025-07-02,SUP-001,DIRECT-KPK,ING-006,85.94,607.21,52185.28,30
PO-001099,2025-01-03,2025-01-05,SUP-001,DIRECT-Punjab,ING-001,5055.59,719.14,3635696.29,30
PO-001100,2025-01-06,2025-01-08,SUP-001,DIRECT-Punjab,ING-001,3857.74,742.81,2865581.85,30
PO-001101,2025-01-07,2025-01-09,SUP-001,DIRECT-Punjab,ING-001,4082.15,714.95,2918530.77,30
PO-001102,2025-01-10,2025-01-12,SUP-001,DIRECT-Punjab,ING-001,4609.48,730.2,3365824.59,30
PO-001103,2025-01-15,2025-01-17,SUP-001,DIRECT-Punjab,ING-001,3930.79,736.72,2895900.15,30
PO-001104,2025-01-16,2025-01-18,SUP-001,DIRECT-Punjab,ING-001,4555.07,703.7,3205407.09,30
PO-001105,2025-01-19,2025-01-21,SUP-001,DIRECT-Punjab,ING-001,3273.68,730.9,2392737.29,30
PO-001106,2025-01-22,2025-01-24,SUP-001,DIRECT-Punjab,ING-001,4413.94,745.3,3289712.75,30
PO-001107,2025-01-25,2025-01-27,SUP-001,DIRECT-Punjab,ING-001,4218.05,705.6,2976241.04,30
PO-001108,2025-01-28,2025-01-30,SUP-001,DIRECT-Punjab,ING-001,3995.8,723.71,2891818.96,30
PO-001109,2025-02-02,2025-02-04,SUP-001,DIRECT-Punjab,ING-001,4921.54,740.61,3644955.17,30
PO-001110,2025-02-03,2025-02-05,SUP-001,DIRECT-Punjab,ING-001,3894.76,740.43,2883814.61,30
PO-001111,2025-02-06,2025-02-08,SUP-001,DIRECT-Punjab,ING-001,4313.62,729.56,3147052.38,30
PO-001112,2025-02-09,2025-02-11,SUP-001,DIRECT-Punjab,ING-001,3407.31,722.74,2462602.63,30
PO-001113,2025-02-12,2025-02-14,SUP-001,DIRECT-Punjab,ING-001,4853.01,762.11,3698549.08,30
PO-001114,2025-02-15,2025-02-17,SUP-001,DIRECT-Punjab,ING-001,4149.64,789.03,3274211.39,30
PO-001115,2025-02-18,2025-02-20,SUP-001,DIRECT-Punjab,ING-001,3790.53,778.92,2952524.74,30
PO-001116,2025-02-21,2025-02-23,SUP-001,DIRECT-Punjab,ING-001,4414.03,765.22,3377710.04,30
PO-001117,2025-02-25,2025-02-27,SUP-001,DIRECT-Punjab,ING-001,3957.79,724.63,2867950.67,30
PO-001118,2025-02-27,2025-03-01,SUP-001,DIRECT-Punjab,ING-001,4876.04,757.34,3692818.84,30
PO-001119,2025-03-02,2025-03-04,SUP-001,DIRECT-Punjab,ING-001,4530.74,811.06,3674685.08,30
PO-001120,2025-03-05,2025-03-07,SUP-001,DIRECT-Punjab,ING-001,6586.06,829.28,5461677.98,30
PO-001121,2025-03-08,2025-03-10,SUP-001,DIRECT-Punjab,ING-001,5171.34,858.07,4437351.49,30
PO-001122,2025-03-11,2025-03-13,SUP-001,DIRECT-Punjab,ING-001,5320.56,856.68,4558004.2,30
PO-001123,2025-03-14,2025-03-16,SUP-001,DIRECT-Punjab,ING-001,6347.67,890.46,5652329.66,30
PO-001124,2025-03-17,2025-03-19,SUP-001,DIRECT-Punjab,ING-001,5458.16,874.11,4771025.69,30
PO-001125,2025-03-20,2025-03-22,SUP-001,DIRECT-Punjab,ING-001,5793.71,864.07,5006167.77,30
PO-001126,2025-03-23,2025-03-25,SUP-001,DIRECT-Punjab,ING-001,5053.62,823.04,4159321.17,30
PO-001127,2025-03-26,2025-03-28,SUP-001,DIRECT-Punjab,ING-001,6230.81,823.91,5133658.62,30
PO-001128,2025-03-29,2025-03-31,SUP-001,DIRECT-Punjab,ING-001,5783.02,876.5,5068818.19,30
PO-001129,2025-04-01,2025-04-03,SUP-001,DIRECT-Punjab,ING-001,5689.03,755.48,4297965.39,30
PO-001130,2025-04-04,2025-04-06,SUP-001,DIRECT-Punjab,ING-001,4647.24,773.08,3592665.68,30
PO-001131,2025-04-07,2025-04-09,SUP-001,DIRECT-Punjab,ING-001,3901.69,778.06,3035761.13,30
PO-001132,2025-04-11,2025-04-13,SUP-001,DIRECT-Punjab,ING-001,4906.83,770.42,3780324.53,30
PO-001133,2025-04-13,2025-04-15,SUP-001,DIRECT-Punjab,ING-001,3876.64,817.14,3167759.85,30
PO-001134,2025-04-17,2025-04-19,SUP-001,DIRECT-Punjab,ING-001,5211.22,754.25,3930587.3,30
PO-001135,2025-04-19,2025-04-21,SUP-001,DIRECT-Punjab,ING-001,4972.36,825.34,4103881.87,30
PO-001136,2025-04-22,2025-04-24,SUP-001,DIRECT-Punjab,ING-001,4740.24,769.5,3647630.74,30
PO-001137,2025-04-25,2025-04-27,SUP-001,DIRECT-Punjab,ING-001,5040.82,793.14,3998057.15,30
PO-001138,2025-04-30,2025-05-02,SUP-001,DIRECT-Punjab,ING-001,4617.54,766.25,3538179.16,30
PO-001139,2025-05-01,2025-05-03,SUP-001,DIRECT-Punjab,ING-001,5296.26,694.87,3680207.88,30
PO-001140,2025-05-04,2025-05-06,SUP-001,DIRECT-Punjab,ING-001,3784.92,657.71,2489369.75,30
PO-001141,2025-05-07,2025-05-09,SUP-001,DIRECT-Punjab,ING-001,5130.44,659.92,3385695.81,30
PO-001142,2025-05-10,2025-05-12,SUP-001,DIRECT-Punjab,ING-001,4486.05,696.62,3125090.66,30
PO-001143,2025-05-13,2025-05-15,SUP-001,DIRECT-Punjab,ING-001,4169.86,653.93,2726806.97,30
PO-001144,2025-05-16,2025-05-18,SUP-001,DIRECT-Punjab,ING-001,4577.74,696.99,3190644.59,30
PO-001145,2025-05-20,2025-05-22,SUP-001,DIRECT-Punjab,ING-001,3562.09,716.55,2552432.32,30
PO-001146,2025-05-22,2025-05-24,SUP-001,DIRECT-Punjab,ING-001,4444.61,706.38,3139563.73,30
PO-001147,2025-05-25,2025-05-27,SUP-001,DIRECT-Punjab,ING-001,3398.58,661.44,2247953.86,30
PO-001148,2025-05-28,2025-05-30,SUP-001,DIRECT-Punjab,ING-001,4860.02,674.65,3278794.87,30
PO-001149,2025-05-31,2025-06-02,SUP-001,DIRECT-Punjab,ING-001,3981.58,663.29,2640928.31,30
PO-001150,2025-06-05,2025-06-07,SUP-001,DIRECT-Punjab,ING-001,3759.29,650.41,2445093.43,30
PO-001151,2025-06-06,2025-06-08,SUP-001,DIRECT-Punjab,ING-001,5043.23,693.76,3498782.13,30
PO-001152,2025-06-09,2025-06-11,SUP-001,DIRECT-Punjab,ING-001,3912.84,685.5,2682256.78,30
PO-001153,2025-06-12,2025-06-14,SUP-001,DIRECT-Punjab,ING-001,4684.64,643.26,3013423.81,30
PO-001154,2025-06-15,2025-06-17,SUP-001,DIRECT-Punjab,ING-001,3520.76,672.33,2367103.06,30
PO-001155,2025-06-18,2025-06-20,SUP-001,DIRECT-Punjab,ING-001,4339.7,669.17,2904016.15,30
PO-001156,2025-06-21,2025-06-23,SUP-001,DIRECT-Punjab,ING-001,4168.98,646.23,2694113.95,30
PO-001157,2025-06-24,2025-06-26,SUP-001,DIRECT-Punjab,ING-001,4304.59,672.49,2894806.94,30
PO-001158,2025-06-27,2025-06-29,SUP-001,DIRECT-Punjab,ING-001,4686.16,641.48,3006057.41,30
PO-001159,2025-06-30,2025-07-02,SUP-001,DIRECT-Punjab,ING-001,1104.5,638.54,705267.12,30
PO-001160,2025-01-01,2025-01-03,SUP-001,DIRECT-Punjab,ING-002,6209.94,605.51,3760182.72,30
PO-001161,2025-01-04,2025-01-06,SUP-001,DIRECT-Punjab,ING-002,5987.52,583.61,3494399.65,30
PO-001162,2025-01-07,2025-01-09,SUP-001,DIRECT-Punjab,ING-002,4609.45,553.5,2551336.96,30
PO-001163,2025-01-10,2025-01-12,SUP-001,DIRECT-Punjab,ING-002,7383.25,558.83,4125949.22,30
PO-001164,2025-01-13,2025-01-15,SUP-001,DIRECT-Punjab,ING-002,4502.11,562.78,2533698.48,30
PO-001165,2025-01-16,2025-01-18,SUP-001,DIRECT-Punjab,ING-002,7611.97,572.75,4359761.4,30
PO-001166,2025-01-19,2025-01-21,SUP-001,DIRECT-Punjab,ING-002,4636.15,559.28,2592907.63,30
PO-001167,2025-01-22,2025-01-24,SUP-001,DIRECT-Punjab,ING-002,6080.67,555.89,3380157.83,30
PO-001168,2025-01-25,2025-01-27,SUP-001,DIRECT-Punjab,ING-002,6298.43,572.32,3604695.36,30
PO-001169,2025-01-28,2025-01-30,SUP-001,DIRECT-Punjab,ING-002,5035.38,583.94,2940340.11,30
PO-001170,2025-01-31,2025-02-02,SUP-001,DIRECT-Punjab,ING-002,7932.31,597.82,4742121.18,30
PO-001171,2025-02-03,2025-02-05,SUP-001,DIRECT-Punjab,ING-002,4948.59,610.25,3019857.86,30
PO-001172,2025-02-06,2025-02-08,SUP-001,DIRECT-Punjab,ING-002,7807.53,621.25,4850443.95,30
PO-001173,2025-02-09,2025-02-11,SUP-001,DIRECT-Punjab,ING-002,4931.78,596.74,2942975.46,30
PO-001174,2025-02-13,2025-02-15,SUP-001,DIRECT-Punjab,ING-002,5931.39,635.3,3768188.98,30
PO-001175,2025-02-16,2025-02-18,SUP-001,DIRECT-Punjab,ING-002,6517.99,595.23,3879670.8,30
PO-001176,2025-02-18,2025-02-20,SUP-001,DIRECT-Punjab,ING-002,5088.59,594.63,3025814.65,30
PO-001177,2025-02-22,2025-02-24,SUP-001,DIRECT-Punjab,ING-002,7669.72,636.96,4885264.9,30
PO-001178,2025-02-24,2025-02-26,SUP-001,DIRECT-Punjab,ING-002,4583.48,633.92,2905566.71,30
PO-001179,2025-02-27,2025-03-01,SUP-001,DIRECT-Punjab,ING-002,9085.04,631.45,5736709.66,30
PO-001180,2025-03-02,2025-03-04,SUP-001,DIRECT-Punjab,ING-002,8674.43,681.03,5907582.96,30
PO-001181,2025-03-05,2025-03-07,SUP-001,DIRECT-Punjab,ING-002,10255.07,704.99,7229739.1,30
PO-001182,2025-03-08,2025-03-10,SUP-001,DIRECT-Punjab,ING-002,10854.01,700.85,7607039.98,30
PO-001183,2025-03-11,2025-03-13,SUP-001,DIRECT-Punjab,ING-002,7745.57,712.86,5521527.01,30
PO-001184,2025-03-14,2025-03-16,SUP-001,DIRECT-Punjab,ING-002,13700.18,660.6,9050313.89,30
PO-001185,2025-03-17,2025-03-19,SUP-001,DIRECT-Punjab,ING-002,7700.38,718.19,5530332.83,30
PO-001186,2025-03-20,2025-03-22,SUP-001,DIRECT-Punjab,ING-002,12804.44,686.88,8795154.8,30
PO-001187,2025-03-23,2025-03-25,SUP-001,DIRECT-Punjab,ING-002,9382.47,660.97,6201567.4,30
PO-001188,2025-03-26,2025-03-28,SUP-001,DIRECT-Punjab,ING-002,10784.86,674.45,7273823.45,30
PO-001189,2025-03-29,2025-03-31,SUP-001,DIRECT-Punjab,ING-002,10693.54,692.88,7409373.99,30
PO-001190,2025-04-01,2025-04-03,SUP-001,DIRECT-Punjab,ING-002,6753.02,662.2,4471864.16,30
PO-001191,2025-04-05,2025-04-07,SUP-001,DIRECT-Punjab,ING-002,7606.33,638.71,4858212.32,30
PO-001192,2025-04-07,2025-04-09,SUP-001,DIRECT-Punjab,ING-002,4538.59,664.92,3017792.45,30
PO-001193,2025-04-10,2025-04-12,SUP-001,DIRECT-Punjab,ING-002,8873.03,619.64,5498062.44,30
PO-001194,2025-04-13,2025-04-15,SUP-001,DIRECT-Punjab,ING-002,5660.72,614.82,3480342.16,30
PO-001195,2025-04-16,2025-04-18,SUP-001,DIRECT-Punjab,ING-002,6853.47,617.86,4234488.63,30
PO-001196,2025-04-19,2025-04-21,SUP-001,DIRECT-Punjab,ING-002,6998.83,654.62,4581555.02,30
PO-001197,2025-04-23,2025-04-25,SUP-001,DIRECT-Punjab,ING-002,5422.43,634.14,3438579.98,30
PO-001198,2025-04-25,2025-04-27,SUP-001,DIRECT-Punjab,ING-002,8722.24,650.1,5670340.15,30
PO-001199,2025-04-28,2025-04-30,SUP-001,DIRECT-Punjab,ING-002,5180.09,621.9,3221512.59,30
PO-001200,2025-05-01,2025-05-03,SUP-001,DIRECT-Punjab,ING-002,8844.7,548.06,4847397.9,30
PO-001201,2025-05-04,2025-05-06,SUP-001,DIRECT-Punjab,ING-002,5632.06,554.74,3124341.33,30
PO-001202,2025-05-07,2025-05-09,SUP-001,DIRECT-Punjab,ING-002,6943.01,523.83,3636922.53,30
PO-001203,2025-05-11,2025-05-13,SUP-001,DIRECT-Punjab,ING-002,7058.13,547.36,3863339.82,30
PO-001204,2025-05-13,2025-05-15,SUP-001,DIRECT-Punjab,ING-002,5131.02,541.23,2777082.74,30
PO-001205,2025-05-16,2025-05-18,SUP-001,DIRECT-Punjab,ING-002,7757.54,555.3,4307729.36,30
PO-001206,2025-05-20,2025-05-22,SUP-001,DIRECT-Punjab,ING-002,4264.76,554.65,2365453.05,30
PO-001207,2025-05-22,2025-05-24,SUP-001,DIRECT-Punjab,ING-002,6982.19,544.68,3803089.94,30
PO-001208,2025-05-25,2025-05-27,SUP-001,DIRECT-Punjab,ING-002,5166.75,530.04,2738568.03,30
PO-001209,2025-05-28,2025-05-30,SUP-001,DIRECT-Punjab,ING-002,5991.87,532.6,3191289.47,30
PO-001210,2025-05-31,2025-06-02,SUP-001,DIRECT-Punjab,ING-002,6619.05,577.68,3823678.56,30
PO-001211,2025-06-04,2025-06-06,SUP-001,DIRECT-Punjab,ING-002,4713.76,549.78,2591527.19,30
PO-001212,2025-06-06,2025-06-08,SUP-001,DIRECT-Punjab,ING-002,8055.99,554.58,4467688.78,30
PO-001213,2025-06-09,2025-06-11,SUP-001,DIRECT-Punjab,ING-002,4493.74,529.59,2379837.25,30
PO-001214,2025-06-12,2025-06-14,SUP-001,DIRECT-Punjab,ING-002,7027.47,547.79,3849546.33,30
PO-001215,2025-06-15,2025-06-17,SUP-001,DIRECT-Punjab,ING-002,4731.92,519.36,2457588.35,30
PO-001216,2025-06-19,2025-06-21,SUP-001,DIRECT-Punjab,ING-002,5925.45,535.68,3174135.17,30
PO-001217,2025-06-21,2025-06-23,SUP-001,DIRECT-Punjab,ING-002,6240.34,534.33,3334388.0,30
PO-001218,2025-06-24,2025-06-26,SUP-001,DIRECT-Punjab,ING-002,4572.87,520.07,2378198.57,30
PO-001219,2025-06-27,2025-06-29,SUP-001,DIRECT-Punjab,ING-002,7897.26,521.63,4119444.02,30
PO-001220,2025-06-30,2025-07-02,SUP-001,DIRECT-Punjab,ING-002,1469.79,530.61,779884.16,30
PO-001221,2025-01-01,2025-01-03,SUP-002,DIRECT-Punjab,ING-003,2016.47,535.35,1079520.63,30
PO-001222,2025-01-04,2025-01-06,SUP-002,DIRECT-Punjab,ING-003,1940.12,530.98,1030165.44,30
PO-001223,2025-01-07,2025-01-09,SUP-002,DIRECT-Punjab,ING-003,1707.22,561.35,958345.42,30
PO-001224,2025-01-10,2025-01-12,SUP-002,DIRECT-Punjab,ING-003,2377.21,557.8,1325998.32,30
PO-001225,2025-01-13,2025-01-15,SUP-002,DIRECT-Punjab,ING-003,1476.36,531.7,784977.03,30
PO-001226,2025-01-16,2025-01-18,SUP-002,DIRECT-Punjab,ING-003,2201.72,548.43,1207491.94,30
PO-001227,2025-01-19,2025-01-21,SUP-002,DIRECT-Punjab,ING-003,1716.9,514.06,882592.37,30
PO-001228,2025-01-22,2025-01-24,SUP-002,DIRECT-Punjab,ING-003,1997.58,543.23,1085147.21,30
PO-001229,2025-01-25,2025-01-27,SUP-002,DIRECT-Punjab,ING-003,2042.09,559.37,1142283.66,30
PO-001230,2025-01-28,2025-01-30,SUP-002,DIRECT-Punjab,ING-003,1783.08,565.95,1009142.73,30
PO-001231,2025-01-31,2025-02-02,SUP-002,DIRECT-Punjab,ING-003,2260.0,531.48,1201143.01,30
PO-001232,2025-02-04,2025-02-06,SUP-002,DIRECT-Punjab,ING-003,1653.02,541.77,895562.88,30
PO-001233,2025-02-06,2025-02-08,SUP-002,DIRECT-Punjab,ING-003,2137.43,554.9,1186050.83,30
PO-001234,2025-02-10,2025-02-12,SUP-002,DIRECT-Punjab,ING-003,1708.34,593.52,1013941.77,30
PO-001235,2025-02-12,2025-02-14,SUP-002,DIRECT-Punjab,ING-003,1866.25,547.77,1022272.61,30
PO-001236,2025-02-15,2025-02-17,SUP-002,DIRECT-Punjab,ING-003,2150.79,563.59,1212157.39,30
PO-001237,2025-02-18,2025-02-20,SUP-002,DIRECT-Punjab,ING-003,1684.03,588.1,990386.3,30
PO-001238,2025-02-22,2025-02-24,SUP-002,DIRECT-Punjab,ING-003,2475.38,566.95,1403424.34,30
PO-001239,2025-02-24,2025-02-26,SUP-002,DIRECT-Punjab,ING-003,1601.99,589.15,943803.61,30
PO-001240,2025-02-27,2025-03-01,SUP-002,DIRECT-Punjab,ING-003,2540.14,571.02,1450472.82,30
PO-001241,2025-03-02,2025-03-04,SUP-002,DIRECT-Punjab,ING-003,2419.58,618.73,1497065.33,30
PO-001242,2025-03-05,2025-03-07,SUP-002,DIRECT-Punjab,ING-003,2676.14,613.75,1642476.71,30
PO-001243,2025-03-09,2025-03-11,SUP-002,DIRECT-Punjab,ING-003,2589.46,636.31,1647697.1,30
PO-001244,2025-03-11,2025-03-13,SUP-002,DIRECT-Punjab,ING-003,2271.9,633.74,1439779.9,30
PO-001245,2025-03-14,2025-03-16,SUP-002,DIRECT-Punjab,ING-003,3310.01,612.16,2026244.09,30
PO-001246,2025-03-17,2025-03-19,SUP-002,DIRECT-Punjab,ING-003,2111.64,643.71,1359275.41,30
PO-001247,2025-03-20,2025-03-22,SUP-002,DIRECT-Punjab,ING-003,3067.15,642.4,1970336.37,30
PO-001248,2025-03-23,2025-03-25,SUP-002,DIRECT-Punjab,ING-003,2606.79,635.91,1657679.63,30
PO-001249,2025-03-26,2025-03-28,SUP-002,DIRECT-Punjab,ING-003,2573.55,654.19,1683590.73,30
PO-001250,2025-03-29,2025-03-31,SUP-002,DIRECT-Punjab,ING-003,2700.71,619.15,1672135.57,30
PO-001251,2025-04-02,2025-04-04,SUP-002,DIRECT-Punjab,ING-003,2299.92,603.35,1387663.11,30
PO-001252,2025-04-04,2025-04-06,SUP-002,DIRECT-Punjab,ING-003,2258.34,579.47,1308639.42,30
PO-001253,2025-04-09,2025-04-11,SUP-002,DIRECT-Punjab,ING-003,1609.56,577.48,929483.31,30
PO-001254,2025-04-10,2025-04-12,SUP-002,DIRECT-Punjab,ING-003,2415.73,603.56,1458032.33,30
PO-001255,2025-04-13,2025-04-15,SUP-002,DIRECT-Punjab,ING-003,1947.98,584.87,1139308.09,30
PO-001256,2025-04-16,2025-04-18,SUP-002,DIRECT-Punjab,ING-003,2286.32,578.91,1323574.73,30
PO-001257,2025-04-20,2025-04-22,SUP-002,DIRECT-Punjab,ING-003,2291.13,583.06,1335873.33,30
PO-001258,2025-04-22,2025-04-24,SUP-002,DIRECT-Punjab,ING-003,1970.97,615.49,1213122.15,30
PO-001259,2025-04-25,2025-04-27,SUP-002,DIRECT-Punjab,ING-003,2772.39,611.88,1696368.82,30
PO-001260,2025-04-28,2025-04-30,SUP-002,DIRECT-Punjab,ING-003,1942.55,589.75,1145626.86,30
PO-001261,2025-05-01,2025-05-03,SUP-002,DIRECT-Punjab,ING-003,2671.75,531.09,1418934.53,30
PO-001262,2025-05-04,2025-05-06,SUP-002,DIRECT-Punjab,ING-003,1990.71,523.11,1041364.41,30
PO-001263,2025-05-08,2025-05-10,SUP-002,DIRECT-Punjab,ING-003,2265.01,517.98,1173234.77,30
PO-001264,2025-05-10,2025-05-12,SUP-002,DIRECT-Punjab,ING-003,2277.29,529.74,1206377.64,30
PO-001265,2025-05-13,2025-05-15,SUP-002,DIRECT-Punjab,ING-003,1927.58,536.3,1033756.26,30
PO-001266,2025-05-16,2025-05-18,SUP-002,DIRECT-Punjab,ING-003,2254.12,537.9,1212503.05,30
PO-001267,2025-05-19,2025-05-21,SUP-002,DIRECT-Punjab,ING-003,1525.6,494.02,753683.35,30
PO-001268,2025-05-22,2025-05-24,SUP-002,DIRECT-Punjab,ING-003,2164.36,525.73,1137872.58,30
PO-001269,2025-05-27,2025-05-29,SUP-002,DIRECT-Punjab,ING-003,1800.71,514.64,926714.89,30
PO-001270,2025-05-29,2025-05-31,SUP-002,DIRECT-Punjab,ING-003,2076.99,493.19,1024356.38,30
PO-001271,2025-05-31,2025-06-02,SUP-002,DIRECT-Punjab,ING-003,2045.44,514.17,1051697.76,30
PO-001272,2025-06-03,2025-06-05,SUP-002,DIRECT-Punjab,ING-003,1756.17,510.78,897011.7,30
PO-001273,2025-06-06,2025-06-08,SUP-002,DIRECT-Punjab,ING-003,2344.55,500.39,1173184.81,30
PO-001274,2025-06-09,2025-06-11,SUP-002,DIRECT-Punjab,ING-003,1639.46,485.04,795200.53,30
PO-001275,2025-06-12,2025-06-14,SUP-002,DIRECT-Punjab,ING-003,2141.76,502.94,1077176.99,30
PO-001276,2025-06-15,2025-06-17,SUP-002,DIRECT-Punjab,ING-003,1886.69,489.7,923916.63,30
PO-001277,2025-06-18,2025-06-20,SUP-002,DIRECT-Punjab,ING-003,2029.09,493.52,1001389.28,30
PO-001278,2025-06-21,2025-06-23,SUP-002,DIRECT-Punjab,ING-003,2059.66,486.55,1002128.76,30
PO-001279,2025-06-24,2025-06-26,SUP-002,DIRECT-Punjab,ING-003,1793.85,514.2,922393.12,30
PO-001280,2025-06-27,2025-06-29,SUP-002,DIRECT-Punjab,ING-003,2473.77,514.78,1273444.49,30
PO-001281,2025-07-02,2025-07-04,SUP-002,DIRECT-Punjab,ING-003,482.18,487.64,235132.52,30
PO-001282,2025-01-01,2025-01-03,SUP-001,DIRECT-Punjab,ING-004,9320.23,496.21,4624811.99,30
PO-001283,2025-01-04,2025-01-06,SUP-001,DIRECT-Punjab,ING-004,9453.85,506.6,4789276.88,30
PO-001284,2025-01-07,2025-01-09,SUP-001,DIRECT-Punjab,ING-004,6442.07,506.73,3264390.4,30
PO-001285,2025-01-10,2025-01-12,SUP-001,DIRECT-Punjab,ING-004,11032.03,522.75,5767026.39,30
PO-001286,2025-01-13,2025-01-15,SUP-001,DIRECT-Punjab,ING-004,6361.61,515.55,3279734.84,30
PO-001287,2025-01-16,2025-01-18,SUP-001,DIRECT-Punjab,ING-004,10480.1,534.44,5601010.41,30
PO-001288,2025-01-19,2025-01-21,SUP-001,DIRECT-Punjab,ING-004,7026.28,511.68,3595191.73,30
PO-001289,2025-01-22,2025-01-24,SUP-001,DIRECT-Punjab,ING-004,8691.39,515.26,4478306.41,30
PO-001290,2025-01-25,2025-01-27,SUP-001,DIRECT-Punjab,ING-004,9610.08,528.9,5082747.48,30
PO-001291,2025-01-28,2025-01-30,SUP-001,DIRECT-Punjab,ING-004,6578.48,526.69,3464799.23,30
PO-001292,2025-02-02,2025-02-04,SUP-001,DIRECT-Punjab,ING-004,11214.9,561.19,6293718.47,30
PO-001293,2025-02-03,2025-02-05,SUP-001,DIRECT-Punjab,ING-004,6305.54,553.01,3487044.85,30
PO-001294,2025-02-06,2025-02-08,SUP-001,DIRECT-Punjab,ING-004,10419.61,511.41,5328652.91,30
PO-001295,2025-02-09,2025-02-11,SUP-001,DIRECT-Punjab,ING-004,7137.06,538.4,3842575.72,30
PO-001296,2025-02-12,2025-02-14,SUP-001,DIRECT-Punjab,ING-004,8878.82,557.19,4947151.22,30
PO-001297,2025-02-15,2025-02-17,SUP-001,DIRECT-Punjab,ING-004,9097.23,509.17,4632028.29,30
PO-001298,2025-02-18,2025-02-20,SUP-001,DIRECT-Punjab,ING-004,6846.73,554.63,3797435.65,30
PO-001299,2025-02-21,2025-02-23,SUP-001,DIRECT-Punjab,ING-004,11618.59,520.7,6049780.6,30
PO-001300,2025-02-24,2025-02-26,SUP-001,DIRECT-Punjab,ING-004,6244.78,513.04,3203839.05,30
PO-001301,2025-02-27,2025-03-01,SUP-001,DIRECT-Punjab,ING-004,13999.6,511.28,7157748.76,30
PO-001302,2025-03-02,2025-03-04,SUP-001,DIRECT-Punjab,ING-004,12365.74,615.12,7606422.51,30
PO-001303,2025-03-05,2025-03-07,SUP-001,DIRECT-Punjab,ING-004,16244.34,623.81,10133424.62,30
PO-001304,2025-03-08,2025-03-10,SUP-001,DIRECT-Punjab,ING-004,15295.3,596.18,9118743.18,30
PO-001305,2025-03-11,2025-03-13,SUP-001,DIRECT-Punjab,ING-004,12114.1,576.15,6979574.43,30
PO-001306,2025-03-14,2025-03-16,SUP-001,DIRECT-Punjab,ING-004,18666.54,612.47,11432762.1,30
PO-001307,2025-03-17,2025-03-19,SUP-001,DIRECT-Punjab,ING-004,11993.87,622.21,7462699.48,30
PO-001308,2025-03-20,2025-03-22,SUP-001,DIRECT-Punjab,ING-004,18387.08,593.84,10919059.98,30
PO-001309,2025-03-23,2025-03-25,SUP-001,DIRECT-Punjab,ING-004,12854.75,590.22,7587167.61,30
PO-001310,2025-03-26,2025-03-28,SUP-001,DIRECT-Punjab,ING-004,16528.23,590.81,9764993.5,30
PO-001311,2025-03-29,2025-03-31,SUP-001,DIRECT-Punjab,ING-004,15365.6,598.79,9200740.88,30
PO-001312,2025-04-01,2025-04-03,SUP-001,DIRECT-Punjab,ING-004,9145.09,564.92,5166270.74,30
PO-001313,2025-04-04,2025-04-06,SUP-001,DIRECT-Punjab,ING-004,11201.17,577.84,6472490.73,30
PO-001314,2025-04-07,2025-04-09,SUP-001,DIRECT-Punjab,ING-004,6593.17,576.55,3801309.71,30
PO-001315,2025-04-10,2025-04-12,SUP-001,DIRECT-Punjab,ING-004,13031.14,559.63,7292618.3,30
PO-001316,2025-04-13,2025-04-15,SUP-001,DIRECT-Punjab,ING-004,7894.08,580.82,4585001.94,30
PO-001317,2025-04-16,2025-04-18,SUP-001,DIRECT-Punjab,ING-004,10160.16,564.27,5733038.85,30
PO-001318,2025-04-19,2025-04-21,SUP-001,DIRECT-Punjab,ING-004,10141.69,568.78,5768407.64,30
PO-001319,2025-04-22,2025-04-24,SUP-001,DIRECT-Punjab,ING-004,8208.47,561.44,4608538.3,30
PO-001320,2025-04-25,2025-04-27,SUP-001,DIRECT-Punjab,ING-004,12994.45,582.44,7568550.65,30
PO-001321,2025-04-28,2025-04-30,SUP-001,DIRECT-Punjab,ING-004,7259.02,578.77,4201284.58,30
PO-001322,2025-05-01,2025-05-03,SUP-001,DIRECT-Punjab,ING-004,11623.01,508.63,5911774.07,30
PO-001323,2025-05-04,2025-05-06,SUP-001,DIRECT-Punjab,ING-004,8339.65,483.14,4029232.18,30
PO-001324,2025-05-07,2025-05-09,SUP-001,DIRECT-Punjab,ING-004,9596.31,491.29,4714590.85,30
PO-001325,2025-05-10,2025-05-12,SUP-001,DIRECT-Punjab,ING-004,10676.0,489.63,5227250.07,30
PO-001326,2025-05-13,2025-05-15,SUP-001,DIRECT-Punjab,ING-004,7784.43,479.27,3730876.45,30
PO-001327,2025-05-16,2025-05-18,SUP-001,DIRECT-Punjab,ING-004,10468.62,466.38,4882316.59,30
PO-001328,2025-05-19,2025-05-21,SUP-001,DIRECT-Punjab,ING-004,6312.05,499.34,3151841.17,30
PO-001329,2025-05-22,2025-05-24,SUP-001,DIRECT-Punjab,ING-004,10503.08,489.65,5142806.64,30
PO-001330,2025-05-25,2025-05-27,SUP-001,DIRECT-Punjab,ING-004,7395.86,470.65,3480865.64,30
PO-001331,2025-05-29,2025-05-31,SUP-001,DIRECT-Punjab,ING-004,9104.2,504.78,4595584.52,30
PO-001332,2025-05-31,2025-06-02,SUP-001,DIRECT-Punjab,ING-004,8969.12,499.27,4478004.02,30
PO-001333,2025-06-03,2025-06-05,SUP-001,DIRECT-Punjab,ING-004,7199.06,449.98,3239438.68,30
PO-001334,2025-06-06,2025-06-08,SUP-001,DIRECT-Punjab,ING-004,10735.18,467.16,5015048.13,30
PO-001335,2025-06-09,2025-06-11,SUP-001,DIRECT-Punjab,ING-004,6164.91,470.54,2900832.18,30
PO-001336,2025-06-12,2025-06-14,SUP-001,DIRECT-Punjab,ING-004,11372.04,491.03,5584055.43,30
PO-001337,2025-06-15,2025-06-17,SUP-001,DIRECT-Punjab,ING-004,7190.16,456.16,3279889.23,30
PO-001338,2025-06-18,2025-06-20,SUP-001,DIRECT-Punjab,ING-004,8993.08,450.85,4054491.67,30
PO-001339,2025-06-23,2025-06-25,SUP-001,DIRECT-Punjab,ING-004,9052.99,484.91,4389895.22,30
PO-001340,2025-06-25,2025-06-27,SUP-001,DIRECT-Punjab,ING-004,6581.46,469.86,3092357.14,30
PO-001341,2025-06-27,2025-06-29,SUP-001,DIRECT-Punjab,ING-004,11575.6,488.02,5649136.75,30
PO-001342,2025-06-30,2025-07-02,SUP-001,DIRECT-Punjab,ING-004,2091.81,487.01,1018743.73,30
PO-001343,2025-01-01,2025-01-03,SUP-001,DIRECT-Punjab,ING-005,7658.28,505.65,3872412.57,30
PO-001344,2025-01-04,2025-01-06,SUP-001,DIRECT-Punjab,ING-005,8141.95,492.83,4012562.39,30
PO-001345,2025-01-07,2025-01-09,SUP-001,DIRECT-Punjab,ING-005,5635.01,482.53,2719085.6,30
PO-001346,2025-01-10,2025-01-12,SUP-001,DIRECT-Punjab,ING-005,9939.59,474.08,4712136.35,30
PO-001347,2025-01-13,2025-01-15,SUP-001,DIRECT-Punjab,ING-005,5309.65,497.33,2640623.1,30
PO-001348,2025-01-16,2025-01-18,SUP-001,DIRECT-Punjab,ING-005,9792.32,493.6,4833508.86,30
PO-001349,2025-01-19,2025-01-21,SUP-001,DIRECT-Punjab,ING-005,6210.97,501.37,3113975.66,30
PO-001350,2025-01-22,2025-01-24,SUP-001,DIRECT-Punjab,ING-005,7575.02,505.15,3826518.61,30
PO-001351,2025-01-25,2025-01-27,SUP-001,DIRECT-Punjab,ING-005,7709.95,489.42,3773431.56,30
PO-001352,2025-01-30,2025-02-01,SUP-001,DIRECT-Punjab,ING-005,6043.76,517.8,3129481.05,30
PO-001353,2025-01-31,2025-02-02,SUP-001,DIRECT-Punjab,ING-005,9679.73,506.38,4901590.71,30
PO-001354,2025-02-03,2025-02-05,SUP-001,DIRECT-Punjab,ING-005,5432.48,510.97,2775826.33,30
PO-001355,2025-02-06,2025-02-08,SUP-001,DIRECT-Punjab,ING-005,9310.28,506.11,4711981.29,30
PO-001356,2025-02-09,2025-02-11,SUP-001,DIRECT-Punjab,ING-005,6499.63,532.99,3464223.01,30
PO-001357,2025-02-12,2025-02-14,SUP-001,DIRECT-Punjab,ING-005,7740.93,497.87,3853967.48,30
PO-001358,2025-02-15,2025-02-17,SUP-001,DIRECT-Punjab,ING-005,8249.86,531.44,4384264.09,30
PO-001359,2025-02-18,2025-02-20,SUP-001,DIRECT-Punjab,ING-005,6015.63,539.11,3243104.66,30
PO-001360,2025-02-21,2025-02-23,SUP-001,DIRECT-Punjab,ING-005,9584.88,509.12,4879891.52,30
PO-001361,2025-02-24,2025-02-26,SUP-001,DIRECT-Punjab,ING-005,5889.54,499.37,2941073.3,30
PO-001362,2025-02-27,2025-03-01,SUP-001,DIRECT-Punjab,ING-005,11822.99,520.39,6152510.63,30
PO-001363,2025-03-02,2025-03-04,SUP-001,DIRECT-Punjab,ING-005,11435.12,583.78,6675571.82,30
PO-001364,2025-03-05,2025-03-07,SUP-001,DIRECT-Punjab,ING-005,13445.32,580.03,7798671.57,30
PO-001365,2025-03-08,2025-03-10,SUP-001,DIRECT-Punjab,ING-005,14153.68,585.59,8288187.43,30
PO-001366,2025-03-11,2025-03-13,SUP-001,DIRECT-Punjab,ING-005,10360.0,563.04,5833084.01,30
PO-001367,2025-03-14,2025-03-16,SUP-001,DIRECT-Punjab,ING-005,18410.47,613.22,11289723.93,30
PO-001368,2025-03-17,2025-03-19,SUP-001,DIRECT-Punjab,ING-005,9446.74,580.43,5483200.31,30
PO-001369,2025-03-22,2025-03-24,SUP-001,DIRECT-Punjab,ING-005,16797.21,594.96,9993720.06,30
PO-001370,2025-03-23,2025-03-25,SUP-001,DIRECT-Punjab,ING-005,11574.44,588.47,6811187.94,30
PO-001371,2025-03-26,2025-03-28,SUP-001,DIRECT-Punjab,ING-005,14168.82,589.88,8357850.86,30
PO-001372,2025-03-29,2025-03-31,SUP-001,DIRECT-Punjab,ING-005,13701.39,563.36,7718856.74,30
PO-001373,2025-04-01,2025-04-03,SUP-001,DIRECT-Punjab,ING-005,7676.57,525.6,4034804.22,30
PO-001374,2025-04-04,2025-04-06,SUP-001,DIRECT-Punjab,ING-005,9355.07,560.96,5247846.34,30
PO-001375,2025-04-07,2025-04-09,SUP-001,DIRECT-Punjab,ING-005,5790.07,525.13,3040542.15,30
PO-001376,2025-04-10,2025-04-12,SUP-001,DIRECT-Punjab,ING-005,10147.33,548.66,5567381.0,30
PO-001377,2025-04-13,2025-04-15,SUP-001,DIRECT-Punjab,ING-005,7087.01,551.21,3906462.35,30
PO-001378,2025-04-16,2025-04-18,SUP-001,DIRECT-Punjab,ING-005,9037.6,569.57,5147553.23,30
PO-001379,2025-04-19,2025-04-21,SUP-001,DIRECT-Punjab,ING-005,9249.69,521.84,4826839.38,30
PO-001380,2025-04-22,2025-04-24,SUP-001,DIRECT-Punjab,ING-005,6541.85,520.64,3405916.93,30
PO-001381,2025-04-25,2025-04-27,SUP-001,DIRECT-Punjab,ING-005,11087.7,527.91,5853302.74,30
PO-001382,2025-04-28,2025-04-30,SUP-001,DIRECT-Punjab,ING-005,6237.57,559.3,3488686.92,30
PO-001383,2025-05-01,2025-05-03,SUP-001,DIRECT-Punjab,ING-005,10828.6,492.4,5332054.31,30
PO-001384,2025-05-04,2025-05-06,SUP-001,DIRECT-Punjab,ING-005,6937.52,488.72,3390490.32,30
PO-001385,2025-05-07,2025-05-09,SUP-001,DIRECT-Punjab,ING-005,8440.03,489.02,4127377.65,30
PO-001386,2025-05-12,2025-05-14,SUP-001,DIRECT-Punjab,ING-005,9391.95,452.67,4251416.98,30
PO-001387,2025-05-13,2025-05-15,SUP-001,DIRECT-Punjab,ING-005,6898.57,454.19,3133281.58,30
PO-001388,2025-05-16,2025-05-18,SUP-001,DIRECT-Punjab,ING-005,9835.31,450.25,4428371.31,30
PO-001389,2025-05-19,2025-05-21,SUP-001,DIRECT-Punjab,ING-005,5663.35,487.64,2761692.03,30
PO-001390,2025-05-22,2025-05-24,SUP-001,DIRECT-Punjab,ING-005,9663.03,483.33,4670476.44,30
PO-001391,2025-05-25,2025-05-27,SUP-001,DIRECT-Punjab,ING-005,6040.78,457.15,2761530.97,30
PO-001392,2025-05-29,2025-05-31,SUP-001,DIRECT-Punjab,ING-005,7981.55,483.08,3855745.3,30
PO-001393,2025-05-31,2025-06-02,SUP-001,DIRECT-Punjab,ING-005,7727.61,454.75,3514103.65,30
PO-001394,2025-06-03,2025-06-05,SUP-001,DIRECT-Punjab,ING-005,5868.01,434.87,2551802.87,30
PO-001395,2025-06-06,2025-06-08,SUP-001,DIRECT-Punjab,ING-005,9322.42,456.55,4256107.94,30
PO-001396,2025-06-09,2025-06-11,SUP-001,DIRECT-Punjab,ING-005,5900.97,453.1,2673740.19,30
PO-001397,2025-06-12,2025-06-14,SUP-001,DIRECT-Punjab,ING-005,10002.7,439.78,4398962.68,30
PO-001398,2025-06-15,2025-06-17,SUP-001,DIRECT-Punjab,ING-005,6360.44,437.55,2783012.19,30
PO-001399,2025-06-18,2025-06-20,SUP-001,DIRECT-Punjab,ING-005,7465.91,477.23,3562961.56,30
PO-001400,2025-06-21,2025-06-23,SUP-001,DIRECT-Punjab,ING-005,7985.09,444.01,3545499.05,30
PO-001401,2025-06-24,2025-06-26,SUP-001,DIRECT-Punjab,ING-005,5948.3,470.53,2798855.44,30
PO-001402,2025-06-27,2025-06-29,SUP-001,DIRECT-Punjab,ING-005,10192.26,438.6,4470331.36,30
PO-001403,2025-06-30,2025-07-02,SUP-001,DIRECT-Punjab,ING-005,1846.22,435.7,804402.58,30
PO-001404,2025-01-01,2025-01-03,SUP-001,DIRECT-Punjab,ING-006,2701.0,687.26,1856284.2,30
PO-001405,2025-01-04,2025-01-06,SUP-001,DIRECT-Punjab,ING-006,2791.02,702.42,1960475.6,30
PO-001406,2025-01-07,2025-01-09,SUP-001,DIRECT-Punjab,ING-006,2227.97,697.58,1554174.17,30
PO-001407,2025-01-10,2025-01-12,SUP-001,DIRECT-Punjab,ING-006,3235.46,677.45,2191853.65,30
PO-001408,2025-01-13,2025-01-15,SUP-001,DIRECT-Punjab,ING-006,2115.64,702.29,1485802.56,30
PO-001409,2025-01-16,2025-01-18,SUP-001,DIRECT-Punjab,ING-006,3130.02,724.26,2266937.2,30
PO-001410,2025-01-19,2025-01-21,SUP-001,DIRECT-Punjab,ING-006,2433.31,694.72,1690464.54,30
PO-001411,2025-01-22,2025-01-24,SUP-001,DIRECT-Punjab,ING-006,2736.63,658.4,1801788.9,30
PO-001412,2025-01-25,2025-01-27,SUP-001,DIRECT-Punjab,ING-006,2696.5,717.56,1934897.84,30
PO-001413,2025-01-28,2025-01-30,SUP-001,DIRECT-Punjab,ING-006,2354.93,711.38,1675250.98,30
PO-001414,2025-01-31,2025-02-02,SUP-001,DIRECT-Punjab,ING-006,3563.86,710.61,2532521.41,30
PO-001415,2025-02-03,2025-02-05,SUP-001,DIRECT-Punjab,ING-006,2146.07,712.63,1529360.32,30
PO-001416,2025-02-06,2025-02-08,SUP-001,DIRECT-Punjab,ING-006,3382.77,740.42,2504663.69,30
PO-001417,2025-02-09,2025-02-11,SUP-001,DIRECT-Punjab,ING-006,2400.49,727.25,1745766.03,30
PO-001418,2025-02-12,2025-02-14,SUP-001,DIRECT-Punjab,ING-006,2683.75,732.75,1966528.03,30
PO-001419,2025-02-15,2025-02-17,SUP-001,DIRECT-Punjab,ING-006,2728.45,702.5,1916733.88,30
PO-001420,2025-02-18,2025-02-20,SUP-001,DIRECT-Punjab,ING-006,2220.83,697.32,1548629.71,30
PO-001421,2025-02-23,2025-02-25,SUP-001,DIRECT-Punjab,ING-006,3407.55,701.3,2389703.29,30
PO-001422,2025-02-26,2025-02-28,SUP-001,DIRECT-Punjab,ING-006,2059.53,702.3,1446408.22,30
PO-001423,2025-02-27,2025-03-01,SUP-001,DIRECT-Punjab,ING-006,4036.12,741.17,2991449.57,30
PO-001424,2025-03-04,2025-03-06,SUP-001,DIRECT-Punjab,ING-006,3569.29,836.93,2987257.99,30
PO-001425,2025-03-05,2025-03-07,SUP-001,DIRECT-Punjab,ING-006,4362.98,785.61,3427577.19,30
PO-001426,2025-03-08,2025-03-10,SUP-001,DIRECT-Punjab,ING-006,4272.72,829.0,3542073.95,30
PO-001427,2025-03-11,2025-03-13,SUP-001,DIRECT-Punjab,ING-006,3456.67,817.63,2826279.6,30
PO-001428,2025-03-14,2025-03-16,SUP-001,DIRECT-Punjab,ING-006,5293.09,812.91,4302817.76,30
PO-001429,2025-03-19,2025-03-21,SUP-001,DIRECT-Punjab,ING-006,3113.78,819.8,2552686.57,30
PO-001430,2025-03-20,2025-03-22,SUP-001,DIRECT-Punjab,ING-006,4887.83,828.06,4047416.94,30
PO-001431,2025-03-23,2025-03-25,SUP-001,DIRECT-Punjab,ING-006,3865.07,803.02,3103715.4,30
PO-001432,2025-03-26,2025-03-28,SUP-001,DIRECT-Punjab,ING-006,4164.72,835.89,3481234.97,30
PO-001433,2025-03-29,2025-03-31,SUP-001,DIRECT-Punjab,ING-006,4249.34,854.39,3630608.73,30
PO-001434,2025-04-03,2025-04-05,SUP-001,DIRECT-Punjab,ING-006,2869.91,749.8,2151858.32,30
PO-001435,2025-04-04,2025-04-06,SUP-001,DIRECT-Punjab,ING-006,3638.4,721.61,2625498.18,30
PO-001436,2025-04-07,2025-04-09,SUP-001,DIRECT-Punjab,ING-006,2039.07,786.51,1603748.92,30
PO-001437,2025-04-11,2025-04-13,SUP-001,DIRECT-Punjab,ING-006,3628.92,725.02,2631031.86,30
PO-001438,2025-04-13,2025-04-15,SUP-001,DIRECT-Punjab,ING-006,2709.2,728.57,1973849.5,30
PO-001439,2025-04-16,2025-04-18,SUP-001,DIRECT-Punjab,ING-006,3299.31,771.43,2545187.78,30
PO-001440,2025-04-19,2025-04-21,SUP-001,DIRECT-Punjab,ING-006,3527.4,745.58,2629962.81,30
PO-001441,2025-04-22,2025-04-24,SUP-001,DIRECT-Punjab,ING-006,2634.61,743.4,1958584.72,30
PO-001442,2025-04-25,2025-04-27,SUP-001,DIRECT-Punjab,ING-006,4136.7,726.16,3003923.35,30
PO-001443,2025-04-28,2025-04-30,SUP-001,DIRECT-Punjab,ING-006,2496.56,749.82,1871965.52,30
PO-001444,2025-05-01,2025-05-03,SUP-001,DIRECT-Punjab,ING-006,3668.63,625.24,2293756.49,30
PO-001445,2025-05-04,2025-05-06,SUP-001,DIRECT-Punjab,ING-006,2621.57,659.63,1729273.36,30
PO-001446,2025-05-09,2025-05-11,SUP-001,DIRECT-Punjab,ING-006,3173.86,672.6,2134738.7,30
PO-001447,2025-05-10,2025-05-12,SUP-001,DIRECT-Punjab,ING-006,3138.87,641.63,2014005.39,30
PO-001448,2025-05-13,2025-05-15,SUP-001,DIRECT-Punjab,ING-006,2624.27,658.43,1727893.0,30
PO-001449,2025-05-16,2025-05-18,SUP-001,DIRECT-Punjab,ING-006,3600.51,629.88,2267873.62,30
PO-001450,2025-05-19,2025-05-21,SUP-001,DIRECT-Punjab,ING-006,2041.45,658.26,1343798.72,30
PO-001451,2025-05-24,2025-05-26,SUP-001,DIRECT-Punjab,ING-006,3115.85,646.39,2014063.15,30
PO-001452,2025-05-25,2025-05-27,SUP-001,DIRECT-Punjab,ING-006,2341.83,669.85,1568674.95,30
PO-001453,2025-05-28,2025-05-30,SUP-001,DIRECT-Punjab,ING-006,2801.55,643.35,1802373.53,30
PO-001454,2025-05-31,2025-06-02,SUP-001,DIRECT-Punjab,ING-006,2962.53,648.13,1920117.24,30
PO-001455,2025-06-04,2025-06-06,SUP-001,DIRECT-Punjab,ING-006,2407.23,636.69,1532652.97,30
PO-001456,2025-06-06,2025-06-08,SUP-001,DIRECT-Punjab,ING-006,3433.21,655.36,2249993.72,30
PO-001457,2025-06-09,2025-06-11,SUP-001,DIRECT-Punjab,ING-006,2243.84,635.23,1425356.12,30
PO-001458,2025-06-12,2025-06-14,SUP-001,DIRECT-Punjab,ING-006,3219.06,656.3,2112669.25,30
PO-001459,2025-06-15,2025-06-17,SUP-001,DIRECT-Punjab,ING-006,2411.32,617.69,1489440.36,30
PO-001460,2025-06-18,2025-06-20,SUP-001,DIRECT-Punjab,ING-006,2961.0,607.45,1798667.44,30
PO-001461,2025-06-21,2025-06-23,SUP-001,DIRECT-Punjab,ING-006,3075.03,645.73,1985645.48,30
PO-001462,2025-06-24,2025-06-26,SUP-001,DIRECT-Punjab,ING-006,2211.44,613.4,1356508.84,30
PO-001463,2025-06-27,2025-06-29,SUP-001,DIRECT-Punjab,ING-006,3692.36,658.97,2433140.19,30
PO-001464,2025-06-30,2025-07-02,SUP-001,DIRECT-Punjab,ING-006,725.24,622.23,451266.52,30
PO-001465,2025-01-01,2025-01-02,SUP-005,WHC-KHI-01,ING-040,1229.76,197.53,242912.63,14
PO-001466,2025-01-03,2025-01-04,SUP-005,WHC-KHI-01,ING-040,1270.28,177.6,225603.51,14
PO-001467,2025-01-05,2025-01-06,SUP-005,WHC-KHI-01,ING-040,970.19,217.06,210585.54,14
PO-001468,2025-01-09,2025-01-10,SUP-005,WHC-KHI-01,ING-040,1050.87,185.47,194905.83,14
PO-001469,2025-01-09,2025-01-10,SUP-005,WHC-KHI-01,ING-040,1118.08,178.65,199741.2,14
PO-001470,2025-01-12,2025-01-13,SUP-005,WHC-KHI-01,ING-040,1252.75,156.13,195587.61,14
PO-001471,2025-01-13,2025-01-14,SUP-005,WHC-KHI-01,ING-040,765.04,155.22,118746.69,14
PO-001472,2025-01-15,2025-01-16,SUP-005,WHC-KHI-01,ING-040,1118.13,188.95,211267.68,14
PO-001473,2025-01-17,2025-01-18,SUP-005,WHC-KHI-01,ING-040,1302.57,185.31,241385.21,14
PO-001474,2025-01-19,2025-01-20,SUP-005,WHC-KHI-01,ING-040,1008.53,163.62,165014.98,14
PO-001475,2025-01-21,2025-01-22,SUP-005,WHC-KHI-01,ING-040,977.17,185.6,181365.37,14
PO-001476,2025-01-23,2025-01-24,SUP-005,WHC-KHI-01,ING-040,1045.6,211.57,221216.36,14
PO-001477,2025-01-25,2025-01-26,SUP-005,WHC-KHI-01,ING-040,1131.5,205.8,232861.22,14
PO-001478,2025-01-27,2025-01-28,SUP-005,WHC-KHI-01,ING-040,804.17,186.67,150112.6,14
PO-001479,2025-01-29,2025-01-30,SUP-005,WHC-KHI-01,ING-040,1088.22,183.98,200212.54,14
PO-001480,2025-01-31,2025-02-01,SUP-005,WHC-KHI-01,ING-040,1179.6,217.56,256632.69,14
PO-001481,2025-02-02,2025-02-03,SUP-005,WHC-KHI-01,ING-040,1016.14,198.6,201805.07,14
PO-001482,2025-02-04,2025-02-05,SUP-005,WHC-KHI-01,ING-040,1181.69,224.66,265479.9,14
PO-001483,2025-02-06,2025-02-07,SUP-005,WHC-KHI-01,ING-040,1149.56,207.4,238419.39,14
PO-001484,2025-02-08,2025-02-09,SUP-005,WHC-KHI-01,ING-040,1284.65,212.47,272943.94,14
PO-001485,2025-02-10,2025-02-11,SUP-005,WHC-KHI-01,ING-040,773.24,207.02,160076.43,14
PO-001486,2025-02-12,2025-02-13,SUP-005,WHC-KHI-01,ING-040,1160.91,219.22,254493.87,14
PO-001487,2025-02-14,2025-02-15,SUP-005,WHC-KHI-01,ING-040,1230.08,215.22,264737.88,14
PO-001488,2025-02-16,2025-02-17,SUP-005,WHC-KHI-01,ING-040,991.57,179.3,177785.55,14
PO-001489,2025-02-18,2025-02-19,SUP-005,WHC-KHI-01,ING-040,1049.79,221.5,232525.45,14
PO-001490,2025-02-20,2025-02-21,SUP-005,WHC-KHI-01,ING-040,1130.48,216.01,244190.46,14
PO-001491,2025-02-23,2025-02-24,SUP-005,WHC-KHI-01,ING-040,1206.63,168.26,203024.52,14
PO-001492,2025-02-24,2025-02-25,SUP-005,WHC-KHI-01,ING-040,808.79,179.76,145390.14,14
PO-001493,2025-02-28,2025-03-01,SUP-005,WHC-KHI-01,ING-040,1073.34,153.42,164668.54,14
PO-001494,2025-02-28,2025-03-01,SUP-005,WHC-KHI-01,ING-040,1364.52,189.46,258516.24,14
PO-001495,2025-03-02,2025-03-03,SUP-005,WHC-KHI-01,ING-040,1315.94,222.26,292476.83,14
PO-001496,2025-03-04,2025-03-05,SUP-005,WHC-KHI-01,ING-040,1368.2,214.46,293418.06,14
PO-001497,2025-03-06,2025-03-07,SUP-005,WHC-KHI-01,ING-040,1452.48,163.21,237057.12,14
PO-001498,2025-03-08,2025-03-09,SUP-005,WHC-KHI-01,ING-040,1548.42,161.24,249668.17,14
PO-001499,2025-03-10,2025-03-11,SUP-005,WHC-KHI-01,ING-040,1049.79,216.88,227681.53,14
PO-001500,2025-03-12,2025-03-13,SUP-005,WHC-KHI-01,ING-040,1401.76,174.85,245096.61,14
PO-001501,2025-03-14,2025-03-15,SUP-005,WHC-KHI-01,ING-040,1709.56,184.39,315229.71,14
PO-001502,2025-03-16,2025-03-17,SUP-005,WHC-KHI-01,ING-040,1290.42,170.74,220320.37,14
PO-001503,2025-03-18,2025-03-19,SUP-005,WHC-KHI-01,ING-040,1332.3,196.76,262138.05,14
PO-001504,2025-03-20,2025-03-21,SUP-005,WHC-KHI-01,ING-040,1518.88,177.6,269754.51,14
PO-001505,2025-03-22,2025-03-23,SUP-005,WHC-KHI-01,ING-040,1614.61,185.67,299790.59,14
PO-001506,2025-03-24,2025-03-25,SUP-005,WHC-KHI-01,ING-040,1063.98,183.79,195543.3,14
PO-001507,2025-03-26,2025-03-27,SUP-005,WHC-KHI-01,ING-040,1507.05,199.44,300566.49,14
PO-001508,2025-03-28,2025-03-29,SUP-005,WHC-KHI-01,ING-040,1592.97,178.17,283826.61,14
PO-001509,2025-04-01,2025-04-02,SUP-005,WHC-KHI-01,ING-040,1266.1,163.48,206986.33,14
PO-001510,2025-04-01,2025-04-02,SUP-005,WHC-KHI-01,ING-040,1468.78,203.58,299016.44,14
PO-001511,2025-04-04,2025-04-05,SUP-005,WHC-KHI-01,ING-040,1183.34,198.1,234419.43,14
PO-001512,2025-04-05,2025-04-06,SUP-005,WHC-KHI-01,ING-040,1205.64,159.84,192709.31,14
PO-001513,2025-04-07,2025-04-08,SUP-005,WHC-KHI-01,ING-040,769.55,159.16,122482.83,14
PO-001514,2025-04-09,2025-04-10,SUP-005,WHC-KHI-01,ING-040,1101.65,196.93,216943.16,14
PO-001515,2025-04-11,2025-04-12,SUP-005,WHC-KHI-01,ING-040,1546.07,215.95,333866.52,14
PO-001516,2025-04-13,2025-04-14,SUP-005,WHC-KHI-01,ING-040,1118.14,196.66,219898.14,14
PO-001517,2025-04-15,2025-04-16,SUP-005,WHC-KHI-01,ING-040,1263.07,189.85,239795.9,14
PO-001518,2025-04-17,2025-04-18,SUP-005,WHC-KHI-01,ING-040,1326.86,160.88,213460.27,14
PO-001519,2025-04-19,2025-04-20,SUP-005,WHC-KHI-01,ING-040,1386.71,192.3,266659.86,14
PO-001520,2025-04-21,2025-04-22,SUP-005,WHC-KHI-01,ING-040,949.96,189.65,180162.45,14
PO-001521,2025-04-23,2025-04-24,SUP-005,WHC-KHI-01,ING-040,1265.72,164.22,207851.71,14
PO-001522,2025-04-25,2025-04-26,SUP-005,WHC-KHI-01,ING-040,1415.57,189.04,267602.76,14
PO-001523,2025-04-27,2025-04-28,SUP-005,WHC-KHI-01,ING-040,1088.94,197.84,215436.29,14
PO-001524,2025-04-29,2025-04-30,SUP-005,WHC-KHI-01,ING-040,1171.04,183.34,214704.22,14
PO-001525,2025-05-01,2025-05-02,SUP-005,WHC-KHI-01,ING-040,1369.01,211.42,289440.6,14
PO-001526,2025-05-03,2025-05-04,SUP-005,WHC-KHI-01,ING-040,1425.57,157.0,223817.59,14
PO-001527,2025-05-05,2025-05-06,SUP-005,WHC-KHI-01,ING-040,933.08,168.25,156990.63,14
PO-001528,2025-05-07,2025-05-08,SUP-005,WHC-KHI-01,ING-040,1282.32,176.85,226775.9,14
PO-001529,2025-05-09,2025-05-10,SUP-005,WHC-KHI-01,ING-040,1441.53,184.37,265777.76,14
PO-001530,2025-05-11,2025-05-12,SUP-005,WHC-KHI-01,ING-040,1070.31,158.08,169195.7,14
PO-001531,2025-05-13,2025-05-14,SUP-005,WHC-KHI-01,ING-040,1140.2,183.08,208749.28,14
PO-001532,2025-05-15,2025-05-16,SUP-005,WHC-KHI-01,ING-040,1225.92,178.13,218379.0,14
PO-001533,2025-05-18,2025-05-19,SUP-005,WHC-KHI-01,ING-040,1186.38,222.65,264144.95,14
PO-001534,2025-05-19,2025-05-20,SUP-005,WHC-KHI-01,ING-040,825.8,195.22,161213.53,14
PO-001535,2025-05-21,2025-05-22,SUP-005,WHC-KHI-01,ING-040,1082.73,223.3,241769.4,14
PO-001536,2025-05-23,2025-05-24,SUP-005,WHC-KHI-01,ING-040,1301.98,186.35,242621.17,14
PO-001537,2025-05-25,2025-05-26,SUP-005,WHC-KHI-01,ING-040,1010.83,174.8,176691.15,14
PO-001538,2025-05-27,2025-05-28,SUP-005,WHC-KHI-01,ING-040,1007.85,168.96,170281.38,14
PO-001539,2025-05-29,2025-05-30,SUP-005,WHC-KHI-01,ING-040,1162.66,156.5,181959.42,14
PO-001540,2025-05-31,2025-06-01,SUP-005,WHC-KHI-01,ING-040,1219.85,204.06,248922.75,14
PO-001541,2025-06-02,2025-06-03,SUP-005,WHC-KHI-01,ING-040,784.32,215.51,169031.63,14
PO-001542,2025-06-04,2025-06-05,SUP-005,WHC-KHI-01,ING-040,1176.43,189.32,222716.65,14
PO-001543,2025-06-06,2025-06-07,SUP-005,WHC-KHI-01,ING-040,1299.45,193.75,251767.11,14
PO-001544,2025-06-08,2025-06-09,SUP-005,WHC-KHI-01,ING-040,937.71,181.84,170512.18,14
PO-001545,2025-06-10,2025-06-11,SUP-005,WHC-KHI-01,ING-040,1097.47,203.85,223722.75,14
PO-001546,2025-06-12,2025-06-13,SUP-005,WHC-KHI-01,ING-040,1070.61,159.17,170407.32,14
PO-001547,2025-06-14,2025-06-15,SUP-005,WHC-KHI-01,ING-040,1287.73,194.55,250532.62,14
PO-001548,2025-06-16,2025-06-17,SUP-005,WHC-KHI-01,ING-040,821.66,190.97,156915.07,14
PO-001549,2025-06-18,2025-06-19,SUP-005,WHC-KHI-01,ING-040,1193.94,193.65,231207.57,14
PO-001550,2025-06-20,2025-06-21,SUP-005,WHC-KHI-01,ING-040,1321.62,178.26,235592.89,14
PO-001551,2025-06-22,2025-06-23,SUP-005,WHC-KHI-01,ING-040,1021.4,184.57,188519.55,14
PO-001552,2025-06-24,2025-06-25,SUP-005,WHC-KHI-01,ING-040,987.47,211.86,209206.39,14
PO-001553,2025-06-27,2025-06-28,SUP-005,WHC-KHI-01,ING-040,1109.06,172.34,191132.29,14
PO-001554,2025-06-28,2025-06-29,SUP-005,WHC-KHI-01,ING-040,1166.91,176.39,205836.78,14
PO-001555,2025-06-30,2025-07-01,SUP-005,WHC-KHI-01,ING-040,400.23,179.67,71908.67,14
PO-001556,2025-01-02,2025-01-03,SUP-005,WHC-KHI-01,ING-041,130.9,264.81,34664.83,14
PO-001557,2025-01-05,2025-01-06,SUP-005,WHC-KHI-01,ING-041,122.09,206.74,25241.24,14
PO-001558,2025-01-05,2025-01-06,SUP-005,WHC-KHI-01,ING-041,96.73,230.8,22325.67,14
PO-001559,2025-01-08,2025-01-09,SUP-005,WHC-KHI-01,ING-041,111.3,272.13,30288.71,14
PO-001560,2025-01-09,2025-01-10,SUP-005,WHC-KHI-01,ING-041,110.91,246.85,27377.47,14
PO-001561,2025-01-11,2025-01-12,SUP-005,WHC-KHI-01,ING-041,127.1,230.2,29258.89,14
PO-001562,2025-01-13,2025-01-14,SUP-005,WHC-KHI-01,ING-041,77.55,214.84,16659.88,14
PO-001563,2025-01-15,2025-01-16,SUP-005,WHC-KHI-01,ING-041,118.29,263.46,31163.62,14
PO-001564,2025-01-17,2025-01-18,SUP-005,WHC-KHI-01,ING-041,125.7,212.24,26678.81,14
PO-001565,2025-01-19,2025-01-20,SUP-005,WHC-KHI-01,ING-041,95.9,237.42,22768.46,14
PO-001566,2025-01-21,2025-01-22,SUP-005,WHC-KHI-01,ING-041,111.3,194.44,21641.45,14
PO-001567,2025-01-23,2025-01-24,SUP-005,WHC-KHI-01,ING-041,117.4,197.81,23223.64,14
PO-001568,2025-01-25,2025-01-26,SUP-005,WHC-KHI-01,ING-041,128.64,188.32,24225.2,14
PO-001569,2025-01-27,2025-01-28,SUP-005,WHC-KHI-01,ING-041,81.51,207.56,16917.17,14
PO-001570,2025-01-29,2025-01-30,SUP-005,WHC-KHI-01,ING-041,121.93,208.99,25481.77,14
PO-001571,2025-01-31,2025-02-01,SUP-005,WHC-KHI-01,ING-041,124.94,206.31,25777.15,14
PO-001572,2025-02-02,2025-02-03,SUP-005,WHC-KHI-01,ING-041,97.98,250.49,24543.17,14
PO-001573,2025-02-04,2025-02-05,SUP-005,WHC-KHI-01,ING-041,126.87,239.57,30394.75,14
PO-001574,2025-02-06,2025-02-07,SUP-005,WHC-KHI-01,ING-041,112.63,212.61,23945.84,14
PO-001575,2025-02-08,2025-02-09,SUP-005,WHC-KHI-01,ING-041,129.38,217.59,28152.13,14
PO-001576,2025-02-12,2025-02-13,SUP-005,WHC-KHI-01,ING-041,80.51,229.19,18451.1,14
PO-001577,2025-02-12,2025-02-13,SUP-005,WHC-KHI-01,ING-041,121.56,226.7,27557.37,14
PO-001578,2025-02-14,2025-02-15,SUP-005,WHC-KHI-01,ING-041,138.61,270.14,37443.73,14
PO-001579,2025-02-16,2025-02-17,SUP-005,WHC-KHI-01,ING-041,105.6,244.82,25853.15,14
PO-001580,2025-02-18,2025-02-19,SUP-005,WHC-KHI-01,ING-041,113.68,260.84,29651.74,14
PO-001581,2025-02-20,2025-02-21,SUP-005,WHC-KHI-01,ING-041,116.58,243.78,28419.74,14
PO-001582,2025-02-22,2025-02-23,SUP-005,WHC-KHI-01,ING-041,135.05,248.76,33594.48,14
PO-001583,2025-02-24,2025-02-25,SUP-005,WHC-KHI-01,ING-041,88.22,195.05,17208.02,14
PO-001584,2025-02-26,2025-02-27,SUP-005,WHC-KHI-01,ING-041,133.8,204.76,27395.71,14
PO-001585,2025-02-28,2025-03-01,SUP-005,WHC-KHI-01,ING-041,149.67,252.4,37776.13,14
PO-001586,2025-03-02,2025-03-03,SUP-005,WHC-KHI-01,ING-041,140.11,225.7,31622.27,14
PO-001587,2025-03-04,2025-03-05,SUP-005,WHC-KHI-01,ING-041,147.09,191.21,28125.71,14
PO-001588,2025-03-06,2025-03-07,SUP-005,WHC-KHI-01,ING-041,152.72,258.8,39525.32,14
PO-001589,2025-03-08,2025-03-09,SUP-005,WHC-KHI-01,ING-041,169.38,233.64,39574.32,14
PO-001590,2025-03-10,2025-03-11,SUP-005,WHC-KHI-01,ING-041,110.17,271.29,29887.79,14
PO-001591,2025-03-12,2025-03-13,SUP-005,WHC-KHI-01,ING-041,156.12,274.3,42823.1,14
PO-001592,2025-03-14,2025-03-15,SUP-005,WHC-KHI-01,ING-041,167.75,234.54,39342.83,14
PO-001593,2025-03-16,2025-03-17,SUP-005,WHC-KHI-01,ING-041,140.27,234.11,32837.86,14
PO-001594,2025-03-18,2025-03-19,SUP-005,WHC-KHI-01,ING-041,153.32,194.62,29837.73,14
PO-001595,2025-03-20,2025-03-21,SUP-005,WHC-KHI-01,ING-041,155.51,230.99,35921.08,14
PO-001596,2025-03-22,2025-03-23,SUP-005,WHC-KHI-01,ING-041,169.58,208.58,35372.03,14
PO-001597,2025-03-24,2025-03-25,SUP-005,WHC-KHI-01,ING-041,112.97,225.05,25423.01,14
PO-001598,2025-03-26,2025-03-27,SUP-005,WHC-KHI-01,ING-041,164.9,220.39,36341.8,14
PO-001599,2025-03-28,2025-03-29,SUP-005,WHC-KHI-01,ING-041,173.53,188.91,32780.53,14
PO-001600,2025-03-30,2025-03-31,SUP-005,WHC-KHI-01,ING-041,133.63,220.98,29530.35,14
PO-001601,2025-04-01,2025-04-02,SUP-005,WHC-KHI-01,ING-041,178.08,238.7,42509.06,14
PO-001602,2025-04-03,2025-04-04,SUP-005,WHC-KHI-01,ING-041,115.47,191.62,22125.35,14
PO-001603,2025-04-06,2025-04-07,SUP-005,WHC-KHI-01,ING-041,123.34,271.67,33508.08,14
PO-001604,2025-04-07,2025-04-08,SUP-005,WHC-KHI-01,ING-041,88.11,260.85,22984.94,14
PO-001605,2025-04-09,2025-04-10,SUP-005,WHC-KHI-01,ING-041,136.06,274.27,37317.16,14
PO-001606,2025-04-11,2025-04-12,SUP-005,WHC-KHI-01,ING-041,145.72,206.98,30161.24,14
PO-001607,2025-04-13,2025-04-14,SUP-005,WHC-KHI-01,ING-041,114.46,237.02,27129.36,14
PO-001608,2025-04-15,2025-04-16,SUP-005,WHC-KHI-01,ING-041,125.67,271.38,34104.43,14
PO-001609,2025-04-17,2025-04-18,SUP-005,WHC-KHI-01,ING-041,137.91,204.81,28243.9,14
PO-001610,2025-04-19,2025-04-20,SUP-005,WHC-KHI-01,ING-041,138.47,258.29,35767.11,14
PO-001611,2025-04-21,2025-04-22,SUP-005,WHC-KHI-01,ING-041,98.52,188.26,18547.94,14
PO-001612,2025-04-23,2025-04-24,SUP-005,WHC-KHI-01,ING-041,141.16,243.21,34329.68,14
PO-001613,2025-04-25,2025-04-26,SUP-005,WHC-KHI-01,ING-041,152.83,230.37,35208.19,14
PO-001614,2025-04-27,2025-04-28,SUP-005,WHC-KHI-01,ING-041,116.86,224.84,26274.19,14
PO-001615,2025-04-30,2025-05-01,SUP-005,WHC-KHI-01,ING-041,125.28,226.22,28340.83,14
PO-001616,2025-05-01,2025-05-02,SUP-005,WHC-KHI-01,ING-041,139.52,258.8,36107.24,14
PO-001617,2025-05-03,2025-05-04,SUP-005,WHC-KHI-01,ING-041,142.48,262.5,37402.63,14
PO-001618,2025-05-05,2025-05-06,SUP-005,WHC-KHI-01,ING-041,93.04,222.86,20735.67,14
PO-001619,2025-05-09,2025-05-10,SUP-005,WHC-KHI-01,ING-041,138.14,200.53,27702.0,14
PO-001620,2025-05-09,2025-05-10,SUP-005,WHC-KHI-01,ING-041,141.7,187.6,26583.0,14
PO-001621,2025-05-11,2025-05-12,SUP-005,WHC-KHI-01,ING-041,110.01,205.38,22593.09,14
PO-001622,2025-05-13,2025-05-14,SUP-005,WHC-KHI-01,ING-041,121.87,187.24,22820.07,14
PO-001623,2025-05-15,2025-05-16,SUP-005,WHC-KHI-01,ING-041,126.09,216.61,27312.38,14
PO-001624,2025-05-17,2025-05-18,SUP-005,WHC-KHI-01,ING-041,118.91,190.67,22672.91,14
PO-001625,2025-05-19,2025-05-20,SUP-005,WHC-KHI-01,ING-041,80.58,218.87,17637.24,14
PO-001626,2025-05-21,2025-05-22,SUP-005,WHC-KHI-01,ING-041,123.22,240.32,29611.49,14
PO-001627,2025-05-23,2025-05-24,SUP-005,WHC-KHI-01,ING-041,142.17,270.65,38476.84,14
PO-001628,2025-05-25,2025-05-26,SUP-005,WHC-KHI-01,ING-041,104.09,188.79,19651.32,14
PO-001629,2025-05-27,2025-05-28,SUP-005,WHC-KHI-01,ING-041,116.88,195.02,22794.98,14
PO-001630,2025-05-29,2025-05-30,SUP-005,WHC-KHI-01,ING-041,113.16,195.79,22156.02,14
PO-001631,2025-05-31,2025-06-01,SUP-005,WHC-KHI-01,ING-041,126.47,217.6,27519.32,14
PO-001632,2025-06-02,2025-06-03,SUP-005,WHC-KHI-01,ING-041,83.85,268.63,22525.98,14
PO-001633,2025-06-06,2025-06-07,SUP-005,WHC-KHI-01,ING-041,131.82,248.08,32702.66,14
PO-001634,2025-06-06,2025-06-07,SUP-005,WHC-KHI-01,ING-041,128.26,238.13,30541.75,14
PO-001635,2025-06-10,2025-06-11,SUP-005,WHC-KHI-01,ING-041,103.92,221.7,23039.06,14
PO-001636,2025-06-10,2025-06-11,SUP-005,WHC-KHI-01,ING-041,119.42,271.52,32425.18,14
PO-001637,2025-06-12,2025-06-13,SUP-005,WHC-KHI-01,ING-041,114.87,192.53,22115.02,14
PO-001638,2025-06-15,2025-06-16,SUP-005,WHC-KHI-01,ING-041,121.02,255.64,30937.74,14
PO-001639,2025-06-16,2025-06-17,SUP-005,WHC-KHI-01,ING-041,88.16,224.81,19820.08,14
PO-001640,2025-06-18,2025-06-19,SUP-005,WHC-KHI-01,ING-041,134.45,197.3,26527.07,14
PO-001641,2025-06-20,2025-06-21,SUP-005,WHC-KHI-01,ING-041,136.28,208.88,28465.98,14
PO-001642,2025-06-22,2025-06-23,SUP-005,WHC-KHI-01,ING-041,106.37,222.48,23664.39,14
PO-001643,2025-06-24,2025-06-25,SUP-005,WHC-KHI-01,ING-041,118.07,189.42,22364.8,14
PO-001644,2025-06-26,2025-06-27,SUP-005,WHC-KHI-01,ING-041,118.07,266.78,31498.27,14
PO-001645,2025-06-28,2025-06-29,SUP-005,WHC-KHI-01,ING-041,131.21,202.53,26574.4,14
PO-001646,2025-06-30,2025-07-01,SUP-005,WHC-KHI-01,ING-041,43.08,241.16,10388.69,14
PO-001647,2025-01-01,2025-01-02,SUP-005,WHC-KHI-01,ING-043,310.44,175.6,54513.56,14
PO-001648,2025-01-03,2025-01-04,SUP-005,WHC-KHI-01,ING-043,366.21,180.18,65984.87,14
PO-001649,2025-01-05,2025-01-06,SUP-005,WHC-KHI-01,ING-043,292.76,166.73,48812.69,14
PO-001650,2025-01-07,2025-01-08,SUP-005,WHC-KHI-01,ING-043,272.28,124.07,33782.81,14
PO-001651,2025-01-09,2025-01-10,SUP-005,WHC-KHI-01,ING-043,335.75,153.96,51693.38,14
PO-001652,2025-01-11,2025-01-12,SUP-005,WHC-KHI-01,ING-043,348.36,173.9,60578.89,14
PO-001653,2025-01-13,2025-01-14,SUP-005,WHC-KHI-01,ING-043,246.3,131.17,32308.32,14
PO-001654,2025-01-15,2025-01-16,SUP-005,WHC-KHI-01,ING-043,295.83,169.83,50241.99,14
PO-001655,2025-01-17,2025-01-18,SUP-005,WHC-KHI-01,ING-043,413.61,163.56,67651.39,14
PO-001656,2025-01-19,2025-01-20,SUP-005,WHC-KHI-01,ING-043,293.82,167.49,49212.49,14
PO-001657,2025-01-21,2025-01-22,SUP-005,WHC-KHI-01,ING-043,266.24,173.23,46120.44,14
PO-001658,2025-01-23,2025-01-24,SUP-005,WHC-KHI-01,ING-043,357.44,178.36,63751.77,14
PO-001659,2025-01-25,2025-01-26,SUP-005,WHC-KHI-01,ING-043,389.06,178.81,69569.18,14
PO-001660,2025-01-27,2025-01-28,SUP-005,WHC-KHI-01,ING-043,236.39,173.57,41030.78,14
PO-001661,2025-01-29,2025-01-30,SUP-005,WHC-KHI-01,ING-043,300.0,171.35,51405.03,14
PO-001662,2025-01-31,2025-02-01,SUP-005,WHC-KHI-01,ING-043,382.69,143.06,54745.63,14
PO-001663,2025-02-02,2025-02-03,SUP-005,WHC-KHI-01,ING-043,316.42,156.29,49451.92,14
PO-001664,2025-02-04,2025-02-05,SUP-005,WHC-KHI-01,ING-043,269.2,159.19,42853.07,14
PO-001665,2025-02-06,2025-02-07,SUP-005,WHC-KHI-01,ING-043,350.24,154.03,53947.04,14
PO-001666,2025-02-08,2025-02-09,SUP-005,WHC-KHI-01,ING-043,381.61,173.71,66289.55,14
PO-001667,2025-02-10,2025-02-11,SUP-005,WHC-KHI-01,ING-043,231.9,160.67,37259.52,14
PO-001668,2025-02-12,2025-02-13,SUP-005,WHC-KHI-01,ING-043,278.55,126.86,35335.99,14
PO-001669,2025-02-16,2025-02-17,SUP-005,WHC-KHI-01,ING-043,390.48,147.51,57599.93,14
PO-001670,2025-02-16,2025-02-17,SUP-005,WHC-KHI-01,ING-043,325.58,125.28,40788.69,14
PO-001671,2025-02-18,2025-02-19,SUP-005,WHC-KHI-01,ING-043,260.71,167.1,43565.02,14
PO-001672,2025-02-21,2025-02-22,SUP-005,WHC-KHI-01,ING-043,343.85,159.41,54814.75,14
PO-001673,2025-02-23,2025-02-24,SUP-005,WHC-KHI-01,ING-043,380.68,176.62,67234.84,14
PO-001674,2025-02-24,2025-02-25,SUP-005,WHC-KHI-01,ING-043,259.99,125.02,32503.64,14
PO-001675,2025-02-26,2025-02-27,SUP-005,WHC-KHI-01,ING-043,299.18,127.97,38284.51,14
PO-001676,2025-02-28,2025-03-01,SUP-005,WHC-KHI-01,ING-043,441.78,172.41,76167.5,14
PO-001677,2025-03-02,2025-03-03,SUP-005,WHC-KHI-01,ING-043,405.06,154.9,62743.3,14
PO-001678,2025-03-04,2025-03-05,SUP-005,WHC-KHI-01,ING-043,340.24,131.93,44887.04,14
PO-001679,2025-03-06,2025-03-07,SUP-005,WHC-KHI-01,ING-043,462.32,136.91,63294.6,14
PO-001680,2025-03-08,2025-03-09,SUP-005,WHC-KHI-01,ING-043,505.62,141.58,71586.59,14
PO-001681,2025-03-10,2025-03-11,SUP-005,WHC-KHI-01,ING-043,298.44,152.14,45403.95,14
PO-001682,2025-03-12,2025-03-13,SUP-005,WHC-KHI-01,ING-043,368.41,145.04,53434.8,14
PO-001683,2025-03-14,2025-03-15,SUP-005,WHC-KHI-01,ING-043,542.93,153.35,83256.7,14
PO-001684,2025-03-18,2025-03-19,SUP-005,WHC-KHI-01,ING-043,401.87,142.08,57098.23,14
PO-001685,2025-03-19,2025-03-20,SUP-005,WHC-KHI-01,ING-043,326.09,138.45,45147.65,14
PO-001686,2025-03-20,2025-03-21,SUP-005,WHC-KHI-01,ING-043,478.36,165.21,79028.55,14
PO-001687,2025-03-22,2025-03-23,SUP-005,WHC-KHI-01,ING-043,501.72,173.15,86872.37,14
PO-001688,2025-03-24,2025-03-25,SUP-005,WHC-KHI-01,ING-043,316.94,167.67,53140.72,14
PO-001689,2025-03-26,2025-03-27,SUP-005,WHC-KHI-01,ING-043,380.33,125.14,47593.59,14
PO-001690,2025-03-28,2025-03-29,SUP-005,WHC-KHI-01,ING-043,493.88,157.45,77761.31,14
PO-001691,2025-03-30,2025-03-31,SUP-005,WHC-KHI-01,ING-043,430.08,132.69,57068.42,14
PO-001692,2025-04-01,2025-04-02,SUP-005,WHC-KHI-01,ING-043,410.61,166.42,68333.99,14
PO-001693,2025-04-03,2025-04-04,SUP-005,WHC-KHI-01,ING-043,366.21,148.79,54488.25,14
PO-001694,2025-04-05,2025-04-06,SUP-005,WHC-KHI-01,ING-043,366.2,160.76,58869.88,14
PO-001695,2025-04-07,2025-04-08,SUP-005,WHC-KHI-01,ING-043,237.27,136.65,32422.37,14
PO-001696,2025-04-09,2025-04-10,SUP-005,WHC-KHI-01,ING-043,308.29,180.95,55784.12,14
PO-001697,2025-04-11,2025-04-12,SUP-005,WHC-KHI-01,ING-043,468.87,162.0,75958.17,14
PO-001698,2025-04-13,2025-04-14,SUP-005,WHC-KHI-01,ING-043,323.64,176.71,57192.51,14
PO-001699,2025-04-15,2025-04-16,SUP-005,WHC-KHI-01,ING-043,309.24,167.6,51827.98,14
PO-001700,2025-04-17,2025-04-18,SUP-005,WHC-KHI-01,ING-043,387.78,129.5,50217.88,14
PO-001701,2025-04-19,2025-04-20,SUP-005,WHC-KHI-01,ING-043,457.16,161.03,73616.8,14
PO-001702,2025-04-21,2025-04-22,SUP-005,WHC-KHI-01,ING-043,281.16,143.82,40436.1,14
PO-001703,2025-04-23,2025-04-24,SUP-005,WHC-KHI-01,ING-043,337.66,145.73,49205.95,14
PO-001704,2025-04-25,2025-04-26,SUP-005,WHC-KHI-01,ING-043,437.41,174.64,76389.34,14
PO-001705,2025-04-28,2025-04-29,SUP-005,WHC-KHI-01,ING-043,351.31,174.4,61268.53,14
PO-001706,2025-05-01,2025-05-02,SUP-005,WHC-KHI-01,ING-043,325.11,142.54,46340.55,14
PO-001707,2025-05-01,2025-05-02,SUP-005,WHC-KHI-01,ING-043,393.67,141.82,55831.15,14
PO-001708,2025-05-03,2025-05-04,SUP-005,WHC-KHI-01,ING-043,444.96,136.18,60596.13,14
PO-001709,2025-05-05,2025-05-06,SUP-005,WHC-KHI-01,ING-043,280.37,173.15,48545.48,14
PO-001710,2025-05-07,2025-05-08,SUP-005,WHC-KHI-01,ING-043,298.4,147.1,43895.16,14
PO-001711,2025-05-10,2025-05-11,SUP-005,WHC-KHI-01,ING-043,459.72,161.9,74427.99,14
PO-001712,2025-05-12,2025-05-13,SUP-005,WHC-KHI-01,ING-043,339.79,165.52,56243.82,14
PO-001713,2025-05-13,2025-05-14,SUP-005,WHC-KHI-01,ING-043,295.75,152.67,45150.6,14
PO-001714,2025-05-15,2025-05-16,SUP-005,WHC-KHI-01,ING-043,357.08,143.55,51258.95,14
PO-001715,2025-05-17,2025-05-18,SUP-005,WHC-KHI-01,ING-043,383.25,174.13,66734.38,14
PO-001716,2025-05-19,2025-05-20,SUP-005,WHC-KHI-01,ING-043,251.39,135.29,34011.28,14
PO-001717,2025-05-21,2025-05-22,SUP-005,WHC-KHI-01,ING-043,297.15,134.9,40084.98,14
PO-001718,2025-05-23,2025-05-24,SUP-005,WHC-KHI-01,ING-043,379.75,168.46,63972.22,14
PO-001719,2025-05-25,2025-05-26,SUP-005,WHC-KHI-01,ING-043,316.4,156.07,49380.51,14
PO-001720,2025-05-27,2025-05-28,SUP-005,WHC-KHI-01,ING-043,263.57,126.09,33234.17,14
PO-001721,2025-05-29,2025-05-30,SUP-005,WHC-KHI-01,ING-043,352.62,168.58,59444.62,14
PO-001722,2025-05-31,2025-06-01,SUP-005,WHC-KHI-01,ING-043,399.56,175.8,70240.54,14
PO-001723,2025-06-02,2025-06-03,SUP-005,WHC-KHI-01,ING-043,246.05,155.15,38174.44,14
PO-001724,2025-06-04,2025-06-05,SUP-005,WHC-KHI-01,ING-043,290.59,160.86,46742.63,14
PO-001725,2025-06-06,2025-06-07,SUP-005,WHC-KHI-01,ING-043,415.18,170.02,70590.54,14
PO-001726,2025-06-08,2025-06-09,SUP-005,WHC-KHI-01,ING-043,295.57,143.54,42426.14,14
PO-001727,2025-06-10,2025-06-11,SUP-005,WHC-KHI-01,ING-043,262.83,129.46,34025.24,14
PO-001728,2025-06-12,2025-06-13,SUP-005,WHC-KHI-01,ING-043,358.17,154.96,55500.51,14
PO-001729,2025-06-14,2025-06-15,SUP-005,WHC-KHI-01,ING-043,393.57,169.2,66592.39,14
PO-001730,2025-06-16,2025-06-17,SUP-005,WHC-KHI-01,ING-043,247.78,164.3,40708.59,14
PO-001731,2025-06-18,2025-06-19,SUP-005,WHC-KHI-01,ING-043,299.0,133.79,40002.95,14
PO-001732,2025-06-20,2025-06-21,SUP-005,WHC-KHI-01,ING-043,416.37,178.59,74357.83,14
PO-001733,2025-06-23,2025-06-24,SUP-005,WHC-KHI-01,ING-043,282.29,176.03,49691.18,14
PO-001734,2025-06-24,2025-06-25,SUP-005,WHC-KHI-01,ING-043,260.52,165.67,43160.53,14
PO-001735,2025-06-27,2025-06-28,SUP-005,WHC-KHI-01,ING-043,324.78,158.3,51412.07,14
PO-001736,2025-06-28,2025-06-29,SUP-005,WHC-KHI-01,ING-043,377.69,155.7,58804.76,14
PO-001737,2025-06-30,2025-07-01,SUP-005,WHC-KHI-01,ING-043,122.38,135.94,16636.08,14
PO-001738,2025-01-01,2025-01-03,SUP-006,WHC-KHI-01,ING-050,82238.72,27.91,2295218.44,30
PO-001739,2025-01-05,2025-01-07,SUP-006,WHC-KHI-01,ING-050,72330.23,28.8,2083439.02,30
PO-001740,2025-01-09,2025-01-11,SUP-006,WHC-KHI-01,ING-050,85309.34,29.01,2474999.08,30
PO-001741,2025-01-13,2025-01-15,SUP-006,WHC-KHI-01,ING-050,68533.69,28.43,1948407.59,30
PO-001742,2025-01-18,2025-01-20,SUP-006,WHC-KHI-01,ING-050,81526.04,28.18,2297482.6,30
PO-001743,2025-01-21,2025-01-23,SUP-006,WHC-KHI-01,ING-050,76092.58,27.79,2114883.44,30
PO-001744,2025-01-25,2025-01-27,SUP-006,WHC-KHI-01,ING-050,65658.74,28.9,1897415.0,30
PO-001745,2025-01-29,2025-01-31,SUP-006,WHC-KHI-01,ING-050,79738.89,29.06,2317150.71,30
PO-001746,2025-02-02,2025-02-04,SUP-006,WHC-KHI-01,ING-050,78436.5,28.33,2221895.15,30
PO-001747,2025-02-06,2025-02-08,SUP-006,WHC-KHI-01,ING-050,84000.97,27.77,2332293.17,30
PO-001748,2025-02-10,2025-02-12,SUP-006,WHC-KHI-01,ING-050,73658.66,28.24,2079803.4,30
PO-001749,2025-02-14,2025-02-16,SUP-006,WHC-KHI-01,ING-050,77539.62,27.94,2166667.36,30
PO-001750,2025-02-18,2025-02-20,SUP-006,WHC-KHI-01,ING-050,72719.09,28.66,2084486.83,30
PO-001751,2025-02-22,2025-02-24,SUP-006,WHC-KHI-01,ING-050,65494.31,28.49,1866082.53,30
PO-001752,2025-02-28,2025-03-02,SUP-006,WHC-KHI-01,ING-050,93020.27,27.55,2562932.65,30
PO-001753,2025-03-02,2025-03-04,SUP-006,WHC-KHI-01,ING-050,97491.88,27.93,2723280.71,30
PO-001754,2025-03-06,2025-03-08,SUP-006,WHC-KHI-01,ING-050,103598.19,27.41,2839108.52,30
PO-001755,2025-03-10,2025-03-12,SUP-006,WHC-KHI-01,ING-050,93480.57,27.77,2596072.68,30
PO-001756,2025-03-14,2025-03-16,SUP-006,WHC-KHI-01,ING-050,95399.69,27.16,2591421.79,30
PO-001757,2025-03-18,2025-03-20,SUP-006,WHC-KHI-01,ING-050,98611.69,28.88,2848094.49,30
PO-001758,2025-03-22,2025-03-24,SUP-006,WHC-KHI-01,ING-050,90918.06,27.68,2516838.72,30
PO-001759,2025-03-28,2025-03-30,SUP-006,WHC-KHI-01,ING-050,116303.08,28.01,3257456.66,30
PO-001760,2025-03-30,2025-04-01,SUP-006,WHC-KHI-01,ING-050,103201.04,27.23,2809887.24,30
PO-001761,2025-04-03,2025-04-05,SUP-006,WHC-KHI-01,ING-050,82017.07,28.0,2296294.75,30
PO-001762,2025-04-07,2025-04-09,SUP-006,WHC-KHI-01,ING-050,67092.36,28.86,1936075.86,30
PO-001763,2025-04-11,2025-04-13,SUP-006,WHC-KHI-01,ING-050,89251.93,28.08,2506453.97,30
PO-001764,2025-04-15,2025-04-17,SUP-006,WHC-KHI-01,ING-050,83375.15,28.62,2385792.12,30
PO-001765,2025-04-19,2025-04-21,SUP-006,WHC-KHI-01,ING-050,84250.74,27.97,2356685.24,30
PO-001766,2025-04-23,2025-04-25,SUP-006,WHC-KHI-01,ING-050,100200.03,27.25,2730692.51,30
PO-001767,2025-04-27,2025-04-29,SUP-006,WHC-KHI-01,ING-050,82607.37,28.02,2314910.97,30
PO-001768,2025-05-01,2025-05-03,SUP-006,WHC-KHI-01,ING-050,88824.98,28.69,2548467.49,30
PO-001769,2025-05-05,2025-05-07,SUP-006,WHC-KHI-01,ING-050,80622.76,28.94,2333226.36,30
PO-001770,2025-05-09,2025-05-11,SUP-006,WHC-KHI-01,ING-050,82150.18,27.41,2251657.28,30
PO-001771,2025-05-13,2025-05-15,SUP-006,WHC-KHI-01,ING-050,85303.47,27.21,2320729.67,30
PO-001772,2025-05-17,2025-05-19,SUP-006,WHC-KHI-01,ING-050,71255.73,27.41,1953057.8,30
PO-001773,2025-05-21,2025-05-23,SUP-006,WHC-KHI-01,ING-050,85600.07,28.52,2441570.63,30
PO-001774,2025-05-25,2025-05-27,SUP-006,WHC-KHI-01,ING-050,74945.51,27.49,2060368.37,30
PO-001775,2025-05-29,2025-05-31,SUP-006,WHC-KHI-01,ING-050,82644.53,28.69,2370857.87,30
PO-001776,2025-06-02,2025-06-04,SUP-006,WHC-KHI-01,ING-050,71589.74,27.68,1981653.32,30
PO-001777,2025-06-07,2025-06-09,SUP-006,WHC-KHI-01,ING-050,79271.34,28.24,2238848.84,30
PO-001778,2025-06-10,2025-06-12,SUP-006,WHC-KHI-01,ING-050,79633.98,27.68,2204134.38,30
PO-001779,2025-06-14,2025-06-16,SUP-006,WHC-KHI-01,ING-050,69968.68,27.77,1942865.77,30
PO-001780,2025-06-18,2025-06-20,SUP-006,WHC-KHI-01,ING-050,81343.7,27.69,2252163.34,30
PO-001781,2025-06-22,2025-06-24,SUP-006,WHC-KHI-01,ING-050,68411.85,27.96,1912580.83,30
PO-001782,2025-06-26,2025-06-28,SUP-006,WHC-KHI-01,ING-050,83382.7,28.76,2397935.28,30
PO-001783,2025-06-30,2025-07-02,SUP-006,WHC-KHI-01,ING-050,14326.57,27.99,401044.74,30
PO-001784,2025-01-03,2025-01-07,SUP-010,WHC-KHI-01,ING-060,15137.03,318.44,4820276.72,45
PO-001785,2025-01-11,2025-01-15,SUP-010,WHC-KHI-01,ING-060,15195.35,331.57,5038255.71,45
PO-001786,2025-01-21,2025-01-25,SUP-010,WHC-KHI-01,ING-060,14623.01,324.31,4742343.32,45
PO-001787,2025-01-31,2025-02-04,SUP-010,WHC-KHI-01,ING-060,15945.42,323.69,5161362.2,45
PO-001788,2025-02-10,2025-02-14,SUP-010,WHC-KHI-01,ING-060,15403.65,311.22,4793848.59,45
PO-001789,2025-02-20,2025-02-24,SUP-010,WHC-KHI-01,ING-060,16137.63,324.3,5233382.7,45
PO-001790,2025-03-02,2025-03-06,SUP-010,WHC-KHI-01,ING-060,19369.86,314.44,6090701.36,45
PO-001791,2025-03-14,2025-03-18,SUP-010,WHC-KHI-01,ING-060,19925.09,323.44,6444558.9,45
PO-001792,2025-03-22,2025-03-26,SUP-010,WHC-KHI-01,ING-060,20152.07,325.85,6566453.71,45
PO-001793,2025-04-01,2025-04-05,SUP-010,WHC-KHI-01,ING-060,15635.88,327.81,5125659.55,45
PO-001794,2025-04-11,2025-04-15,SUP-010,WHC-KHI-01,ING-060,18411.22,321.03,5910637.76,45
PO-001795,2025-04-21,2025-04-25,SUP-010,WHC-KHI-01,ING-060,17509.78,310.63,5439029.3,45
PO-001796,2025-05-01,2025-05-05,SUP-010,WHC-KHI-01,ING-060,18933.17,328.19,6213645.68,45
PO-001797,2025-05-11,2025-05-15,SUP-010,WHC-KHI-01,ING-060,15728.45,312.75,4919036.87,45
PO-001798,2025-05-22,2025-05-26,SUP-010,WHC-KHI-01,ING-060,15377.42,330.88,5088143.56,45
PO-001799,2025-05-31,2025-06-04,SUP-010,WHC-KHI-01,ING-060,15675.02,325.08,5095566.77,45
PO-001800,2025-06-10,2025-06-14,SUP-010,WHC-KHI-01,ING-060,15681.1,324.04,5081329.18,45
PO-001801,2025-06-20,2025-06-24,SUP-010,WHC-KHI-01,ING-060,15856.44,321.68,5100701.61,45
PO-001802,2025-06-30,2025-07-04,SUP-010,WHC-KHI-01,ING-060,1257.42,330.25,415269.99,45
PO-001803,2025-01-01,2025-01-05,SUP-010,WHC-KHI-01,ING-061,10650.51,45.52,484790.78,45
PO-001804,2025-01-13,2025-01-17,SUP-010,WHC-KHI-01,ING-061,10859.94,46.27,502478.37,45
PO-001805,2025-01-21,2025-01-25,SUP-010,WHC-KHI-01,ING-061,10013.74,44.11,441708.15,45
PO-001806,2025-01-31,2025-02-04,SUP-010,WHC-KHI-01,ING-061,11446.53,43.92,502753.68,45
PO-001807,2025-02-10,2025-02-14,SUP-010,WHC-KHI-01,ING-061,9282.45,45.49,422226.43,45
PO-001808,2025-02-20,2025-02-24,SUP-010,WHC-KHI-01,ING-061,10511.74,44.78,470675.01,45
PO-001809,2025-03-02,2025-03-06,SUP-010,WHC-KHI-01,ING-061,12628.19,45.28,571854.51,45
PO-001810,2025-03-12,2025-03-16,SUP-010,WHC-KHI-01,ING-061,14160.87,45.27,641095.27,45
PO-001811,2025-03-22,2025-03-26,SUP-010,WHC-KHI-01,ING-061,13805.64,44.57,615302.13,45
PO-001812,2025-04-01,2025-04-05,SUP-010,WHC-KHI-01,ING-061,11281.56,44.66,503806.5,45
PO-001813,2025-04-11,2025-04-15,SUP-010,WHC-KHI-01,ING-061,13219.89,44.85,592913.45,45
PO-001814,2025-04-21,2025-04-25,SUP-010,WHC-KHI-01,ING-061,11121.26,46.2,513850.84,45
PO-001815,2025-05-03,2025-05-07,SUP-010,WHC-KHI-01,ING-061,12292.85,45.39,557981.27,45
PO-001816,2025-05-11,2025-05-15,SUP-010,WHC-KHI-01,ING-061,9870.05,45.69,451012.15,45
PO-001817,2025-05-21,2025-05-25,SUP-010,WHC-KHI-01,ING-061,10016.35,46.72,467933.82,45
PO-001818,2025-05-31,2025-06-04,SUP-010,WHC-KHI-01,ING-061,10775.32,43.96,473685.46,45
PO-001819,2025-06-10,2025-06-14,SUP-010,WHC-KHI-01,ING-061,9688.48,45.33,439204.91,45
PO-001820,2025-06-20,2025-06-24,SUP-010,WHC-KHI-01,ING-061,11165.3,46.22,516059.09,45
PO-001821,2025-06-30,2025-07-04,SUP-010,WHC-KHI-01,ING-061,794.12,43.9,34859.0,45
PO-001822,2025-01-01,2025-01-06,SUP-012,WHC-KHI-01,ING-080,9837.16,416.13,4093504.97,45
PO-001823,2025-01-22,2025-01-27,SUP-012,WHC-KHI-01,ING-080,11024.05,432.24,4765020.88,45
PO-001824,2025-02-12,2025-02-17,SUP-012,WHC-KHI-01,ING-080,10536.98,419.23,4417436.93,45
PO-001825,2025-03-05,2025-03-10,SUP-012,WHC-KHI-01,ING-080,14476.94,436.55,6319924.89,45
PO-001826,2025-03-26,2025-03-31,SUP-012,WHC-KHI-01,ING-080,12242.12,416.17,5094855.84,45
PO-001827,2025-04-16,2025-04-21,SUP-012,WHC-KHI-01,ING-080,12256.13,421.3,5163524.91,45
PO-001828,2025-05-07,2025-05-12,SUP-012,WHC-KHI-01,ING-080,11207.56,435.6,4881981.14,45
PO-001829,2025-05-28,2025-06-02,SUP-012,WHC-KHI-01,ING-080,10785.05,411.17,4434478.42,45
PO-001830,2025-06-18,2025-06-23,SUP-012,WHC-KHI-01,ING-080,6726.56,434.62,2923476.42,45
PO-001831,2025-01-03,2025-01-08,SUP-007,WHD-KHI-01,ING-010,52023.79,2427.65,126295461.49,45
PO-001832,2025-02-02,2025-02-07,SUP-007,WHD-KHI-01,ING-010,53063.25,2351.33,124769254.78,45
PO-001833,2025-03-02,2025-03-07,SUP-007,WHD-KHI-01,ING-010,83350.67,2442.8,203609040.37,45
PO-001834,2025-04-01,2025-04-06,SUP-007,WHD-KHI-01,ING-010,57465.37,2357.7,135486237.1,45
PO-001835,2025-05-01,2025-05-06,SUP-007,WHD-KHI-01,ING-010,54558.34,2407.22,131333779.72,45
PO-001836,2025-05-31,2025-06-05,SUP-007,WHD-KHI-01,ING-010,49548.98,2340.28,115958613.88,45
PO-001837,2025-06-30,2025-07-05,SUP-007,WHD-KHI-01,ING-010,1297.17,2363.87,3066348.98,45
PO-001838,2025-01-01,2025-01-06,SUP-007,WHD-KHI-01,ING-011,138289.93,369.8,51139275.9,45
PO-001839,2025-01-22,2025-01-27,SUP-007,WHD-KHI-01,ING-011,151581.09,368.95,55926409.23,45
PO-001840,2025-02-12,2025-02-17,SUP-007,WHD-KHI-01,ING-011,155116.77,378.6,58726848.27,45
PO-001841,2025-03-05,2025-03-10,SUP-007,WHD-KHI-01,ING-011,225046.32,387.93,87301286.69,45
PO-001842,2025-03-26,2025-03-31,SUP-007,WHD-KHI-01,ING-011,185640.92,390.23,72442832.95,45
PO-001843,2025-04-16,2025-04-21,SUP-007,WHD-KHI-01,ING-011,171313.77,395.04,67675400.96,45
PO-001844,2025-05-07,2025-05-12,SUP-007,WHD-KHI-01,ING-011,153957.38,386.85,59558732.36,45
PO-001845,2025-05-30,2025-06-04,SUP-007,WHD-KHI-01,ING-011,149399.77,379.05,56630137.22,45
PO-001846,2025-06-18,2025-06-23,SUP-007,WHD-KHI-01,ING-011,86452.04,376.43,32543042.21,45
PO-001847,2025-01-01,2025-01-04,SUP-003,WHD-KHI-01,ING-020,49668.74,542.89,26964572.7,60
PO-001848,2025-01-15,2025-01-18,SUP-003,WHD-KHI-01,ING-020,52110.22,545.28,28414823.82,60
PO-001849,2025-01-29,2025-02-01,SUP-003,WHD-KHI-01,ING-020,52470.49,528.52,27731924.15,60
PO-001850,2025-02-12,2025-02-15,SUP-003,WHD-KHI-01,ING-020,56020.7,534.03,29916456.43,60
PO-001851,2025-02-26,2025-03-01,SUP-003,WHD-KHI-01,ING-020,78875.89,535.63,42247933.96,60
PO-001852,2025-03-12,2025-03-15,SUP-003,WHD-KHI-01,ING-020,82245.99,534.31,43944766.3,60
PO-001853,2025-03-26,2025-03-29,SUP-003,WHD-KHI-01,ING-020,70576.13,545.4,38492502.32,60
PO-001854,2025-04-09,2025-04-12,SUP-003,WHD-KHI-01,ING-020,59245.86,556.86,32991918.46,60
PO-001855,2025-04-23,2025-04-26,SUP-003,WHD-KHI-01,ING-020,58854.49,558.39,32863470.32,60
PO-001856,2025-05-07,2025-05-10,SUP-003,WHD-KHI-01,ING-020,59272.9,556.73,32999008.74,60
PO-001857,2025-05-23,2025-05-26,SUP-003,WHD-KHI-01,ING-020,51927.65,530.34,27539534.82,60
PO-001858,2025-06-04,2025-06-07,SUP-003,WHD-KHI-01,ING-020,55538.63,551.74,30642878.39,60
PO-001859,2025-06-18,2025-06-21,SUP-003,WHD-KHI-01,ING-020,51814.65,533.77,27657160.59,60
PO-001860,2025-01-01,2025-01-02,SUP-004,WHD-KHI-01,ING-030,48600.02,38.28,1860273.39,30
PO-001861,2025-01-03,2025-01-04,SUP-004,WHD-KHI-01,ING-030,47333.15,38.1,1803317.18,30
PO-001862,2025-01-05,2025-01-06,SUP-004,WHD-KHI-01,ING-030,35203.68,37.62,1324505.96,30
PO-001863,2025-01-07,2025-01-08,SUP-004,WHD-KHI-01,ING-030,40351.45,38.55,1555474.85,30
PO-001864,2025-01-09,2025-01-10,SUP-004,WHD-KHI-01,ING-030,44755.54,37.79,1691304.81,30
PO-001865,2025-01-11,2025-01-12,SUP-004,WHD-KHI-01,ING-030,48543.31,38.32,1860031.03,30
PO-001866,2025-01-13,2025-01-14,SUP-004,WHD-KHI-01,ING-030,30556.77,37.26,1138658.66,30
PO-001867,2025-01-15,2025-01-16,SUP-004,WHD-KHI-01,ING-030,43685.78,37.48,1637249.58,30
PO-001868,2025-01-17,2025-01-18,SUP-004,WHD-KHI-01,ING-030,50215.34,38.23,1919860.79,30
PO-001869,2025-01-19,2025-01-20,SUP-004,WHD-KHI-01,ING-030,38854.22,39.29,1526675.98,30
PO-001870,2025-01-21,2025-01-22,SUP-004,WHD-KHI-01,ING-030,41378.31,38.02,1573303.38,30
PO-001871,2025-01-23,2025-01-24,SUP-004,WHD-KHI-01,ING-030,41384.98,39.36,1628853.02,30
PO-001872,2025-01-25,2025-01-26,SUP-004,WHD-KHI-01,ING-030,46505.42,36.88,1715090.44,30
PO-001873,2025-01-28,2025-01-29,SUP-004,WHD-KHI-01,ING-030,29482.91,37.59,1108136.49,30
PO-001874,2025-01-29,2025-01-30,SUP-004,WHD-KHI-01,ING-030,41957.5,38.54,1616936.27,30
PO-001875,2025-01-31,2025-02-01,SUP-004,WHD-KHI-01,ING-030,48546.95,37.29,1810452.39,30
PO-001876,2025-02-02,2025-02-03,SUP-004,WHD-KHI-01,ING-030,34843.74,37.84,1318548.12,30
PO-001877,2025-02-04,2025-02-05,SUP-004,WHD-KHI-01,ING-030,45674.67,38.54,1760444.62,30
PO-001878,2025-02-06,2025-02-07,SUP-004,WHD-KHI-01,ING-030,45623.98,38.45,1754037.22,30
PO-001879,2025-02-08,2025-02-09,SUP-004,WHD-KHI-01,ING-030,44568.21,37.28,1661528.19,30
PO-001880,2025-02-10,2025-02-11,SUP-004,WHD-KHI-01,ING-030,31289.83,38.66,1209513.84,30
PO-001881,2025-02-12,2025-02-13,SUP-004,WHD-KHI-01,ING-030,45126.78,37.78,1704991.66,30
PO-001882,2025-02-15,2025-02-16,SUP-004,WHD-KHI-01,ING-030,48358.28,38.84,1878450.21,30
PO-001883,2025-02-16,2025-02-17,SUP-004,WHD-KHI-01,ING-030,36944.53,37.52,1386308.37,30
PO-001884,2025-02-19,2025-02-20,SUP-004,WHD-KHI-01,ING-030,39879.04,37.38,1490874.21,30
PO-001885,2025-02-20,2025-02-21,SUP-004,WHD-KHI-01,ING-030,44872.37,37.63,1688666.8,30
PO-001886,2025-02-23,2025-02-24,SUP-004,WHD-KHI-01,ING-030,43666.84,37.86,1653241.58,30
PO-001887,2025-02-24,2025-02-25,SUP-004,WHD-KHI-01,ING-030,29167.89,38.83,1132496.29,30
PO-001888,2025-02-26,2025-02-27,SUP-004,WHD-KHI-01,ING-030,44532.15,36.91,1643603.87,30
PO-001889,2025-02-28,2025-03-01,SUP-004,WHD-KHI-01,ING-030,58556.06,38.55,2257451.78,30
PO-001890,2025-03-04,2025-03-05,SUP-004,WHD-KHI-01,ING-030,47133.87,38.87,1832220.51,30
PO-001891,2025-03-06,2025-03-07,SUP-004,WHD-KHI-01,ING-030,52105.95,37.84,1971533.57,30
PO-001892,2025-03-06,2025-03-07,SUP-004,WHD-KHI-01,ING-030,54244.85,39.37,2135844.94,30
PO-001893,2025-03-10,2025-03-11,SUP-004,WHD-KHI-01,ING-030,59651.61,36.87,2199532.7,30
PO-001894,2025-03-10,2025-03-11,SUP-004,WHD-KHI-01,ING-030,38003.52,39.39,1497098.64,30
PO-001895,2025-03-12,2025-03-13,SUP-004,WHD-KHI-01,ING-030,55788.81,37.87,2112551.61,30
PO-001896,2025-03-14,2025-03-15,SUP-004,WHD-KHI-01,ING-030,64586.6,37.0,2389499.38,30
PO-001897,2025-03-16,2025-03-17,SUP-004,WHD-KHI-01,ING-030,50611.86,38.86,1966584.31,30
PO-001898,2025-03-18,2025-03-19,SUP-004,WHD-KHI-01,ING-030,50609.52,37.34,1889786.75,30
PO-001899,2025-03-20,2025-03-21,SUP-004,WHD-KHI-01,ING-030,58622.25,37.74,2212199.55,30
PO-001900,2025-03-22,2025-03-23,SUP-004,WHD-KHI-01,ING-030,64376.1,38.51,2479371.47,30
PO-001901,2025-03-24,2025-03-25,SUP-004,WHD-KHI-01,ING-030,40827.36,37.04,1512352.42,30
PO-001902,2025-03-26,2025-03-27,SUP-004,WHD-KHI-01,ING-030,53424.85,37.32,1993699.63,30
PO-001903,2025-03-28,2025-03-29,SUP-004,WHD-KHI-01,ING-030,61199.58,37.76,2310897.35,30
PO-001904,2025-03-30,2025-03-31,SUP-004,WHD-KHI-01,ING-030,48808.85,37.9,1849680.99,30
PO-001905,2025-04-01,2025-04-02,SUP-004,WHD-KHI-01,ING-030,55836.62,38.84,2168757.61,30
PO-001906,2025-04-03,2025-04-04,SUP-004,WHD-KHI-01,ING-030,42153.52,37.94,1599486.9,30
PO-001907,2025-04-07,2025-04-08,SUP-004,WHD-KHI-01,ING-030,49879.88,38.76,1933151.84,30
PO-001908,2025-04-07,2025-04-08,SUP-004,WHD-KHI-01,ING-030,31042.37,38.49,1194773.4,30
PO-001909,2025-04-09,2025-04-10,SUP-004,WHD-KHI-01,ING-030,42798.82,39.01,1669764.28,30
PO-001910,2025-04-11,2025-04-12,SUP-004,WHD-KHI-01,ING-030,53100.04,37.65,1998985.16,30
PO-001911,2025-04-13,2025-04-14,SUP-004,WHD-KHI-01,ING-030,41086.82,39.48,1622274.62,30
PO-001912,2025-04-15,2025-04-16,SUP-004,WHD-KHI-01,ING-030,46243.85,38.99,1803007.74,30
PO-001913,2025-04-19,2025-04-20,SUP-004,WHD-KHI-01,ING-030,49602.73,39.23,1946141.15,30
PO-001914,2025-04-21,2025-04-22,SUP-004,WHD-KHI-01,ING-030,56595.97,38.59,2183925.76,30
PO-001915,2025-04-21,2025-04-22,SUP-004,WHD-KHI-01,ING-030,33962.21,39.21,1331792.66,30
PO-001916,2025-04-23,2025-04-24,SUP-004,WHD-KHI-01,ING-030,52474.0,37.51,1968479.03,30
PO-001917,2025-04-25,2025-04-26,SUP-004,WHD-KHI-01,ING-030,52076.49,37.96,1976755.57,30
PO-001918,2025-04-27,2025-04-28,SUP-004,WHD-KHI-01,ING-030,41601.77,38.08,1584253.47,30
PO-001919,2025-05-01,2025-05-02,SUP-004,WHD-KHI-01,ING-030,47214.1,37.63,1776446.94,30
PO-001920,2025-05-01,2025-05-02,SUP-004,WHD-KHI-01,ING-030,52209.43,37.2,1942109.05,30
PO-001921,2025-05-05,2025-05-06,SUP-004,WHD-KHI-01,ING-030,52683.99,37.85,1993887.25,30
PO-001922,2025-05-05,2025-05-06,SUP-004,WHD-KHI-01,ING-030,34282.16,38.07,1305031.11,30
PO-001923,2025-05-07,2025-05-08,SUP-004,WHD-KHI-01,ING-030,49641.03,37.65,1869201.03,30
PO-001924,2025-05-09,2025-05-10,SUP-004,WHD-KHI-01,ING-030,54897.08,38.76,2127930.23,30
PO-001925,2025-05-11,2025-05-12,SUP-004,WHD-KHI-01,ING-030,40764.28,39.45,1608205.51,30
PO-001926,2025-05-13,2025-05-14,SUP-004,WHD-KHI-01,ING-030,46922.56,38.41,1802374.57,30
PO-001927,2025-05-16,2025-05-17,SUP-004,WHD-KHI-01,ING-030,45759.27,39.4,1802841.06,30
PO-001928,2025-05-17,2025-05-18,SUP-004,WHD-KHI-01,ING-030,48479.65,37.35,1810950.94,30
PO-001929,2025-05-19,2025-05-20,SUP-004,WHD-KHI-01,ING-030,30796.14,38.45,1184208.73,30
PO-001930,2025-05-21,2025-05-22,SUP-004,WHD-KHI-01,ING-030,45884.97,37.55,1723184.15,30
PO-001931,2025-05-23,2025-05-24,SUP-004,WHD-KHI-01,ING-030,48480.79,37.46,1816327.56,30
PO-001932,2025-05-25,2025-05-26,SUP-004,WHD-KHI-01,ING-030,35806.67,36.91,1321519.5,30
PO-001933,2025-05-27,2025-05-28,SUP-004,WHD-KHI-01,ING-030,39940.04,38.39,1533433.11,30
PO-001934,2025-05-29,2025-05-30,SUP-004,WHD-KHI-01,ING-030,42478.98,39.35,1671551.36,30
PO-001935,2025-05-31,2025-06-01,SUP-004,WHD-KHI-01,ING-030,48465.49,39.34,1906462.86,30
PO-001936,2025-06-02,2025-06-03,SUP-004,WHD-KHI-01,ING-030,31793.61,38.15,1212872.81,30
PO-001937,2025-06-04,2025-06-05,SUP-004,WHD-KHI-01,ING-030,42837.11,37.97,1626625.88,30
PO-001938,2025-06-06,2025-06-07,SUP-004,WHD-KHI-01,ING-030,48147.48,38.12,1835162.29,30
PO-001939,2025-06-10,2025-06-11,SUP-004,WHD-KHI-01,ING-030,38643.67,38.21,1476444.47,30
PO-001940,2025-06-10,2025-06-11,SUP-004,WHD-KHI-01,ING-030,40350.03,38.74,1563201.07,30
PO-001941,2025-06-12,2025-06-13,SUP-004,WHD-KHI-01,ING-030,41440.3,37.0,1533287.93,30
PO-001942,2025-06-14,2025-06-15,SUP-004,WHD-KHI-01,ING-030,49408.28,36.96,1826338.49,30
PO-001943,2025-06-16,2025-06-17,SUP-004,WHD-KHI-01,ING-030,30885.89,37.83,1168512.55,30
PO-001944,2025-06-18,2025-06-19,SUP-004,WHD-KHI-01,ING-030,45292.56,37.96,1719091.24,30
PO-001945,2025-06-20,2025-06-21,SUP-004,WHD-KHI-01,ING-030,48007.41,37.2,1786019.98,30
PO-001946,2025-06-22,2025-06-23,SUP-004,WHD-KHI-01,ING-030,38936.72,37.5,1459938.09,30
PO-001947,2025-06-24,2025-06-25,SUP-004,WHD-KHI-01,ING-030,38957.38,38.35,1494051.7,30
PO-001948,2025-06-26,2025-06-27,SUP-004,WHD-KHI-01,ING-030,45581.63,39.38,1795117.2,30
PO-001949,2025-06-28,2025-06-29,SUP-004,WHD-KHI-01,ING-030,46694.1,37.26,1739954.12,30
PO-001950,2025-06-30,2025-07-01,SUP-004,WHD-KHI-01,ING-030,15589.29,38.06,593324.07,30
PO-001951,2025-01-01,2025-01-02,SUP-004,WHD-KHI-01,ING-031,11942.17,53.99,644777.74,30
PO-001952,2025-01-03,2025-01-04,SUP-004,WHD-KHI-01,ING-031,12298.6,51.47,633009.38,30
PO-001953,2025-01-05,2025-01-06,SUP-004,WHD-KHI-01,ING-031,8704.47,51.4,447413.92,30
PO-001954,2025-01-07,2025-01-08,SUP-004,WHD-KHI-01,ING-031,9771.63,52.74,515363.8,30
PO-001955,2025-01-10,2025-01-11,SUP-004,WHD-KHI-01,ING-031,10832.42,53.14,575647.51,30
PO-001956,2025-01-11,2025-01-12,SUP-004,WHD-KHI-01,ING-031,11976.41,50.5,604843.36,30
PO-001957,2025-01-13,2025-01-14,SUP-004,WHD-KHI-01,ING-031,7048.42,52.87,372652.84,30
PO-001958,2025-01-15,2025-01-16,SUP-004,WHD-KHI-01,ING-031,11473.19,53.3,611553.14,30
PO-001959,2025-01-17,2025-01-18,SUP-004,WHD-KHI-01,ING-031,11483.09,52.0,597165.57,30
PO-001960,2025-01-21,2025-01-22,SUP-004,WHD-KHI-01,ING-031,9018.47,51.46,464109.86,30
PO-001961,2025-01-21,2025-01-22,SUP-004,WHD-KHI-01,ING-031,10080.15,51.85,522693.78,30
PO-001962,2025-01-23,2025-01-24,SUP-004,WHD-KHI-01,ING-031,10114.23,52.6,532032.1,30
PO-001963,2025-01-26,2025-01-27,SUP-004,WHD-KHI-01,ING-031,11026.59,52.82,582406.5,30
PO-001964,2025-01-27,2025-01-28,SUP-004,WHD-KHI-01,ING-031,7743.34,53.18,411764.67,30
PO-001965,2025-01-29,2025-01-30,SUP-004,WHD-KHI-01,ING-031,10967.38,53.2,583497.32,30
PO-001966,2025-02-02,2025-02-03,SUP-004,WHD-KHI-01,ING-031,12234.82,51.83,634177.27,30
PO-001967,2025-02-02,2025-02-03,SUP-004,WHD-KHI-01,ING-031,8619.08,53.24,458876.59,30
PO-001968,2025-02-04,2025-02-05,SUP-004,WHD-KHI-01,ING-031,10922.32,53.68,586354.75,30
PO-001969,2025-02-07,2025-02-08,SUP-004,WHD-KHI-01,ING-031,10127.92,53.6,542907.16,30
PO-001970,2025-02-08,2025-02-09,SUP-004,WHD-KHI-01,ING-031,11638.19,51.79,602778.68,30
PO-001971,2025-02-10,2025-02-11,SUP-004,WHD-KHI-01,ING-031,7947.26,52.36,416128.93,30
PO-001972,2025-02-12,2025-02-13,SUP-004,WHD-KHI-01,ING-031,11749.19,52.13,612460.85,30
PO-001973,2025-02-16,2025-02-17,SUP-004,WHD-KHI-01,ING-031,11436.28,51.09,584290.57,30
PO-001974,2025-02-16,2025-02-17,SUP-004,WHD-KHI-01,ING-031,9249.95,50.5,467117.61,30
PO-001975,2025-02-18,2025-02-19,SUP-004,WHD-KHI-01,ING-031,9783.73,53.43,522776.44,30
PO-001976,2025-02-20,2025-02-21,SUP-004,WHD-KHI-01,ING-031,10952.33,53.98,591229.48,30
PO-001977,2025-02-22,2025-02-23,SUP-004,WHD-KHI-01,ING-031,11369.83,51.3,583261.64,30
PO-001978,2025-02-26,2025-02-27,SUP-004,WHD-KHI-01,ING-031,7420.46,51.79,384273.91,30
PO-001979,2025-02-26,2025-02-27,SUP-004,WHD-KHI-01,ING-031,12098.31,53.17,643251.18,30
PO-001980,2025-03-01,2025-03-02,SUP-004,WHD-KHI-01,ING-031,13629.06,53.25,725685.83,30
PO-001981,2025-03-02,2025-03-03,SUP-004,WHD-KHI-01,ING-031,11405.62,51.44,586713.83,30
PO-001982,2025-03-04,2025-03-05,SUP-004,WHD-KHI-01,ING-031,14099.91,53.73,757578.46,30
PO-001983,2025-03-06,2025-03-07,SUP-004,WHD-KHI-01,ING-031,13380.92,53.7,718581.06,30
PO-001984,2025-03-08,2025-03-09,SUP-004,WHD-KHI-01,ING-031,14742.57,50.48,744187.3,30
PO-001985,2025-03-10,2025-03-11,SUP-004,WHD-KHI-01,ING-031,10475.75,53.17,557032.78,30
PO-001986,2025-03-12,2025-03-13,SUP-004,WHD-KHI-01,ING-031,14545.5,52.61,765216.51,30
PO-001987,2025-03-14,2025-03-15,SUP-004,WHD-KHI-01,ING-031,14700.87,54.03,794220.93,30
PO-001988,2025-03-16,2025-03-17,SUP-004,WHD-KHI-01,ING-031,12771.59,53.53,683647.52,30
PO-001989,2025-03-18,2025-03-19,SUP-004,WHD-KHI-01,ING-031,13994.06,50.71,709589.3,30
PO-001990,2025-03-20,2025-03-21,SUP-004,WHD-KHI-01,ING-031,13953.89,50.55,705399.73,30
PO-001991,2025-03-22,2025-03-23,SUP-004,WHD-KHI-01,ING-031,16048.48,52.65,844948.72,30
PO-001992,2025-03-24,2025-03-25,SUP-004,WHD-KHI-01,ING-031,9539.87,52.34,499282.0,30
PO-001993,2025-03-26,2025-03-27,SUP-004,WHD-KHI-01,ING-031,15153.49,52.42,794346.7,30
PO-001994,2025-03-28,2025-03-29,SUP-004,WHD-KHI-01,ING-031,16647.17,50.53,841218.08,30
PO-001995,2025-03-30,2025-03-31,SUP-004,WHD-KHI-01,ING-031,13075.11,52.09,681084.68,30
PO-001996,2025-04-01,2025-04-02,SUP-004,WHD-KHI-01,ING-031,16753.26,53.83,901825.39,30
PO-001997,2025-04-03,2025-04-04,SUP-004,WHD-KHI-01,ING-031,11605.41,54.0,626679.62,30
PO-001998,2025-04-05,2025-04-06,SUP-004,WHD-KHI-01,ING-031,11379.14,51.76,588985.35,30
PO-001999,2025-04-07,2025-04-08,SUP-004,WHD-KHI-01,ING-031,7577.34,53.73,407152.36,30
PO-002000,2025-04-09,2025-04-10,SUP-004,WHD-KHI-01,ING-031,11852.42,50.59,599612.06,30
PO-002001,2025-04-11,2025-04-12,SUP-004,WHD-KHI-01,ING-031,13289.61,52.17,693264.65,30
PO-002002,2025-04-13,2025-04-14,SUP-004,WHD-KHI-01,ING-031,10399.25,53.02,551419.03,30
PO-002003,2025-04-15,2025-04-16,SUP-004,WHD-KHI-01,ING-031,12574.0,52.59,661216.71,30
PO-002004,2025-04-17,2025-04-18,SUP-004,WHD-KHI-01,ING-031,12455.62,52.78,657365.46,30
PO-002005,2025-04-19,2025-04-20,SUP-004,WHD-KHI-01,ING-031,12790.85,51.52,659018.19,30
PO-002006,2025-04-22,2025-04-23,SUP-004,WHD-KHI-01,ING-031,8627.58,51.79,446845.25,30
PO-002007,2025-04-23,2025-04-24,SUP-004,WHD-KHI-01,ING-031,14167.3,51.09,723769.29,30
PO-002008,2025-04-26,2025-04-27,SUP-004,WHD-KHI-01,ING-031,13167.23,52.97,697440.61,30
PO-002009,2025-04-27,2025-04-28,SUP-004,WHD-KHI-01,ING-031,10719.01,53.94,578152.8,30
PO-002010,2025-04-30,2025-05-01,SUP-004,WHD-KHI-01,ING-031,12982.1,52.71,684329.02,30
PO-002011,2025-05-03,2025-05-04,SUP-004,WHD-KHI-01,ING-031,11937.6,51.03,609171.94,30
PO-002012,2025-05-05,2025-05-06,SUP-004,WHD-KHI-01,ING-031,13600.1,50.84,691437.01,30
PO-002013,2025-05-05,2025-05-06,SUP-004,WHD-KHI-01,ING-031,8576.9,50.93,436853.93,30
PO-002014,2025-05-07,2025-05-08,SUP-004,WHD-KHI-01,ING-031,13067.52,51.29,670297.68,30
PO-002015,2025-05-11,2025-05-12,SUP-004,WHD-KHI-01,ING-031,13938.78,52.89,737284.93,30
PO-002016,2025-05-11,2025-05-12,SUP-004,WHD-KHI-01,ING-031,10667.87,53.56,571332.39,30
PO-002017,2025-05-13,2025-05-14,SUP-004,WHD-KHI-01,ING-031,11552.89,52.21,603127.21,30
PO-002018,2025-05-15,2025-05-16,SUP-004,WHD-KHI-01,ING-031,11289.78,52.13,588494.99,30
PO-002019,2025-05-17,2025-05-18,SUP-004,WHD-KHI-01,ING-031,11732.82,51.9,608971.85,30
PO-002020,2025-05-19,2025-05-20,SUP-004,WHD-KHI-01,ING-031,7592.1,53.93,409461.86,30
PO-002021,2025-05-21,2025-05-22,SUP-004,WHD-KHI-01,ING-031,11061.88,52.49,580593.13,30
PO-002022,2025-05-23,2025-05-24,SUP-004,WHD-KHI-01,ING-031,12397.88,53.2,659519.54,30
PO-002023,2025-05-25,2025-05-26,SUP-004,WHD-KHI-01,ING-031,9003.62,53.63,482850.98,30
PO-002024,2025-05-27,2025-05-28,SUP-004,WHD-KHI-01,ING-031,10051.03,52.65,529221.21,30
PO-002025,2025-05-31,2025-06-01,SUP-004,WHD-KHI-01,ING-031,11108.01,54.06,600464.91,30
PO-002026,2025-05-31,2025-06-01,SUP-004,WHD-KHI-01,ING-031,11529.46,54.07,623387.24,30
PO-002027,2025-06-02,2025-06-03,SUP-004,WHD-KHI-01,ING-031,8045.7,52.09,419139.8,30
PO-002028,2025-06-06,2025-06-07,SUP-004,WHD-KHI-01,ING-031,11160.04,51.79,578014.77,30
PO-002029,2025-06-06,2025-06-07,SUP-004,WHD-KHI-01,ING-031,11740.93,53.85,632300.05,30
PO-002030,2025-06-08,2025-06-09,SUP-004,WHD-KHI-01,ING-031,8804.62,52.51,462333.22,30
PO-002031,2025-06-10,2025-06-11,SUP-004,WHD-KHI-01,ING-031,10795.96,53.62,578927.14,30
PO-002032,2025-06-12,2025-06-13,SUP-004,WHD-KHI-01,ING-031,10676.34,51.88,553895.85,30
PO-002033,2025-06-15,2025-06-16,SUP-004,WHD-KHI-01,ING-031,11987.54,53.89,646017.75,30
PO-002034,2025-06-16,2025-06-17,SUP-004,WHD-KHI-01,ING-031,7614.61,52.97,403308.82,30
PO-002035,2025-06-18,2025-06-19,SUP-004,WHD-KHI-01,ING-031,11446.73,53.01,606834.67,30
PO-002036,2025-06-20,2025-06-21,SUP-004,WHD-KHI-01,ING-031,12788.51,51.06,652930.57,30
PO-002037,2025-06-22,2025-06-23,SUP-004,WHD-KHI-01,ING-031,9627.97,51.11,492110.47,30
PO-002038,2025-06-24,2025-06-25,SUP-004,WHD-KHI-01,ING-031,10849.62,52.08,565027.95,30
PO-002039,2025-06-26,2025-06-27,SUP-004,WHD-KHI-01,ING-031,10339.63,52.37,541449.18,30
PO-002040,2025-06-28,2025-06-29,SUP-004,WHD-KHI-01,ING-031,12499.06,50.57,632080.66,30
PO-002041,2025-06-30,2025-07-01,SUP-004,WHD-KHI-01,ING-031,3686.73,53.95,198913.0,30
PO-002042,2025-01-01,2025-01-02,SUP-004,WHD-KHI-01,ING-032,13479.56,31.64,426510.99,30
PO-002043,2025-01-03,2025-01-04,SUP-004,WHD-KHI-01,ING-032,16299.31,32.19,524732.36,30
PO-002044,2025-01-05,2025-01-06,SUP-004,WHD-KHI-01,ING-032,12127.47,32.67,396212.53,30
PO-002045,2025-01-07,2025-01-08,SUP-004,WHD-KHI-01,ING-032,11068.31,32.8,363053.87,30
PO-002046,2025-01-09,2025-01-10,SUP-004,WHD-KHI-01,ING-032,15258.85,33.0,503560.65,30
PO-002047,2025-01-11,2025-01-12,SUP-004,WHD-KHI-01,ING-032,15957.05,31.52,502932.83,30
PO-002048,2025-01-13,2025-01-14,SUP-004,WHD-KHI-01,ING-032,10190.15,32.7,333228.38,30
PO-002049,2025-01-15,2025-01-16,SUP-004,WHD-KHI-01,ING-032,12372.44,31.17,385591.1,30
PO-002050,2025-01-17,2025-01-18,SUP-004,WHD-KHI-01,ING-032,17057.82,32.87,560670.83,30
PO-002051,2025-01-19,2025-01-20,SUP-004,WHD-KHI-01,ING-032,13261.81,31.54,418277.54,30
PO-002052,2025-01-21,2025-01-22,SUP-004,WHD-KHI-01,ING-032,11192.73,31.67,354455.69,30
PO-002053,2025-01-23,2025-01-24,SUP-004,WHD-KHI-01,ING-032,14493.25,32.91,476951.1,30
PO-002054,2025-01-25,2025-01-26,SUP-004,WHD-KHI-01,ING-032,16133.27,31.31,505144.67,30
PO-002055,2025-01-27,2025-01-28,SUP-004,WHD-KHI-01,ING-032,10823.87,31.56,341600.85,30
PO-002056,2025-01-31,2025-02-01,SUP-004,WHD-KHI-01,ING-032,12617.55,32.77,413422.3,30
PO-002057,2025-01-31,2025-02-01,SUP-004,WHD-KHI-01,ING-032,16617.28,31.24,519136.09,30
PO-002058,2025-02-02,2025-02-03,SUP-004,WHD-KHI-01,ING-032,13030.92,31.48,410160.16,30
PO-002059,2025-02-04,2025-02-05,SUP-004,WHD-KHI-01,ING-032,12173.24,32.25,392584.35,30
PO-002060,2025-02-06,2025-02-07,SUP-004,WHD-KHI-01,ING-032,13846.95,33.25,460424.99,30
PO-002061,2025-02-08,2025-02-09,SUP-004,WHD-KHI-01,ING-032,16013.19,31.57,505538.46,30
PO-002062,2025-02-10,2025-02-11,SUP-004,WHD-KHI-01,ING-032,11298.6,33.02,373135.7,30
PO-002063,2025-02-12,2025-02-13,SUP-004,WHD-KHI-01,ING-032,12029.8,32.95,396392.27,30
PO-002064,2025-02-15,2025-02-16,SUP-004,WHD-KHI-01,ING-032,15816.97,32.26,510318.06,30
PO-002065,2025-02-16,2025-02-17,SUP-004,WHD-KHI-01,ING-032,13061.73,32.18,420342.75,30
PO-002066,2025-02-18,2025-02-19,SUP-004,WHD-KHI-01,ING-032,11278.63,32.23,363459.95,30
PO-002067,2025-02-20,2025-02-21,SUP-004,WHD-KHI-01,ING-032,15323.37,32.08,491579.23,30
PO-002068,2025-02-22,2025-02-23,SUP-004,WHD-KHI-01,ING-032,16061.73,32.09,515362.42,30
PO-002069,2025-02-24,2025-02-25,SUP-004,WHD-KHI-01,ING-032,10608.64,31.67,335934.92,30
PO-002070,2025-02-26,2025-02-27,SUP-004,WHD-KHI-01,ING-032,12059.07,33.0,397994.27,30
PO-002071,2025-03-01,2025-03-02,SUP-004,WHD-KHI-01,ING-032,19807.6,31.43,622521.64,30
PO-002072,2025-03-02,2025-03-03,SUP-004,WHD-KHI-01,ING-032,15883.92,32.32,513301.02,30
PO-002073,2025-03-04,2025-03-05,SUP-004,WHD-KHI-01,ING-032,13809.81,32.38,447115.69,30
PO-002074,2025-03-06,2025-03-07,SUP-004,WHD-KHI-01,ING-032,18874.16,32.61,615407.23,30
PO-002075,2025-03-08,2025-03-09,SUP-004,WHD-KHI-01,ING-032,21597.59,32.22,695960.21,30
PO-002076,2025-03-12,2025-03-13,SUP-004,WHD-KHI-01,ING-032,14328.01,32.18,461021.89,30
PO-002077,2025-03-12,2025-03-13,SUP-004,WHD-KHI-01,ING-032,17162.89,31.58,542043.65,30
PO-002078,2025-03-14,2025-03-15,SUP-004,WHD-KHI-01,ING-032,22306.51,32.04,714664.23,30
PO-002079,2025-03-16,2025-03-17,SUP-004,WHD-KHI-01,ING-032,16802.32,32.13,539880.12,30
PO-002080,2025-03-20,2025-03-21,SUP-004,WHD-KHI-01,ING-032,14753.7,31.3,461782.37,30
PO-002081,2025-03-21,2025-03-22,SUP-004,WHD-KHI-01,ING-032,20061.49,31.37,629372.52,30
PO-002082,2025-03-24,2025-03-25,SUP-004,WHD-KHI-01,ING-032,22903.19,32.26,738912.67,30
PO-002083,2025-03-24,2025-03-25,SUP-004,WHD-KHI-01,ING-032,13040.78,32.89,428904.06,30
PO-002084,2025-03-26,2025-03-27,SUP-004,WHD-KHI-01,ING-032,15671.27,32.83,514472.24,30
PO-002085,2025-03-28,2025-03-29,SUP-004,WHD-KHI-01,ING-032,21193.72,31.24,662194.32,30
PO-002086,2025-03-30,2025-03-31,SUP-004,WHD-KHI-01,ING-032,18295.68,32.83,600579.1,30
PO-002087,2025-04-01,2025-04-02,SUP-004,WHD-KHI-01,ING-032,15734.43,32.08,504808.08,30
PO-002088,2025-04-03,2025-04-04,SUP-004,WHD-KHI-01,ING-032,14788.3,31.62,467630.95,30
PO-002089,2025-04-06,2025-04-07,SUP-004,WHD-KHI-01,ING-032,16253.66,32.15,522529.07,30
PO-002090,2025-04-07,2025-04-08,SUP-004,WHD-KHI-01,ING-032,10343.79,31.43,325153.72,30
PO-002091,2025-04-10,2025-04-11,SUP-004,WHD-KHI-01,ING-032,13538.39,31.82,430857.26,30
PO-002092,2025-04-11,2025-04-12,SUP-004,WHD-KHI-01,ING-032,19874.82,31.41,624173.1,30
PO-002093,2025-04-13,2025-04-14,SUP-004,WHD-KHI-01,ING-032,14853.62,32.14,477365.78,30
PO-002094,2025-04-15,2025-04-16,SUP-004,WHD-KHI-01,ING-032,12252.22,32.19,394378.06,30
PO-002095,2025-04-17,2025-04-18,SUP-004,WHD-KHI-01,ING-032,16747.71,31.46,526895.15,30
PO-002096,2025-04-19,2025-04-20,SUP-004,WHD-KHI-01,ING-032,19515.82,32.98,643675.47,30
PO-002097,2025-04-22,2025-04-23,SUP-004,WHD-KHI-01,ING-032,12709.05,32.59,414209.14,30
PO-002098,2025-04-24,2025-04-25,SUP-004,WHD-KHI-01,ING-032,14200.92,32.09,455743.88,30
PO-002099,2025-04-25,2025-04-26,SUP-004,WHD-KHI-01,ING-032,18112.4,31.75,575000.09,30
PO-002100,2025-04-27,2025-04-28,SUP-004,WHD-KHI-01,ING-032,15046.23,31.11,468109.24,30
PO-002101,2025-04-29,2025-04-30,SUP-004,WHD-KHI-01,ING-032,13571.12,32.52,441318.17,30
PO-002102,2025-05-02,2025-05-03,SUP-004,WHD-KHI-01,ING-032,17523.36,31.46,551270.56,30
PO-002103,2025-05-03,2025-05-04,SUP-004,WHD-KHI-01,ING-032,17075.0,31.56,538968.62,30
PO-002104,2025-05-05,2025-05-06,SUP-004,WHD-KHI-01,ING-032,11433.95,32.42,370680.47,30
PO-002105,2025-05-07,2025-05-08,SUP-004,WHD-KHI-01,ING-032,13784.61,31.61,435679.25,30
PO-002106,2025-05-09,2025-05-10,SUP-004,WHD-KHI-01,ING-032,18311.66,31.8,582309.1,30
PO-002107,2025-05-11,2025-05-12,SUP-004,WHD-KHI-01,ING-032,15142.89,32.22,487863.48,30
PO-002108,2025-05-13,2025-05-14,SUP-004,WHD-KHI-01,ING-032,13296.23,32.75,435495.44,30
PO-002109,2025-05-15,2025-05-16,SUP-004,WHD-KHI-01,ING-032,15393.6,31.86,490460.4,30
PO-002110,2025-05-17,2025-05-18,SUP-004,WHD-KHI-01,ING-032,15461.57,33.22,513700.14,30
PO-002111,2025-05-19,2025-05-20,SUP-004,WHD-KHI-01,ING-032,10308.99,31.49,324660.41,30
PO-002112,2025-05-21,2025-05-22,SUP-004,WHD-KHI-01,ING-032,12652.79,31.59,399707.65,30
PO-002113,2025-05-23,2025-05-24,SUP-004,WHD-KHI-01,ING-032,16000.03,31.04,496684.82,30
PO-002114,2025-05-25,2025-05-26,SUP-004,WHD-KHI-01,ING-032,12441.57,32.78,407773.43,30
PO-002115,2025-05-27,2025-05-28,SUP-004,WHD-KHI-01,ING-032,11242.24,31.75,356890.03,30
PO-002116,2025-05-29,2025-05-30,SUP-004,WHD-KHI-01,ING-032,14006.21,32.52,455495.95,30
PO-002117,2025-05-31,2025-06-01,SUP-004,WHD-KHI-01,ING-032,15753.99,31.52,496509.29,30
PO-002118,2025-06-02,2025-06-03,SUP-004,WHD-KHI-01,ING-032,10529.63,32.01,337085.04,30
PO-002119,2025-06-04,2025-06-05,SUP-004,WHD-KHI-01,ING-032,12930.17,32.29,417484.66,30
PO-002120,2025-06-06,2025-06-07,SUP-004,WHD-KHI-01,ING-032,16225.11,31.75,515095.51,30
PO-002121,2025-06-08,2025-06-09,SUP-004,WHD-KHI-01,ING-032,13116.8,31.05,407240.36,30
PO-002122,2025-06-10,2025-06-11,SUP-004,WHD-KHI-01,ING-032,11375.65,31.2,354953.44,30
PO-002123,2025-06-12,2025-06-13,SUP-004,WHD-KHI-01,ING-032,14641.1,31.7,464160.53,30
PO-002124,2025-06-14,2025-06-15,SUP-004,WHD-KHI-01,ING-032,15491.79,32.25,499657.26,30
PO-002125,2025-06-16,2025-06-17,SUP-004,WHD-KHI-01,ING-032,11257.65,32.59,366906.67,30
PO-002126,2025-06-18,2025-06-19,SUP-004,WHD-KHI-01,ING-032,12451.67,31.16,388040.4,30
PO-002127,2025-06-20,2025-06-21,SUP-004,WHD-KHI-01,ING-032,17551.63,32.94,578209.36,30
PO-002128,2025-06-22,2025-06-23,SUP-004,WHD-KHI-01,ING-032,13263.69,33.14,439529.35,30
PO-002129,2025-06-24,2025-06-25,SUP-004,WHD-KHI-01,ING-032,11866.46,32.67,387633.24,30
PO-002130,2025-06-26,2025-06-27,SUP-004,WHD-KHI-01,ING-032,15092.68,33.15,500368.9,30
PO-002131,2025-06-28,2025-06-29,SUP-004,WHD-KHI-01,ING-032,15777.5,33.13,522747.05,30
PO-002132,2025-06-30,2025-07-01,SUP-004,WHD-KHI-01,ING-032,5260.63,33.05,173872.73,30
PO-002133,2025-01-01,2025-01-02,SUP-005,WHD-KHI-01,ING-042,244.34,105.38,25747.71,14
PO-002134,2025-01-04,2025-01-05,SUP-005,WHD-KHI-01,ING-042,282.54,116.57,32935.15,14
PO-002135,2025-01-05,2025-01-06,SUP-005,WHD-KHI-01,ING-042,235.88,102.15,24096.01,14
PO-002136,2025-01-07,2025-01-08,SUP-005,WHD-KHI-01,ING-042,184.95,116.75,21592.91,14
PO-002137,2025-01-09,2025-01-10,SUP-005,WHD-KHI-01,ING-042,267.69,88.69,23740.61,14
PO-002138,2025-01-13,2025-01-14,SUP-005,WHD-KHI-01,ING-042,303.64,95.34,28948.37,14
PO-002139,2025-01-13,2025-01-14,SUP-005,WHD-KHI-01,ING-042,187.5,101.85,19097.48,14
PO-002140,2025-01-15,2025-01-16,SUP-005,WHD-KHI-01,ING-042,227.87,102.05,23253.61,14
PO-002141,2025-01-17,2025-01-18,SUP-005,WHD-KHI-01,ING-042,315.98,105.7,33397.81,14
PO-002142,2025-01-19,2025-01-20,SUP-005,WHD-KHI-01,ING-042,233.99,87.19,20402.36,14
PO-002143,2025-01-21,2025-01-22,SUP-005,WHD-KHI-01,ING-042,203.64,96.94,19741.64,14
PO-002144,2025-01-23,2025-01-24,SUP-005,WHD-KHI-01,ING-042,268.19,90.58,24293.67,14
PO-002145,2025-01-25,2025-01-26,SUP-005,WHD-KHI-01,ING-042,290.79,107.37,31223.06,14
PO-002146,2025-01-27,2025-01-28,SUP-005,WHD-KHI-01,ING-042,177.04,108.66,19237.69,14
PO-002147,2025-01-29,2025-01-30,SUP-005,WHD-KHI-01,ING-042,233.25,81.08,18911.4,14
PO-002148,2025-02-02,2025-02-03,SUP-005,WHD-KHI-01,ING-042,291.42,117.97,34380.39,14
PO-002149,2025-02-02,2025-02-03,SUP-005,WHD-KHI-01,ING-042,221.49,98.68,21857.39,14
PO-002150,2025-02-04,2025-02-05,SUP-005,WHD-KHI-01,ING-042,212.93,81.98,17455.5,14
PO-002151,2025-02-06,2025-02-07,SUP-005,WHD-KHI-01,ING-042,256.35,108.89,27914.43,14
PO-002152,2025-02-08,2025-02-09,SUP-005,WHD-KHI-01,ING-042,280.52,83.89,23533.38,14
PO-002153,2025-02-11,2025-02-12,SUP-005,WHD-KHI-01,ING-042,194.69,116.49,22679.44,14
PO-002154,2025-02-12,2025-02-13,SUP-005,WHD-KHI-01,ING-042,234.63,108.3,25410.36,14
PO-002155,2025-02-14,2025-02-15,SUP-005,WHD-KHI-01,ING-042,287.47,112.47,32332.18,14
PO-002156,2025-02-16,2025-02-17,SUP-005,WHD-KHI-01,ING-042,224.27,95.23,21357.99,14
PO-002157,2025-02-18,2025-02-19,SUP-005,WHD-KHI-01,ING-042,203.65,89.65,18257.45,14
PO-002158,2025-02-20,2025-02-21,SUP-005,WHD-KHI-01,ING-042,268.22,107.84,28924.11,14
PO-002159,2025-02-24,2025-02-25,SUP-005,WHD-KHI-01,ING-042,274.89,94.47,25969.84,14
PO-002160,2025-02-24,2025-02-25,SUP-005,WHD-KHI-01,ING-042,176.42,107.66,18993.33,14
PO-002161,2025-02-26,2025-02-27,SUP-005,WHD-KHI-01,ING-042,210.22,80.89,17005.0,14
PO-002162,2025-02-28,2025-03-01,SUP-005,WHD-KHI-01,ING-042,392.49,114.8,45060.04,14
PO-002163,2025-03-02,2025-03-03,SUP-005,WHD-KHI-01,ING-042,369.37,102.33,37798.91,14
PO-002164,2025-03-04,2025-03-05,SUP-005,WHD-KHI-01,ING-042,323.24,96.65,31242.73,14
PO-002165,2025-03-06,2025-03-07,SUP-005,WHD-KHI-01,ING-042,416.4,92.13,38360.73,14
PO-002166,2025-03-08,2025-03-09,SUP-005,WHD-KHI-01,ING-042,487.08,81.9,39891.99,14
PO-002167,2025-03-10,2025-03-11,SUP-005,WHD-KHI-01,ING-042,325.79,86.66,28232.78,14
PO-002168,2025-03-13,2025-03-14,SUP-005,WHD-KHI-01,ING-042,353.1,82.87,29259.68,14
PO-002169,2025-03-14,2025-03-15,SUP-005,WHD-KHI-01,ING-042,477.34,112.33,53619.91,14
PO-002170,2025-03-16,2025-03-17,SUP-005,WHD-KHI-01,ING-042,411.53,101.8,41891.79,14
PO-002171,2025-03-18,2025-03-19,SUP-005,WHD-KHI-01,ING-042,357.36,92.64,33107.59,14
PO-002172,2025-03-20,2025-03-21,SUP-005,WHD-KHI-01,ING-042,436.62,108.12,47207.31,14
PO-002173,2025-03-22,2025-03-23,SUP-005,WHD-KHI-01,ING-042,487.47,98.71,48119.65,14
PO-002174,2025-03-24,2025-03-25,SUP-005,WHD-KHI-01,ING-042,313.67,115.95,36369.96,14
PO-002175,2025-03-26,2025-03-27,SUP-005,WHD-KHI-01,ING-042,358.35,110.84,39719.15,14
PO-002176,2025-03-28,2025-03-29,SUP-005,WHD-KHI-01,ING-042,478.56,117.49,56226.97,14
PO-002177,2025-03-30,2025-03-31,SUP-005,WHD-KHI-01,ING-042,358.5,115.07,41252.96,14
PO-002178,2025-04-01,2025-04-02,SUP-005,WHD-KHI-01,ING-042,316.73,118.72,37602.43,14
PO-002179,2025-04-03,2025-04-04,SUP-005,WHD-KHI-01,ING-042,262.3,110.84,29074.0,14
PO-002180,2025-04-05,2025-04-06,SUP-005,WHD-KHI-01,ING-042,295.6,111.03,32819.4,14
PO-002181,2025-04-07,2025-04-08,SUP-005,WHD-KHI-01,ING-042,182.12,89.3,16263.36,14
PO-002182,2025-04-09,2025-04-10,SUP-005,WHD-KHI-01,ING-042,229.26,106.72,24466.49,14
PO-002183,2025-04-11,2025-04-12,SUP-005,WHD-KHI-01,ING-042,364.71,97.09,35411.05,14
PO-002184,2025-04-15,2025-04-16,SUP-005,WHD-KHI-01,ING-042,252.77,92.2,23304.61,14
PO-002185,2025-04-15,2025-04-16,SUP-005,WHD-KHI-01,ING-042,232.78,84.87,19756.93,14
PO-002186,2025-04-19,2025-04-20,SUP-005,WHD-KHI-01,ING-042,318.63,103.94,33116.98,14
PO-002187,2025-04-19,2025-04-20,SUP-005,WHD-KHI-01,ING-042,328.64,96.6,31747.76,14
PO-002188,2025-04-21,2025-04-22,SUP-005,WHD-KHI-01,ING-042,216.59,88.78,19229.32,14
PO-002189,2025-04-23,2025-04-24,SUP-005,WHD-KHI-01,ING-042,252.46,86.43,21820.18,14
PO-002190,2025-04-25,2025-04-26,SUP-005,WHD-KHI-01,ING-042,345.78,82.01,28356.59,14
PO-002191,2025-04-27,2025-04-28,SUP-005,WHD-KHI-01,ING-042,266.04,103.8,27614.5,14
PO-002192,2025-04-29,2025-04-30,SUP-005,WHD-KHI-01,ING-042,219.79,115.38,25358.78,14
PO-002193,2025-05-01,2025-05-02,SUP-005,WHD-KHI-01,ING-042,291.18,104.8,30515.56,14
PO-002194,2025-05-03,2025-05-04,SUP-005,WHD-KHI-01,ING-042,330.16,95.1,31398.05,14
PO-002195,2025-05-05,2025-05-06,SUP-005,WHD-KHI-01,ING-042,207.26,92.38,19147.62,14
PO-002196,2025-05-07,2025-05-08,SUP-005,WHD-KHI-01,ING-042,257.14,110.07,28304.08,14
PO-002197,2025-05-09,2025-05-10,SUP-005,WHD-KHI-01,ING-042,319.17,118.53,37830.0,14
PO-002198,2025-05-11,2025-05-12,SUP-005,WHD-KHI-01,ING-042,257.52,82.67,21290.42,14
PO-002199,2025-05-13,2025-05-14,SUP-005,WHD-KHI-01,ING-042,213.36,82.21,17541.26,14
PO-002200,2025-05-15,2025-05-16,SUP-005,WHD-KHI-01,ING-042,267.68,81.31,21765.48,14
PO-002201,2025-05-17,2025-05-18,SUP-005,WHD-KHI-01,ING-042,275.38,102.42,28204.05,14
PO-002202,2025-05-19,2025-05-20,SUP-005,WHD-KHI-01,ING-042,189.0,106.19,20070.49,14
PO-002203,2025-05-21,2025-05-22,SUP-005,WHD-KHI-01,ING-042,215.59,107.31,23134.22,14
PO-002204,2025-05-23,2025-05-24,SUP-005,WHD-KHI-01,ING-042,311.47,84.5,26318.84,14
PO-002205,2025-05-25,2025-05-26,SUP-005,WHD-KHI-01,ING-042,239.99,105.01,25200.58,14
PO-002206,2025-05-27,2025-05-28,SUP-005,WHD-KHI-01,ING-042,202.56,98.63,19979.02,14
PO-002207,2025-05-31,2025-06-01,SUP-005,WHD-KHI-01,ING-042,247.04,115.61,28560.36,14
PO-002208,2025-06-01,2025-06-02,SUP-005,WHD-KHI-01,ING-042,293.7,118.06,34674.08,14
PO-002209,2025-06-02,2025-06-03,SUP-005,WHD-KHI-01,ING-042,179.82,104.38,18769.21,14
PO-002210,2025-06-04,2025-06-05,SUP-005,WHD-KHI-01,ING-042,226.87,102.33,23216.29,14
PO-002211,2025-06-06,2025-06-07,SUP-005,WHD-KHI-01,ING-042,303.38,112.51,34132.03,14
PO-002212,2025-06-08,2025-06-09,SUP-005,WHD-KHI-01,ING-042,219.1,114.98,25192.3,14
PO-002213,2025-06-11,2025-06-12,SUP-005,WHD-KHI-01,ING-042,207.38,112.56,23342.99,14
PO-002214,2025-06-12,2025-06-13,SUP-005,WHD-KHI-01,ING-042,273.05,100.76,27512.81,14
PO-002215,2025-06-14,2025-06-15,SUP-005,WHD-KHI-01,ING-042,291.48,103.98,30309.3,14
PO-002216,2025-06-16,2025-06-17,SUP-005,WHD-KHI-01,ING-042,188.13,95.29,17926.79,14
PO-002217,2025-06-20,2025-06-21,SUP-005,WHD-KHI-01,ING-042,212.88,84.9,18072.76,14
PO-002218,2025-06-20,2025-06-21,SUP-005,WHD-KHI-01,ING-042,299.48,83.52,25012.68,14
PO-002219,2025-06-22,2025-06-23,SUP-005,WHD-KHI-01,ING-042,234.75,111.64,26206.67,14
PO-002220,2025-06-25,2025-06-26,SUP-005,WHD-KHI-01,ING-042,193.11,111.58,21547.37,14
PO-002221,2025-06-26,2025-06-27,SUP-005,WHD-KHI-01,ING-042,277.88,115.05,31971.3,14
PO-002222,2025-06-28,2025-06-29,SUP-005,WHD-KHI-01,ING-042,295.67,113.03,33418.79,14
PO-002223,2025-06-30,2025-07-01,SUP-005,WHD-KHI-01,ING-042,102.14,117.18,11968.79,14
PO-002224,2025-01-01,2025-01-06,SUP-011,WHD-KHI-01,ING-070,11242.47,295.23,3319157.03,45
PO-002225,2025-01-31,2025-02-05,SUP-011,WHD-KHI-01,ING-070,12957.56,292.41,3788913.8,45
PO-002226,2025-03-02,2025-03-07,SUP-011,WHD-KHI-01,ING-070,24281.26,289.21,7022415.41,45
PO-002227,2025-04-01,2025-04-06,SUP-011,WHD-KHI-01,ING-070,12730.82,305.29,3886626.72,45
PO-002228,2025-05-01,2025-05-06,SUP-011,WHD-KHI-01,ING-070,12920.81,286.88,3706700.85,45
PO-002229,2025-05-31,2025-06-05,SUP-011,WHD-KHI-01,ING-070,11757.56,296.1,3481423.31,45
PO-002230,2025-07-01,2025-07-06,SUP-011,WHD-KHI-01,ING-070,313.26,293.53,91952.24,45
PO-002231,2025-01-03,2025-01-08,SUP-012,WHD-KHI-01,ING-081,683260.22,7.92,5413571.67,45
PO-002232,2025-01-22,2025-01-27,SUP-012,WHD-KHI-01,ING-081,702895.17,7.93,5573718.41,45
PO-002233,2025-02-12,2025-02-17,SUP-012,WHD-KHI-01,ING-081,802214.17,8.28,6645222.76,45
PO-002234,2025-03-05,2025-03-10,SUP-012,WHD-KHI-01,ING-081,1168425.72,8.31,9711951.93,45
PO-002235,2025-03-26,2025-03-31,SUP-012,WHD-KHI-01,ING-081,830726.63,8.09,6722869.1,45
PO-002236,2025-04-16,2025-04-21,SUP-012,WHD-KHI-01,ING-081,738699.24,7.79,5751262.5,45
PO-002237,2025-05-07,2025-05-12,SUP-012,WHD-KHI-01,ING-081,723121.99,7.9,5713219.68,45
PO-002238,2025-05-28,2025-06-02,SUP-012,WHD-KHI-01,ING-081,638355.15,8.1,5168497.19,45
PO-002239,2025-06-19,2025-06-24,SUP-012,WHD-KHI-01,ING-081,399478.46,8.32,3322043.19,45
PO-002240,2025-01-03,2025-01-06,SUP-009,WHD-KHI-01,ING-100,13948.49,276.61,3858355.8,30
PO-002241,2025-01-15,2025-01-18,SUP-009,WHD-KHI-01,ING-100,13099.95,282.72,3703613.46,30
PO-002242,2025-01-31,2025-02-03,SUP-009,WHD-KHI-01,ING-100,13589.77,288.47,3920198.67,30
PO-002243,2025-02-12,2025-02-15,SUP-009,WHD-KHI-01,ING-100,12608.92,283.06,3569078.39,30
PO-002244,2025-02-26,2025-03-01,SUP-009,WHD-KHI-01,ING-100,16552.0,275.87,4566216.86,30
PO-002245,2025-03-12,2025-03-15,SUP-009,WHD-KHI-01,ING-100,16440.63,277.8,4567195.08,30
PO-002246,2025-03-26,2025-03-29,SUP-009,WHD-KHI-01,ING-100,15917.27,280.71,4468174.78,30
PO-002247,2025-04-09,2025-04-12,SUP-009,WHD-KHI-01,ING-100,15236.27,285.33,4347322.48,30
PO-002248,2025-04-23,2025-04-26,SUP-009,WHD-KHI-01,ING-100,15301.69,284.92,4359782.57,30
PO-002249,2025-05-07,2025-05-10,SUP-009,WHD-KHI-01,ING-100,14925.08,287.93,4297313.48,30
PO-002250,2025-05-21,2025-05-24,SUP-009,WHD-KHI-01,ING-100,14155.03,273.63,3873276.78,30
PO-002251,2025-06-04,2025-06-07,SUP-009,WHD-KHI-01,ING-100,14503.28,290.25,4209633.08,30
PO-002252,2025-06-18,2025-06-21,SUP-009,WHD-KHI-01,ING-100,13669.33,274.59,3753415.62,30
PO-002253,2025-01-01,2025-01-04,SUP-009,WHD-KHI-01,ING-101,3417.03,265.95,908757.24,30
PO-002254,2025-01-16,2025-01-19,SUP-009,WHD-KHI-01,ING-101,3601.74,269.95,972278.2,30
PO-002255,2025-01-29,2025-02-01,SUP-009,WHD-KHI-01,ING-101,3695.15,279.66,1033370.14,30
PO-002256,2025-02-12,2025-02-15,SUP-009,WHD-KHI-01,ING-101,3636.09,275.17,1000555.45,30
PO-002257,2025-02-26,2025-03-01,SUP-009,WHD-KHI-01,ING-101,4384.16,274.23,1202252.9,30
PO-002258,2025-03-12,2025-03-15,SUP-009,WHD-KHI-01,ING-101,4518.91,270.83,1223855.79,30
PO-002259,2025-03-26,2025-03-29,SUP-009,WHD-KHI-01,ING-101,4518.47,265.88,1201368.89,30
PO-002260,2025-04-09,2025-04-12,SUP-009,WHD-KHI-01,ING-101,4091.03,273.4,1118473.0,30
PO-002261,2025-04-23,2025-04-26,SUP-009,WHD-KHI-01,ING-101,4255.55,270.09,1149377.39,30
PO-002262,2025-05-07,2025-05-10,SUP-009,WHD-KHI-01,ING-101,4362.06,263.28,1148443.88,30
PO-002263,2025-05-21,2025-05-24,SUP-009,WHD-KHI-01,ING-101,3712.58,263.28,977434.26,30
PO-002264,2025-06-04,2025-06-07,SUP-009,WHD-KHI-01,ING-101,3759.29,264.23,993328.08,30
PO-002265,2025-06-19,2025-06-22,SUP-009,WHD-KHI-01,ING-101,3492.14,278.07,971054.45,30
PO-002266,2025-01-01,2025-01-04,SUP-009,WHD-KHI-01,ING-102,3997.63,288.62,1153780.53,30
PO-002267,2025-01-15,2025-01-18,SUP-009,WHD-KHI-01,ING-102,3850.41,287.5,1106986.21,30
PO-002268,2025-01-30,2025-02-02,SUP-009,WHD-KHI-01,ING-102,3962.75,287.9,1140876.82,30
PO-002269,2025-02-12,2025-02-15,SUP-009,WHD-KHI-01,ING-102,4037.77,277.51,1120505.49,30
PO-002270,2025-02-26,2025-03-01,SUP-009,WHD-KHI-01,ING-102,5146.99,279.37,1437899.73,30
PO-002271,2025-03-12,2025-03-15,SUP-009,WHD-KHI-01,ING-102,5346.57,296.39,1584648.05,30
PO-002272,2025-03-26,2025-03-29,SUP-009,WHD-KHI-01,ING-102,5062.34,279.62,1415529.56,30
PO-002273,2025-04-09,2025-04-12,SUP-009,WHD-KHI-01,ING-102,4555.26,290.36,1322665.63,30
PO-002274,2025-04-23,2025-04-26,SUP-009,WHD-KHI-01,ING-102,5086.4,278.2,1415060.51,30
PO-002275,2025-05-07,2025-05-10,SUP-009,WHD-KHI-01,ING-102,4758.91,276.85,1317514.5,30
PO-002276,2025-05-22,2025-05-25,SUP-009,WHD-KHI-01,ING-102,4505.42,279.93,1261220.55,30
PO-002277,2025-06-04,2025-06-07,SUP-009,WHD-KHI-01,ING-102,4200.8,280.64,1178904.36,30
PO-002278,2025-06-18,2025-06-21,SUP-009,WHD-KHI-01,ING-102,4241.08,293.77,1245906.36,30
PO-002279,2025-01-01,2025-01-08,SUP-008,WHD-KHI-01,ING-200,246760.47,41.13,10148844.78,60
PO-002280,2025-01-31,2025-02-07,SUP-008,WHD-KHI-01,ING-200,285304.06,41.81,11929427.83,60
PO-002281,2025-03-02,2025-03-09,SUP-008,WHD-KHI-01,ING-200,513917.58,41.62,21390815.27,60
PO-002282,2025-04-01,2025-04-08,SUP-008,WHD-KHI-01,ING-200,304301.47,41.12,12511511.44,60
PO-002283,2025-05-01,2025-05-08,SUP-008,WHD-KHI-01,ING-200,301454.42,41.12,12396893.86,60
PO-002284,2025-05-31,2025-06-07,SUP-008,WHD-KHI-01,ING-200,261029.93,42.13,10997347.87,60
PO-002285,2025-06-30,2025-07-07,SUP-008,WHD-KHI-01,ING-200,6355.47,42.56,270508.43,60
PO-002286,2025-01-01,2025-01-08,SUP-008,WHD-KHI-01,ING-201,774367.62,3.89,3011202.57,60
PO-002287,2025-02-01,2025-02-08,SUP-008,WHD-KHI-01,ING-201,784349.77,4.15,3258381.53,60
PO-002288,2025-03-02,2025-03-09,SUP-008,WHD-KHI-01,ING-201,1071487.32,3.93,4206801.41,60
PO-002289,2025-04-01,2025-04-08,SUP-008,WHD-KHI-01,ING-201,832746.31,4.06,3384333.69,60
PO-002290,2025-05-01,2025-05-08,SUP-008,WHD-KHI-01,ING-201,779809.56,4.06,3163221.08,60
PO-002291,2025-05-31,2025-06-07,SUP-008,WHD-KHI-01,ING-201,747026.91,3.92,2932007.26,60
PO-002292,2025-06-30,2025-07-07,SUP-008,WHD-KHI-01,ING-201,18772.89,3.89,73025.88,60
PO-002293,2025-01-01,2025-01-08,SUP-008,WHD-KHI-01,ING-202,1004178.29,7.0,7033491.48,60
PO-002294,2025-01-31,2025-02-07,SUP-008,WHD-KHI-01,ING-202,938718.85,6.97,6545174.78,60
PO-002295,2025-03-02,2025-03-09,SUP-008,WHD-KHI-01,ING-202,1371087.76,6.85,9386555.4,60
PO-002296,2025-04-01,2025-04-08,SUP-008,WHD-KHI-01,ING-202,1079609.0,7.06,7623275.67,60
PO-002297,2025-05-02,2025-05-09,SUP-008,WHD-KHI-01,ING-202,1048072.51,7.05,7390080.92,60
PO-002298,2025-05-31,2025-06-07,SUP-008,WHD-KHI-01,ING-202,988421.75,6.93,6851835.88,60
PO-002299,2025-06-30,2025-07-07,SUP-008,WHD-KHI-01,ING-202,26812.5,7.07,189534.31,60
PO-002300,2025-01-01,2025-01-08,SUP-008,WHD-KHI-01,ING-203,674634.47,9.22,6222819.72,60
PO-002301,2025-01-31,2025-02-07,SUP-008,WHD-KHI-01,ING-203,664019.47,9.26,6151195.15,60
PO-002302,2025-03-02,2025-03-09,SUP-008,WHD-KHI-01,ING-203,940348.83,9.25,8696525.96,60
PO-002303,2025-04-01,2025-04-08,SUP-008,WHD-KHI-01,ING-203,815516.36,8.85,7213291.09,60
PO-002304,2025-05-01,2025-05-08,SUP-008,WHD-KHI-01,ING-203,851252.79,9.01,7670689.29,60
PO-002305,2025-05-31,2025-06-07,SUP-008,WHD-KHI-01,ING-203,846097.86,8.91,7535671.72,60
PO-002306,2025-07-01,2025-07-08,SUP-008,WHD-KHI-01,ING-203,22584.15,9.15,206592.16,60
PO-002307,2025-01-01,2025-01-08,SUP-008,WHD-KHI-01,ING-204,609702.83,2.92,1780308.46,60
PO-002308,2025-01-31,2025-02-07,SUP-008,WHD-KHI-01,ING-204,632317.8,3.12,1970433.18,60
PO-002309,2025-03-02,2025-03-09,SUP-008,WHD-KHI-01,ING-204,856704.95,3.12,2669329.77,60
PO-002310,2025-04-01,2025-04-08,SUP-008,WHD-KHI-01,ING-204,734329.13,3.1,2278366.56,60
PO-002311,2025-05-01,2025-05-08,SUP-008,WHD-KHI-01,ING-204,770958.12,3.0,2313544.38,60
PO-002312,2025-05-31,2025-06-07,SUP-008,WHD-KHI-01,ING-204,775079.91,3.06,2369472.81,60
PO-002313,2025-06-30,2025-07-07,SUP-008,WHD-KHI-01,ING-204,20717.33,2.91,60363.45,60
PO-002314,2025-01-01,2025-01-08,SUP-008,WHD-KHI-01,ING-205,377835.68,2.07,783418.42,60
PO-002315,2025-01-31,2025-02-07,SUP-008,WHD-KHI-01,ING-205,393504.65,2.02,793568.35,60
PO-002316,2025-03-04,2025-03-11,SUP-008,WHD-KHI-01,ING-205,476732.03,1.95,927631.03,60
PO-002317,2025-04-01,2025-04-08,SUP-008,WHD-KHI-01,ING-205,444683.41,2.04,905733.77,60
PO-002318,2025-05-01,2025-05-08,SUP-008,WHD-KHI-01,ING-205,401246.86,2.05,823482.34,60
PO-002319,2025-05-31,2025-06-07,SUP-008,WHD-KHI-01,ING-205,381811.49,2.04,779557.71,60
PO-002320,2025-06-30,2025-07-07,SUP-008,WHD-KHI-01,ING-205,9540.87,2.05,19514.42,60
