delivery_id,po_id,delivery_date,supplier_id,destination_node,ingredient_id,ordered_qty,delivered_qty,quality_pass_qty,status,delay_days
DEL-000001,PO-000001,2025-01-05,SUP-001,COM-KHI-01,ING-001,3947.92,3947.92,3947.92,on_time,0
DEL-000002,PO-000002,2025-01-09,SUP-001,COM-KHI-01,ING-001,3652.69,3652.69,3652.69,late,2
DEL-000003,PO-000003,2025-01-09,SUP-001,COM-KHI-01,ING-001,3469.27,3469.27,3469.27,on_time,0
DEL-000004,PO-000004,2025-01-13,SUP-001,COM-KHI-01,ING-001,4143.06,4143.06,4143.06,on_time,0
DEL-000005,PO-000005,2025-01-15,SUP-001,COM-KHI-01,ING-001,3211.79,3211.79,3211.79,on_time,0
DEL-000006,PO-000006,2025-01-18,SUP-001,COM-KHI-01,ING-001,4112.66,4112.66,4112.66,on_time,0
DEL-000007,PO-000007,2025-01-22,SUP-001,COM-KHI-01,ING-001,2820.54,2820.54,2820.54,late,1
DEL-000008,PO-000008,2025-01-24,SUP-001,COM-KHI-01,ING-001,3807.53,3807.53,3807.53,on_time,0
DEL-000009,PO-000009,2025-01-27,SUP-001,COM-KHI-01,ING-001,3320.27,3045.13,3045.13,on_time,0
DEL-000010,PO-000010,2025-01-31,SUP-001,COM-KHI-01,ING-001,3510.16,3510.16,3510.16,on_time,0
DEL-000011,PO-000011,2025-02-02,SUP-001,COM-KHI-01,ING-001,4092.47,4092.47,4092.47,on_time,0
DEL-000012,PO-000012,2025-02-05,SUP-001,COM-KHI-01,ING-001,3666.13,3666.13,3666.13,on_time,0
DEL-000013,PO-000013,2025-02-08,SUP-001,COM-KHI-01,ING-001,3675.3,3675.3,3675.3,on_time,0
DEL-000014,PO-000014,2025-02-13,SUP-001,COM-KHI-01,ING-001,2990.83,2990.83,2990.83,on_time,0
DEL-000015,PO-000015,2025-02-14,SUP-001,COM-KHI-01,ING-001,3763.84,3763.84,3763.84,on_time,0
DEL-000016,PO-000016,2025-02-17,SUP-001,COM-KHI-01,ING-001,3818.81,3818.81,3818.81,on_time,0
DEL-000017,PO-000017,2025-02-20,SUP-001,COM-KHI-01,ING-001,3243.51,3243.51,2847.37,on_time,0
DEL-000018,PO-000018,2025-02-23,SUP-001,COM-KHI-01,ING-001,4283.33,4283.33,4283.33,on_time,0
DEL-000019,PO-000019,2025-02-26,SUP-001,COM-KHI-01,ING-001,3184.33,3184.33,3184.33,on_time,0
DEL-000020,PO-000020,2025-03-01,SUP-001,COM-KHI-01,ING-001,4648.08,4648.08,4648.08,on_time,0
DEL-000021,PO-000021,2025-03-04,SUP-001,COM-KHI-01,ING-001,4220.28,4220.28,4220.28,on_time,0
DEL-000022,PO-000022,2025-03-07,SUP-001,COM-KHI-01,ING-001,4957.87,4957.87,4957.87,on_time,0
DEL-000023,PO-000023,2025-03-10,SUP-001,COM-KHI-01,ING-001,4638.09,4026.32,4026.32,on_time,0
DEL-000024,PO-000024,2025-03-13,SUP-001,COM-KHI-01,ING-001,4828.24,4828.24,4828.24,on_time,0
DEL-000025,PO-000025,2025-03-18,SUP-001,COM-KHI-01,ING-001,5827.29,5827.29,5827.29,on_time,0
DEL-000026,PO-000026,2025-03-19,SUP-001,COM-KHI-01,ING-001,4083.58,3590.0,3590.0,on_time,0
DEL-000027,PO-000027,2025-03-22,SUP-001,COM-KHI-01,ING-001,5243.62,5243.62,5243.62,on_time,0
DEL-000028,PO-000028,2025-03-25,SUP-001,COM-KHI-01,ING-001,4280.89,4280.89,4280.89,on_time,0
DEL-000029,PO-000029,2025-03-28,SUP-001,COM-KHI-01,ING-001,5632.48,5632.48,5632.48,on_time,0
DEL-000030,PO-000030,2025-03-31,SUP-001,COM-KHI-01,ING-001,5054.06,4432.72,4432.72,on_time,0
DEL-000031,PO-000031,2025-04-04,SUP-001,COM-KHI-01,ING-001,4891.2,4891.2,4891.2,late,1
DEL-000032,PO-000032,2025-04-08,SUP-001,COM-KHI-01,ING-001,4037.96,3564.47,3564.47,late,2
DEL-000033,PO-000033,2025-04-09,SUP-001,COM-KHI-01,ING-001,3395.84,3395.84,3395.84,on_time,0
DEL-000034,PO-000034,2025-04-14,SUP-001,COM-KHI-01,ING-001,4566.37,4566.37,4566.37,late,2
DEL-000035,PO-000035,2025-04-15,SUP-001,COM-KHI-01,ING-001,3293.05,3016.39,3016.39,on_time,0
DEL-000036,PO-000036,2025-04-18,SUP-001,COM-KHI-01,ING-001,4480.32,4480.32,4480.32,on_time,0
DEL-000037,PO-000037,2025-04-21,SUP-001,COM-KHI-01,ING-001,4147.99,4147.99,4147.99,on_time,0
DEL-000038,PO-000038,2025-04-24,SUP-001,COM-KHI-01,ING-001,4038.68,4038.68,4038.68,on_time,0
DEL-000039,PO-000039,2025-04-27,SUP-001,COM-KHI-01,ING-001,4946.28,4946.28,4946.28,on_time,0
DEL-000040,PO-000040,2025-04-30,SUP-001,COM-KHI-01,ING-001,3827.67,3827.67,3827.67,on_time,0
DEL-000041,PO-000041,2025-05-05,SUP-001,COM-KHI-01,ING-001,4464.36,4464.36,4464.36,late,2
DEL-000042,PO-000042,2025-05-06,SUP-001,COM-KHI-01,ING-001,3362.92,3362.92,3362.92,on_time,0
DEL-000043,PO-000043,2025-05-09,SUP-001,COM-KHI-01,ING-001,4660.47,4660.47,4660.47,on_time,0
DEL-000044,PO-000044,2025-05-12,SUP-001,COM-KHI-01,ING-001,4044.96,4044.96,4044.96,on_time,0
DEL-000045,PO-000045,2025-05-16,SUP-001,COM-KHI-01,ING-001,3751.86,3751.86,3751.86,late,1
DEL-000046,PO-000046,2025-05-18,SUP-001,COM-KHI-01,ING-001,3953.72,3953.72,3953.72,on_time,0
DEL-000047,PO-000047,2025-05-21,SUP-001,COM-KHI-01,ING-001,3445.38,3445.38,3445.38,on_time,0
DEL-000048,PO-000048,2025-05-24,SUP-001,COM-KHI-01,ING-001,3970.11,3970.11,3970.11,on_time,0
DEL-000049,PO-000049,2025-05-30,SUP-001,COM-KHI-01,ING-001,2855.54,2855.54,2855.54,late,1
DEL-000050,PO-000050,2025-05-31,SUP-001,COM-KHI-01,ING-001,3677.48,3677.48,3677.48,late,1
DEL-000051,PO-000051,2025-06-04,SUP-001,COM-KHI-01,ING-001,3699.43,3699.43,3699.43,on_time,0
DEL-000052,PO-000052,2025-06-05,SUP-001,COM-KHI-01,ING-001,3294.16,3294.16,3294.16,on_time,0
DEL-000053,PO-000053,2025-06-10,SUP-001,COM-KHI-01,ING-001,3758.74,3758.74,3758.74,late,2
DEL-000054,PO-000054,2025-06-13,SUP-001,COM-KHI-01,ING-001,3143.77,3143.77,3143.77,on_time,0
DEL-000055,PO-000055,2025-06-14,SUP-001,COM-KHI-01,ING-001,3943.35,3943.35,3943.35,on_time,0
DEL-000056,PO-000056,2025-06-17,SUP-001,COM-KHI-01,ING-001,2937.16,2937.16,2937.16,on_time,0
DEL-000057,PO-000057,2025-06-20,SUP-001,COM-KHI-01,ING-001,4064.67,4064.67,4064.67,on_time,0
DEL-000058,PO-000058,2025-06-29,SUP-001,COM-KHI-01,ING-001,3470.75,3470.75,3470.75,very_late,4
DEL-000059,PO-000059,2025-06-29,SUP-001,COM-KHI-01,ING-001,3694.01,3181.38,3181.38,late,1
DEL-000060,PO-000060,2025-06-30,SUP-001,COM-KHI-01,ING-001,3935.91,3935.91,3935.91,late,1
DEL-000061,PO-000061,2025-07-02,SUP-001,COM-KHI-01,ING-001,903.73,903.73,903.73,on_time,0
DEL-000062,PO-000062,2025-01-03,SUP-001,COM-KHI-01,ING-002,5678.72,5678.72,5678.72,on_time,0
DEL-000063,PO-000063,2025-01-10,SUP-001,COM-KHI-01,ING-002,5137.77,4667.8,4667.8,very_late,4
DEL-000064,PO-000064,2025-01-10,SUP-001,COM-KHI-01,ING-002,4020.59,4020.59,4020.59,on_time,0
DEL-000065,PO-000065,2025-01-16,SUP-001,COM-KHI-01,ING-002,6178.74,5320.77,5320.77,very_late,4
DEL-000066,PO-000066,2025-01-17,SUP-001,COM-KHI-01,ING-002,3833.36,3543.81,3543.81,late,2
DEL-000067,PO-000067,2025-01-18,SUP-001,COM-KHI-01,ING-002,6460.13,6460.13,6460.13,on_time,0
DEL-000068,PO-000068,2025-01-21,SUP-001,COM-KHI-01,ING-002,4234.83,4234.83,4234.83,on_time,0
DEL-000069,PO-000069,2025-01-26,SUP-001,COM-KHI-01,ING-002,5051.09,5051.09,5051.09,late,2
DEL-000070,PO-000070,2025-01-27,SUP-001,COM-KHI-01,ING-002,5320.92,5320.92,5320.92,on_time,0
DEL-000071,PO-000071,2025-01-31,SUP-001,COM-KHI-01,ING-002,4158.12,4158.12,4158.12,on_time,0
DEL-000072,PO-000072,2025-02-02,SUP-001,COM-KHI-01,ING-002,6584.58,6584.58,6584.58,on_time,0
DEL-000073,PO-000073,2025-02-05,SUP-001,COM-KHI-01,ING-002,4219.13,4219.13,4219.13,on_time,0
DEL-000074,PO-000074,2025-02-08,SUP-001,COM-KHI-01,ING-002,6440.45,6440.45,6440.45,on_time,0
DEL-000075,PO-000075,2025-02-11,SUP-001,COM-KHI-01,ING-002,4553.81,4553.81,4553.81,on_time,0
DEL-000076,PO-000076,2025-02-16,SUP-001,COM-KHI-01,ING-002,5589.72,5589.72,5589.72,late,2
DEL-000077,PO-000077,2025-02-17,SUP-001,COM-KHI-01,ING-002,5325.27,5325.27,5325.27,on_time,0
DEL-000078,PO-000078,2025-02-20,SUP-001,COM-KHI-01,ING-002,4284.16,4284.16,4284.16,on_time,0
DEL-000079,PO-000079,2025-02-23,SUP-001,COM-KHI-01,ING-002,6728.87,6728.87,6728.87,on_time,0
DEL-000080,PO-000080,2025-02-27,SUP-001,COM-KHI-01,ING-002,4068.84,4068.84,4068.84,late,1
DEL-000081,PO-000081,2025-03-01,SUP-001,COM-KHI-01,ING-002,8616.33,8616.33,8616.33,on_time,0
DEL-000082,PO-000082,2025-03-04,SUP-001,COM-KHI-01,ING-002,6786.52,6786.52,6786.52,on_time,0
DEL-000083,PO-000083,2025-03-07,SUP-001,COM-KHI-01,ING-002,8863.38,8863.38,8863.38,on_time,0
DEL-000084,PO-000084,2025-03-14,SUP-001,COM-KHI-01,ING-002,9960.25,9960.25,9960.25,very_late,4
DEL-000085,PO-000085,2025-03-14,SUP-001,COM-KHI-01,ING-002,7089.65,7089.65,7089.65,late,1
DEL-000086,PO-000086,2025-03-16,SUP-001,COM-KHI-01,ING-002,10908.31,10908.31,10908.31,on_time,0
DEL-000087,PO-000087,2025-03-19,SUP-001,COM-KHI-01,ING-002,7034.97,7034.97,7034.97,on_time,0
DEL-000088,PO-000088,2025-03-22,SUP-001,COM-KHI-01,ING-002,11171.87,11171.87,11171.87,on_time,0
DEL-000089,PO-000089,2025-03-26,SUP-001,COM-KHI-01,ING-002,7383.54,7383.54,7383.54,on_time,0
DEL-000090,PO-000090,2025-03-28,SUP-001,COM-KHI-01,ING-002,8984.8,7874.73,7874.73,on_time,0
DEL-000091,PO-000091,2025-04-02,SUP-001,COM-KHI-01,ING-002,9049.51,9049.51,9049.51,late,2
DEL-000092,PO-000092,2025-04-06,SUP-001,COM-KHI-01,ING-002,5748.23,5748.23,5748.23,very_late,3
DEL-000093,PO-000093,2025-04-12,SUP-001,COM-KHI-01,ING-002,6531.8,6531.8,6531.8,very_late,5
DEL-000094,PO-000094,2025-04-09,SUP-001,COM-KHI-01,ING-002,3832.02,3832.02,3832.02,on_time,0
DEL-000095,PO-000095,2025-04-14,SUP-001,COM-KHI-01,ING-002,7294.94,7294.94,7294.94,late,2
DEL-000096,PO-000096,2025-04-15,SUP-001,COM-KHI-01,ING-002,5175.33,5175.33,5175.33,on_time,0
DEL-000097,PO-000097,2025-04-18,SUP-001,COM-KHI-01,ING-002,6153.47,6153.47,6153.47,on_time,0
DEL-000098,PO-000098,2025-04-21,SUP-001,COM-KHI-01,ING-002,6744.81,6744.81,6744.81,on_time,0
DEL-000099,PO-000099,2025-04-24,SUP-001,COM-KHI-01,ING-002,4967.65,4374.04,4374.04,on_time,0
DEL-000100,PO-000100,2025-04-27,SUP-001,COM-KHI-01,ING-002,8048.62,8048.62,8048.62,on_time,0
DEL-000101,PO-000101,2025-04-30,SUP-001,COM-KHI-01,ING-002,4672.84,4672.84,4672.84,on_time,0
DEL-000102,PO-000102,2025-05-03,SUP-001,COM-KHI-01,ING-002,7657.06,7657.06,7657.06,on_time,0
DEL-000103,PO-000103,2025-05-06,SUP-001,COM-KHI-01,ING-002,4847.16,4847.16,4847.16,on_time,0
DEL-000104,PO-000104,2025-05-09,SUP-001,COM-KHI-01,ING-002,6017.38,5631.82,5631.82,on_time,0
DEL-000105,PO-000105,2025-05-12,SUP-001,COM-KHI-01,ING-002,5883.31,5883.31,5883.31,on_time,0
DEL-000106,PO-000106,2025-05-17,SUP-001,COM-KHI-01,ING-002,4792.84,4792.84,4792.84,on_time,0
DEL-000107,PO-000107,2025-05-18,SUP-001,COM-KHI-01,ING-002,6796.56,6796.56,6796.56,on_time,0
DEL-000108,PO-000108,2025-05-21,SUP-001,COM-KHI-01,ING-002,3808.4,3580.51,3580.51,on_time,0
DEL-000109,PO-000109,2025-05-28,SUP-001,COM-KHI-01,ING-002,6350.35,6350.35,6350.35,very_late,4
DEL-000110,PO-000110,2025-05-28,SUP-001,COM-KHI-01,ING-002,4212.02,4212.02,4212.02,on_time,0
DEL-000111,PO-000111,2025-05-30,SUP-001,COM-KHI-01,ING-002,5337.69,5337.69,5337.69,on_time,0
DEL-000112,PO-000112,2025-06-02,SUP-001,COM-KHI-01,ING-002,5264.2,5264.2,5264.2,on_time,0
DEL-000113,PO-000113,2025-06-05,SUP-001,COM-KHI-01,ING-002,4086.09,4086.09,4086.09,on_time,0
DEL-000114,PO-000114,2025-06-08,SUP-001,COM-KHI-01,ING-002,6306.19,6306.19,6306.19,on_time,0
DEL-000115,PO-000115,2025-06-11,SUP-001,COM-KHI-01,ING-002,4096.71,4096.71,4096.71,on_time,0
DEL-000116,PO-000116,2025-06-14,SUP-001,COM-KHI-01,ING-002,6392.83,6392.83,6392.83,on_time,0
DEL-000117,PO-000117,2025-06-17,SUP-001,COM-KHI-01,ING-002,4478.02,4478.02,4478.02,on_time,0
DEL-000118,PO-000118,2025-06-21,SUP-001,COM-KHI-01,ING-002,5456.24,5456.24,5456.24,late,1
DEL-000119,PO-000119,2025-06-23,SUP-001,COM-KHI-01,ING-002,5721.91,5721.91,5721.91,on_time,0
DEL-000120,PO-000120,2025-06-26,SUP-001,COM-KHI-01,ING-002,4211.72,4211.72,4211.72,on_time,0
DEL-000121,PO-000121,2025-06-30,SUP-001,COM-KHI-01,ING-002,7135.49,7135.49,7135.49,on_time,0
DEL-000122,PO-000122,2025-07-02,SUP-001,COM-KHI-01,ING-002,1182.11,1182.11,1182.11,on_time,0
DEL-000123,PO-000123,2025-01-03,SUP-002,COM-KHI-01,ING-003,1755.39,1755.39,1659.23,on_time,0
DEL-000124,PO-000124,2025-01-09,SUP-002,COM-KHI-01,ING-003,1759.47,1759.47,1759.47,late,1
DEL-000125,PO-000125,2025-01-09,SUP-002,COM-KHI-01,ING-003,1510.24,1510.24,1510.24,on_time,0
DEL-000126,PO-000126,2025-01-16,SUP-002,COM-KHI-01,ING-003,2088.54,2088.54,2088.54,very_late,4
DEL-000127,PO-000127,2025-01-17,SUP-002,COM-KHI-01,ING-003,1264.63,1264.63,1264.63,on_time,0
DEL-000128,PO-000128,2025-01-20,SUP-002,COM-KHI-01,ING-003,2056.06,2056.06,2056.06,late,2
DEL-000129,PO-000129,2025-01-23,SUP-002,COM-KHI-01,ING-003,1480.7,1480.7,1480.7,late,2
DEL-000130,PO-000130,2025-01-24,SUP-002,COM-KHI-01,ING-003,1805.84,1805.84,1805.84,on_time,0
DEL-000131,PO-000131,2025-01-27,SUP-002,COM-KHI-01,ING-003,1755.11,1755.11,1755.11,on_time,0
DEL-000132,PO-000132,2025-01-30,SUP-002,COM-KHI-01,ING-003,1431.81,1431.81,1431.81,on_time,0
DEL-000133,PO-000133,2025-02-02,SUP-002,COM-KHI-01,ING-003,2089.15,2089.15,2089.15,on_time,0
DEL-000134,PO-000134,2025-02-05,SUP-002,COM-KHI-01,ING-003,1371.86,1371.86,1371.86,on_time,0
DEL-000135,PO-000135,2025-02-08,SUP-002,COM-KHI-01,ING-003,2026.24,2026.24,2026.24,on_time,0
DEL-000136,PO-000136,2025-02-11,SUP-002,COM-KHI-01,ING-003,1485.93,1485.93,1485.93,on_time,0
DEL-000137,PO-000137,2025-02-14,SUP-002,COM-KHI-01,ING-003,1752.64,1752.64,1752.64,on_time,0
DEL-000138,PO-000138,2025-02-17,SUP-002,COM-KHI-01,ING-003,1733.55,1733.55,1479.24,on_time,0
DEL-000139,PO-000139,2025-02-21,SUP-002,COM-KHI-01,ING-003,1540.38,1407.83,1407.83,on_time,0
DEL-000140,PO-000140,2025-02-23,SUP-002,COM-KHI-01,ING-003,2165.81,2165.81,2165.81,on_time,0
DEL-000141,PO-000141,2025-02-27,SUP-002,COM-KHI-01,ING-003,1325.18,1325.18,1325.18,late,1
DEL-000142,PO-000142,2025-03-02,SUP-002,COM-KHI-01,ING-003,2132.12,2132.12,2132.12,late,1
DEL-000143,PO-000143,2025-03-04,SUP-002,COM-KHI-01,ING-003,2036.35,2036.35,2036.35,on_time,0
DEL-000144,PO-000144,2025-03-07,SUP-002,COM-KHI-01,ING-003,2275.23,2275.23,2275.23,on_time,0
DEL-000145,PO-000145,2025-03-10,SUP-002,COM-KHI-01,ING-003,2440.52,2440.52,2440.52,on_time,0
DEL-000146,PO-000146,2025-03-13,SUP-002,COM-KHI-01,ING-003,1951.45,1951.45,1951.45,on_time,0
DEL-000147,PO-000147,2025-03-16,SUP-002,COM-KHI-01,ING-003,2736.59,2736.59,2736.59,on_time,0
DEL-000148,PO-000148,2025-03-19,SUP-002,COM-KHI-01,ING-003,1730.13,1730.13,1730.13,on_time,0
DEL-000149,PO-000149,2025-03-22,SUP-002,COM-KHI-01,ING-003,2646.07,2646.07,2646.07,on_time,0
DEL-000150,PO-000150,2025-03-29,SUP-002,COM-KHI-01,ING-003,2193.24,2193.24,2193.24,very_late,4
DEL-000151,PO-000151,2025-03-29,SUP-002,COM-KHI-01,ING-003,2310.08,2310.08,1987.15,late,1
DEL-000152,PO-000152,2025-04-01,SUP-002,COM-KHI-01,ING-003,2503.45,2503.45,2503.45,on_time,0
DEL-000153,PO-000153,2025-04-03,SUP-002,COM-KHI-01,ING-003,2117.7,2117.7,2117.7,on_time,0
DEL-000154,PO-000154,2025-04-08,SUP-002,COM-KHI-01,ING-003,2043.64,1817.97,1817.97,late,2
DEL-000155,PO-000155,2025-04-11,SUP-002,COM-KHI-01,ING-003,1401.26,1401.26,1401.26,late,2
DEL-000156,PO-000156,2025-04-12,SUP-002,COM-KHI-01,ING-003,2168.2,2168.2,2168.2,on_time,0
DEL-000157,PO-000157,2025-04-15,SUP-002,COM-KHI-01,ING-003,1709.23,1709.23,1709.23,on_time,0
DEL-000158,PO-000158,2025-04-18,SUP-002,COM-KHI-01,ING-003,2085.84,2085.84,2085.84,on_time,0
DEL-000159,PO-000159,2025-04-23,SUP-002,COM-KHI-01,ING-003,2066.23,2066.23,2066.23,on_time,0
DEL-000160,PO-000160,2025-04-28,SUP-002,COM-KHI-01,ING-003,1759.29,1759.29,1759.29,late,2
DEL-000161,PO-000161,2025-04-27,SUP-002,COM-KHI-01,ING-003,2461.07,2461.07,2461.07,on_time,0
DEL-000162,PO-000162,2025-04-30,SUP-002,COM-KHI-01,ING-003,1527.44,1527.44,1527.44,on_time,0
DEL-000163,PO-000163,2025-05-03,SUP-002,COM-KHI-01,ING-003,2174.97,2174.97,2174.97,on_time,0
DEL-000164,PO-000164,2025-05-07,SUP-002,COM-KHI-01,ING-003,1705.5,1705.5,1705.5,on_time,0
DEL-000165,PO-000165,2025-05-14,SUP-002,COM-KHI-01,ING-003,1921.04,1921.04,1921.04,very_late,5
DEL-000166,PO-000166,2025-05-14,SUP-002,COM-KHI-01,ING-003,2060.78,2060.78,2060.78,late,2
DEL-000167,PO-000168,2025-05-18,SUP-002,COM-KHI-01,ING-003,2157.58,2157.58,2157.58,on_time,0
DEL-000168,PO-000169,2025-05-22,SUP-002,COM-KHI-01,ING-003,1465.07,1465.07,1465.07,on_time,0
DEL-000169,PO-000170,2025-05-25,SUP-002,COM-KHI-01,ING-003,1925.9,1925.9,1925.9,late,1
DEL-000170,PO-000171,2025-05-27,SUP-002,COM-KHI-01,ING-003,1571.36,1571.36,1571.36,on_time,0
DEL-000171,PO-000172,2025-05-30,SUP-002,COM-KHI-01,ING-003,1757.21,1757.21,1757.21,on_time,0
DEL-000172,PO-000173,2025-06-02,SUP-002,COM-KHI-01,ING-003,1749.97,1749.97,1749.97,on_time,0
DEL-000173,PO-000174,2025-06-05,SUP-002,COM-KHI-01,ING-003,1426.14,1426.14,1426.14,on_time,0
DEL-000174,PO-000175,2025-06-08,SUP-002,COM-KHI-01,ING-003,2019.77,2019.77,2019.77,on_time,0
DEL-000175,PO-000176,2025-06-13,SUP-002,COM-KHI-01,ING-003,1336.36,1336.36,1336.36,late,2
DEL-000176,PO-000177,2025-06-15,SUP-002,COM-KHI-01,ING-003,1930.5,1930.5,1930.5,late,1
DEL-000177,PO-000178,2025-06-17,SUP-002,COM-KHI-01,ING-003,1460.48,1460.48,1460.48,on_time,0
DEL-000178,PO-000179,2025-06-20,SUP-002,COM-KHI-01,ING-003,1675.45,1675.45,1675.45,on_time,0
DEL-000179,PO-000180,2025-06-23,SUP-002,COM-KHI-01,ING-003,1840.41,1840.41,1840.41,on_time,0
DEL-000180,PO-000181,2025-06-28,SUP-002,COM-KHI-01,ING-003,1561.66,1561.66,1561.66,on_time,0
DEL-000181,PO-000182,2025-07-01,SUP-002,COM-KHI-01,ING-003,1907.31,1907.31,1907.31,on_time,0
DEL-000182,PO-000183,2025-07-02,SUP-002,COM-KHI-01,ING-003,455.33,455.33,455.33,on_time,0
DEL-000183,PO-000184,2025-01-07,SUP-001,COM-KHI-01,ING-004,7813.99,7813.99,7813.99,very_late,4
DEL-000184,PO-000185,2025-01-07,SUP-001,COM-KHI-01,ING-004,7980.8,7028.91,7028.91,on_time,0
DEL-000185,PO-000186,2025-01-09,SUP-001,COM-KHI-01,ING-004,5655.33,4937.85,4937.85,on_time,0
DEL-000186,PO-000187,2025-01-12,SUP-001,COM-KHI-01,ING-004,9255.92,9255.92,9255.92,on_time,0
DEL-000187,PO-000188,2025-01-15,SUP-001,COM-KHI-01,ING-004,5314.6,5314.6,5314.6,on_time,0
DEL-000188,PO-000189,2025-01-18,SUP-001,COM-KHI-01,ING-004,9247.8,9247.8,9247.8,on_time,0
DEL-000189,PO-000190,2025-01-21,SUP-001,COM-KHI-01,ING-004,6013.98,6013.98,6013.98,on_time,0
DEL-000190,PO-000192,2025-01-31,SUP-001,COM-KHI-01,ING-004,7624.47,7624.47,7078.25,very_late,4
DEL-000191,PO-000193,2025-02-01,SUP-001,COM-KHI-01,ING-004,5832.69,5832.69,5832.69,late,1
DEL-000192,PO-000194,2025-02-06,SUP-001,COM-KHI-01,ING-004,9567.06,9567.06,9567.06,late,2
DEL-000193,PO-000196,2025-02-08,SUP-001,COM-KHI-01,ING-004,8649.98,8649.98,8649.98,on_time,0
DEL-000194,PO-000197,2025-02-11,SUP-001,COM-KHI-01,ING-004,6365.62,6365.62,6365.62,on_time,0
DEL-000195,PO-000198,2025-02-20,SUP-001,COM-KHI-01,ING-004,8101.86,8101.86,8101.86,very_late,5
DEL-000196,PO-000199,2025-02-17,SUP-001,COM-KHI-01,ING-004,7952.84,7952.84,7952.84,on_time,0
DEL-000197,PO-000200,2025-02-21,SUP-001,COM-KHI-01,ING-004,6013.42,6013.42,6013.42,on_time,0
DEL-000198,PO-000201,2025-02-23,SUP-001,COM-KHI-01,ING-004,10170.58,10170.58,10170.58,on_time,0
DEL-000199,PO-000202,2025-02-26,SUP-001,COM-KHI-01,ING-004,5860.06,5860.06,5860.06,on_time,0
DEL-000200,PO-000203,2025-03-03,SUP-001,COM-KHI-01,ING-004,12454.67,12454.67,12454.67,on_time,0
DEL-000201,PO-000204,2025-03-04,SUP-001,COM-KHI-01,ING-004,10052.51,10052.51,10052.51,on_time,0
DEL-000202,PO-000205,2025-03-07,SUP-001,COM-KHI-01,ING-004,13739.87,13739.87,13739.87,on_time,0
DEL-000203,PO-000206,2025-03-10,SUP-001,COM-KHI-01,ING-004,13048.7,13048.7,13048.7,on_time,0
DEL-000204,PO-000207,2025-03-13,SUP-001,COM-KHI-01,ING-004,10032.43,10032.43,10032.43,on_time,0
DEL-000205,PO-000208,2025-03-16,SUP-001,COM-KHI-01,ING-004,16149.74,16149.74,16149.74,on_time,0
DEL-000206,PO-000209,2025-03-21,SUP-001,COM-KHI-01,ING-004,9210.21,9210.21,9210.21,late,2
DEL-000207,PO-000210,2025-03-22,SUP-001,COM-KHI-01,ING-004,15566.42,15566.42,15566.42,on_time,0
DEL-000208,PO-000211,2025-03-25,SUP-001,COM-KHI-01,ING-004,11490.97,11490.97,11490.97,on_time,0
DEL-000209,PO-000212,2025-03-28,SUP-001,COM-KHI-01,ING-004,13296.58,13296.58,13296.58,on_time,0
DEL-000210,PO-000213,2025-04-01,SUP-001,COM-KHI-01,ING-004,13679.13,12611.89,12611.89,on_time,0
DEL-000211,PO-000214,2025-04-03,SUP-001,COM-KHI-01,ING-004,7510.57,7510.57,7510.57,on_time,0
DEL-000212,PO-000215,2025-04-06,SUP-001,COM-KHI-01,ING-004,9206.13,9206.13,9206.13,on_time,0
DEL-000213,PO-000216,2025-04-09,SUP-001,COM-KHI-01,ING-004,5659.39,5659.39,5659.39,on_time,0
DEL-000214,PO-000217,2025-04-16,SUP-001,COM-KHI-01,ING-004,10163.44,10163.44,10163.44,very_late,4
DEL-000215,PO-000218,2025-04-15,SUP-001,COM-KHI-01,ING-004,7456.28,7456.28,7456.28,on_time,0
DEL-000216,PO-000219,2025-04-20,SUP-001,COM-KHI-01,ING-004,8469.79,8469.79,7468.0,on_time,0
DEL-000217,PO-000220,2025-04-22,SUP-001,COM-KHI-01,ING-004,9119.37,9119.37,9119.37,late,1
DEL-000218,PO-000221,2025-04-24,SUP-001,COM-KHI-01,ING-004,7122.18,7122.18,7122.18,on_time,0
DEL-000219,PO-000222,2025-04-27,SUP-001,COM-KHI-01,ING-004,11801.02,11801.02,11801.02,on_time,0
DEL-000220,PO-000223,2025-05-01,SUP-001,COM-KHI-01,ING-004,5989.56,5989.56,5989.56,late,1
DEL-000221,PO-000224,2025-05-03,SUP-001,COM-KHI-01,ING-004,10348.17,10348.17,10348.17,on_time,0
DEL-000222,PO-000225,2025-05-06,SUP-001,COM-KHI-01,ING-004,6948.07,6948.07,6948.07,on_time,0
DEL-000223,PO-000226,2025-05-09,SUP-001,COM-KHI-01,ING-004,8127.36,8127.36,8127.36,on_time,0
DEL-000224,PO-000227,2025-05-14,SUP-001,COM-KHI-01,ING-004,8930.49,8930.49,8930.49,late,2
DEL-000225,PO-000228,2025-05-18,SUP-001,COM-KHI-01,ING-004,6385.59,6385.59,6385.59,late,2
DEL-000226,PO-000229,2025-05-20,SUP-001,COM-KHI-01,ING-004,9917.23,9259.8,9259.8,late,2
DEL-000227,PO-000230,2025-05-21,SUP-001,COM-KHI-01,ING-004,5774.66,5774.66,5774.66,on_time,0
DEL-000228,PO-000231,2025-05-24,SUP-001,COM-KHI-01,ING-004,9616.67,9616.67,9616.67,on_time,0
DEL-000229,PO-000232,2025-05-28,SUP-001,COM-KHI-01,ING-004,6065.54,6065.54,6065.54,on_time,0
DEL-000230,PO-000233,2025-06-01,SUP-001,COM-KHI-01,ING-004,7806.73,6695.9,6695.9,late,2
DEL-000231,PO-000234,2025-06-02,SUP-001,COM-KHI-01,ING-004,8015.92,8015.92,8015.92,on_time,0
DEL-000232,PO-000235,2025-06-05,SUP-001,COM-KHI-01,ING-004,5797.66,5797.66,5797.66,on_time,0
DEL-000233,PO-000236,2025-06-08,SUP-001,COM-KHI-01,ING-004,9157.05,9157.05,9157.05,on_time,0
DEL-000234,PO-000237,2025-06-11,SUP-001,COM-KHI-01,ING-004,5765.95,5765.95,5765.95,on_time,0
DEL-000235,PO-000239,2025-06-19,SUP-001,COM-KHI-01,ING-004,5894.86,5894.86,5894.86,on_time,0
DEL-000236,PO-000240,2025-06-20,SUP-001,COM-KHI-01,ING-004,8193.71,8193.71,8193.71,on_time,0
DEL-000237,PO-000241,2025-06-23,SUP-001,COM-KHI-01,ING-004,8197.13,8197.13,8197.13,on_time,0
DEL-000238,PO-000242,2025-06-26,SUP-001,COM-KHI-01,ING-004,6337.77,6337.77,6337.77,on_time,0
DEL-000239,PO-000243,2025-06-30,SUP-001,COM-KHI-01,ING-004,10025.51,10025.51,10025.51,on_time,0
DEL-000240,PO-000244,2025-07-02,SUP-001,COM-KHI-01,ING-004,1684.38,1510.94,1510.94,on_time,0
DEL-000241,PO-000245,2025-01-03,SUP-001,COM-KHI-01,ING-005,6992.06,6992.06,6992.06,on_time,0
DEL-000242,PO-000246,2025-01-07,SUP-001,COM-KHI-01,ING-005,6874.8,6874.8,6874.8,on_time,0
DEL-000243,PO-000247,2025-01-09,SUP-001,COM-KHI-01,ING-005,5473.43,5473.43,5473.43,on_time,0
DEL-000244,PO-000248,2025-01-12,SUP-001,COM-KHI-01,ING-005,8774.39,8774.39,8774.39,on_time,0
DEL-000245,PO-000249,2025-01-15,SUP-001,COM-KHI-01,ING-005,4481.87,4481.87,4481.87,on_time,0
DEL-000246,PO-000250,2025-01-19,SUP-001,COM-KHI-01,ING-005,8543.55,8543.55,8543.55,late,1
DEL-000247,PO-000251,2025-01-21,SUP-001,COM-KHI-01,ING-005,5548.96,5548.96,5548.96,on_time,0
DEL-000248,PO-000252,2025-01-24,SUP-001,COM-KHI-01,ING-005,6270.77,6270.77,6270.77,on_time,0
DEL-000249,PO-000253,2025-01-28,SUP-001,COM-KHI-01,ING-005,6507.33,6507.33,6507.33,late,1
DEL-000250,PO-000254,2025-02-03,SUP-001,COM-KHI-01,ING-005,5134.38,5134.38,5134.38,very_late,4
DEL-000251,PO-000255,2025-02-03,SUP-001,COM-KHI-01,ING-005,8871.16,8871.16,8871.16,late,1
DEL-000252,PO-000256,2025-02-06,SUP-001,COM-KHI-01,ING-005,5236.64,5236.64,5236.64,late,1
DEL-000253,PO-000257,2025-02-09,SUP-001,COM-KHI-01,ING-005,8329.28,8329.28,8329.28,on_time,0
DEL-000254,PO-000258,2025-02-11,SUP-001,COM-KHI-01,ING-005,4993.27,4993.27,4993.27,on_time,0
DEL-000255,PO-000259,2025-02-15,SUP-001,COM-KHI-01,ING-005,6887.67,6887.67,6887.67,on_time,0
DEL-000256,PO-000260,2025-02-17,SUP-001,COM-KHI-01,ING-005,7191.82,7191.82,7191.82,on_time,0
DEL-000257,PO-000261,2025-02-21,SUP-001,COM-KHI-01,ING-005,5261.07,5261.07,5261.07,late,1
DEL-000258,PO-000262,2025-02-23,SUP-001,COM-KHI-01,ING-005,8750.1,8750.1,8750.1,on_time,0
DEL-000259,PO-000263,2025-02-26,SUP-001,COM-KHI-01,ING-005,5032.63,5032.63,5032.63,on_time,0
DEL-000260,PO-000264,2025-03-02,SUP-001,COM-KHI-01,ING-005,10602.24,9605.45,9605.45,on_time,0
DEL-000261,PO-000265,2025-03-04,SUP-001,COM-KHI-01,ING-005,8866.13,8866.13,8866.13,on_time,0
DEL-000262,PO-000266,2025-03-08,SUP-001,COM-KHI-01,ING-005,11979.47,11979.47,11979.47,late,1
DEL-000263,PO-000267,2025-03-10,SUP-001,COM-KHI-01,ING-005,12542.9,12542.9,12542.9,on_time,0
DEL-000264,PO-000268,2025-03-13,SUP-001,COM-KHI-01,ING-005,9628.87,9628.87,9628.87,on_time,0
DEL-000265,PO-000269,2025-03-16,SUP-001,COM-KHI-01,ING-005,14786.53,14786.53,14786.53,on_time,0
DEL-000266,PO-000270,2025-03-19,SUP-001,COM-KHI-01,ING-005,8212.9,8212.9,8212.9,on_time,0
DEL-000267,PO-000271,2025-03-22,SUP-001,COM-KHI-01,ING-005,14214.62,14214.62,14214.62,on_time,0
DEL-000268,PO-000272,2025-03-25,SUP-001,COM-KHI-01,ING-005,9684.91,9684.91,9684.91,on_time,0
DEL-000269,PO-000273,2025-03-28,SUP-001,COM-KHI-01,ING-005,12164.91,12164.91,12164.91,on_time,0
DEL-000270,PO-000274,2025-03-31,SUP-001,COM-KHI-01,ING-005,11465.18,11465.18,11465.18,on_time,0
DEL-000271,PO-000275,2025-04-03,SUP-001,COM-KHI-01,ING-005,6624.72,6624.72,6624.72,on_time,0
DEL-000272,PO-000276,2025-04-06,SUP-001,COM-KHI-01,ING-005,8567.6,8567.6,8567.6,on_time,0
DEL-000273,PO-000277,2025-04-09,SUP-001,COM-KHI-01,ING-005,5126.25,5126.25,5126.25,on_time,0
DEL-000274,PO-000278,2025-04-12,SUP-001,COM-KHI-01,ING-005,8753.98,8753.98,8753.98,on_time,0
DEL-000275,PO-000279,2025-04-15,SUP-001,COM-KHI-01,ING-005,6340.41,6340.41,6340.41,on_time,0
DEL-000276,PO-000280,2025-04-18,SUP-001,COM-KHI-01,ING-005,7568.08,7568.08,7568.08,on_time,0
DEL-000277,PO-000281,2025-04-21,SUP-001,COM-KHI-01,ING-005,7880.94,7880.94,7880.94,on_time,0
DEL-000278,PO-000282,2025-04-24,SUP-001,COM-KHI-01,ING-005,6085.75,6085.75,6085.75,on_time,0
DEL-000279,PO-000283,2025-04-28,SUP-001,COM-KHI-01,ING-005,9681.9,9681.9,9681.9,on_time,0
DEL-000280,PO-000284,2025-04-30,SUP-001,COM-KHI-01,ING-005,5608.69,5608.69,5608.69,on_time,0
DEL-000281,PO-000285,2025-05-03,SUP-001,COM-KHI-01,ING-005,8762.88,8115.77,8115.77,on_time,0
DEL-000282,PO-000286,2025-05-06,SUP-001,COM-KHI-01,ING-005,6280.48,6280.48,6280.48,on_time,0
DEL-000283,PO-000287,2025-05-09,SUP-001,COM-KHI-01,ING-005,7114.95,7114.95,7114.95,on_time,0
DEL-000284,PO-000288,2025-05-12,SUP-001,COM-KHI-01,ING-005,8171.6,7055.7,7055.7,on_time,0
DEL-000285,PO-000289,2025-05-15,SUP-001,COM-KHI-01,ING-005,5857.03,5857.03,5551.99,on_time,0
DEL-000286,PO-000290,2025-05-19,SUP-001,COM-KHI-01,ING-005,8961.8,8961.8,8961.8,late,1
DEL-000287,PO-000292,2025-05-25,SUP-001,COM-KHI-01,ING-005,8036.12,6866.33,6866.33,on_time,0
DEL-000288,PO-000293,2025-05-29,SUP-001,COM-KHI-01,ING-005,5151.77,5151.77,5151.77,on_time,0
DEL-000289,PO-000294,2025-05-30,SUP-001,COM-KHI-01,ING-005,6459.84,6459.84,6459.84,on_time,0
DEL-000290,PO-000295,2025-06-02,SUP-001,COM-KHI-01,ING-005,6810.41,5804.13,5804.13,on_time,0
DEL-000291,PO-000296,2025-06-06,SUP-001,COM-KHI-01,ING-005,5217.2,5217.2,5217.2,on_time,0
DEL-000292,PO-000297,2025-06-08,SUP-001,COM-KHI-01,ING-005,8182.68,8182.68,8182.68,on_time,0
DEL-000293,PO-000298,2025-06-11,SUP-001,COM-KHI-01,ING-005,4713.05,4713.05,4713.05,on_time,0
DEL-000294,PO-000299,2025-06-14,SUP-001,COM-KHI-01,ING-005,8377.45,8377.45,8377.45,on_time,0
DEL-000295,PO-000300,2025-06-19,SUP-001,COM-KHI-01,ING-005,5286.55,5286.55,5286.55,on_time,0
DEL-000296,PO-000301,2025-06-20,SUP-001,COM-KHI-01,ING-005,7004.56,7004.56,7004.56,on_time,0
DEL-000297,PO-000302,2025-06-23,SUP-001,COM-KHI-01,ING-005,6756.45,6756.45,6756.45,on_time,0
DEL-000298,PO-000303,2025-06-26,SUP-001,COM-KHI-01,ING-005,5497.19,5497.19,5497.19,on_time,0
DEL-000299,PO-000304,2025-06-29,SUP-001,COM-KHI-01,ING-005,8332.47,7327.6,7327.6,on_time,0
DEL-000300,PO-000305,2025-07-02,SUP-001,COM-KHI-01,ING-005,1620.2,1620.2,1620.2,on_time,0
DEL-000301,PO-000306,2025-01-03,SUP-001,COM-KHI-01,ING-006,2422.06,2422.06,2422.06,on_time,0
DEL-000302,PO-000307,2025-01-06,SUP-001,COM-KHI-01,ING-006,2375.51,2375.51,2375.51,on_time,0
DEL-000303,PO-000308,2025-01-09,SUP-001,COM-KHI-01,ING-006,2060.21,2060.21,2060.21,on_time,0
DEL-000304,PO-000309,2025-01-13,SUP-001,COM-KHI-01,ING-006,2882.98,2882.98,2882.98,on_time,0
DEL-000305,PO-000310,2025-01-15,SUP-001,COM-KHI-01,ING-006,1885.6,1885.6,1885.6,on_time,0
DEL-000306,PO-000311,2025-01-18,SUP-001,COM-KHI-01,ING-006,3007.79,3007.79,3007.79,on_time,0
DEL-000307,PO-000312,2025-01-21,SUP-001,COM-KHI-01,ING-006,2122.3,2122.3,2122.3,on_time,0
DEL-000308,PO-000313,2025-01-24,SUP-001,COM-KHI-01,ING-006,2542.7,2292.65,2292.65,on_time,0
DEL-000309,PO-000314,2025-01-27,SUP-001,COM-KHI-01,ING-006,2491.27,2491.27,2491.27,on_time,0
DEL-000310,PO-000315,2025-02-01,SUP-001,COM-KHI-01,ING-006,1948.23,1948.23,1948.23,late,2
DEL-000311,PO-000316,2025-02-02,SUP-001,COM-KHI-01,ING-006,2975.58,2975.58,2975.58,on_time,0
DEL-000312,PO-000317,2025-02-05,SUP-001,COM-KHI-01,ING-006,1872.55,1872.55,1872.55,on_time,0
DEL-000313,PO-000318,2025-02-08,SUP-001,COM-KHI-01,ING-006,2755.58,2755.58,2755.58,on_time,0
DEL-000314,PO-000319,2025-02-11,SUP-001,COM-KHI-01,ING-006,2094.06,2094.06,2094.06,on_time,0
DEL-000315,PO-000320,2025-02-14,SUP-001,COM-KHI-01,ING-006,2316.09,2316.09,2316.09,on_time,0
DEL-000316,PO-000321,2025-02-17,SUP-001,COM-KHI-01,ING-006,2409.24,2409.24,2409.24,on_time,0
DEL-000317,PO-000322,2025-02-20,SUP-001,COM-KHI-01,ING-006,1975.87,1975.87,1975.87,on_time,0
DEL-000318,PO-000323,2025-02-23,SUP-001,COM-KHI-01,ING-006,3012.92,3012.92,3012.92,on_time,0
DEL-000319,PO-000324,2025-02-26,SUP-001,COM-KHI-01,ING-006,1884.35,1884.35,1884.35,on_time,0
DEL-000320,PO-000325,2025-03-04,SUP-001,COM-KHI-01,ING-006,3543.6,3543.6,3543.6,very_late,3
DEL-000321,PO-000326,2025-03-04,SUP-001,COM-KHI-01,ING-006,3059.79,3059.79,3059.79,on_time,0
DEL-000322,PO-000327,2025-03-07,SUP-001,COM-KHI-01,ING-006,3584.87,3584.87,3584.87,on_time,0
DEL-000323,PO-000328,2025-03-12,SUP-001,COM-KHI-01,ING-006,3825.08,3825.08,3825.08,on_time,0
DEL-000324,PO-000329,2025-03-13,SUP-001,COM-KHI-01,ING-006,3142.4,3142.4,3142.4,on_time,0
DEL-000325,PO-000330,2025-03-17,SUP-001,COM-KHI-01,ING-006,4835.31,4835.31,4835.31,late,1
DEL-000326,PO-000331,2025-03-20,SUP-001,COM-KHI-01,ING-006,2944.47,2944.47,2944.47,late,1
DEL-000327,PO-000332,2025-03-27,SUP-001,COM-KHI-01,ING-006,4471.92,4471.92,4471.92,very_late,3
DEL-000328,PO-000333,2025-03-26,SUP-001,COM-KHI-01,ING-006,3442.45,3442.45,3442.45,late,1
DEL-000329,PO-000334,2025-03-28,SUP-001,COM-KHI-01,ING-006,3993.85,3993.85,3993.85,on_time,0
DEL-000330,PO-000335,2025-03-31,SUP-001,COM-KHI-01,ING-006,3975.0,3975.0,3975.0,on_time,0
DEL-000331,PO-000336,2025-04-04,SUP-001,COM-KHI-01,ING-006,2559.89,2559.89,2559.89,late,1
DEL-000332,PO-000337,2025-04-06,SUP-001,COM-KHI-01,ING-006,2961.87,2961.87,2961.87,on_time,0
DEL-000333,PO-000338,2025-04-12,SUP-001,COM-KHI-01,ING-006,1961.31,1961.31,1961.31,late,1
DEL-000334,PO-000339,2025-04-12,SUP-001,COM-KHI-01,ING-006,3226.58,3226.58,3226.58,on_time,0
DEL-000335,PO-000340,2025-04-16,SUP-001,COM-KHI-01,ING-006,2356.96,2356.96,2356.96,late,1
DEL-000336,PO-000341,2025-04-18,SUP-001,COM-KHI-01,ING-006,2655.45,2655.45,2655.45,on_time,0
DEL-000337,PO-000342,2025-04-23,SUP-001,COM-KHI-01,ING-006,2933.3,2933.3,2933.3,late,2
DEL-000338,PO-000343,2025-04-24,SUP-001,COM-KHI-01,ING-006,2211.83,2211.83,2211.83,on_time,0
DEL-000339,PO-000344,2025-04-27,SUP-001,COM-KHI-01,ING-006,3401.42,3401.42,3401.42,on_time,0
DEL-000340,PO-000345,2025-04-30,SUP-001,COM-KHI-01,ING-006,2224.52,2224.52,2224.52,on_time,0
DEL-000341,PO-000346,2025-05-03,SUP-001,COM-KHI-01,ING-006,3404.16,3404.16,3404.16,on_time,0
DEL-000342,PO-000347,2025-05-08,SUP-001,COM-KHI-01,ING-006,2246.9,2246.9,2246.9,on_time,0
DEL-000343,PO-000348,2025-05-09,SUP-001,COM-KHI-01,ING-006,2865.67,2865.67,2865.67,on_time,0
DEL-000344,PO-000349,2025-05-12,SUP-001,COM-KHI-01,ING-006,2761.21,2761.21,2761.21,on_time,0
DEL-000345,PO-000350,2025-05-17,SUP-001,COM-KHI-01,ING-006,2129.17,2129.17,1850.27,late,2
DEL-000346,PO-000351,2025-05-18,SUP-001,COM-KHI-01,ING-006,3169.12,3169.12,3169.12,on_time,0
DEL-000347,PO-000352,2025-05-21,SUP-001,COM-KHI-01,ING-006,1771.6,1771.6,1771.6,on_time,0
DEL-000348,PO-000353,2025-05-27,SUP-001,COM-KHI-01,ING-006,2777.7,2777.7,2777.7,late,2
DEL-000349,PO-000354,2025-05-27,SUP-001,COM-KHI-01,ING-006,1941.46,1941.46,1941.46,on_time,0
DEL-000350,PO-000355,2025-05-30,SUP-001,COM-KHI-01,ING-006,2526.88,2526.88,2526.88,on_time,0
DEL-000351,PO-000356,2025-06-02,SUP-001,COM-KHI-01,ING-006,2519.53,2519.53,2519.53,on_time,0
DEL-000352,PO-000357,2025-06-05,SUP-001,COM-KHI-01,ING-006,1893.4,1893.4,1893.4,on_time,0
DEL-000353,PO-000358,2025-06-08,SUP-001,COM-KHI-01,ING-006,3187.56,3187.56,3187.56,on_time,0
DEL-000354,PO-000359,2025-06-11,SUP-001,COM-KHI-01,ING-006,1804.77,1804.77,1804.77,on_time,0
DEL-000355,PO-000360,2025-06-16,SUP-001,COM-KHI-01,ING-006,2974.68,2974.68,2974.68,late,2
DEL-000356,PO-000361,2025-06-17,SUP-001,COM-KHI-01,ING-006,1950.45,1950.45,1950.45,on_time,0
DEL-000357,PO-000362,2025-06-20,SUP-001,COM-KHI-01,ING-006,2435.11,2435.11,2435.11,on_time,0
DEL-000358,PO-000363,2025-06-23,SUP-001,COM-KHI-01,ING-006,2544.15,2544.15,2544.15,on_time,0
DEL-000359,PO-000364,2025-06-28,SUP-001,COM-KHI-01,ING-006,2004.53,2004.53,2004.53,late,1
DEL-000360,PO-000365,2025-06-29,SUP-001,COM-KHI-01,ING-006,3175.8,3175.8,3175.8,on_time,0
DEL-000361,PO-000366,2025-07-02,SUP-001,COM-KHI-01,ING-006,556.16,556.16,556.16,on_time,0
DEL-000362,PO-000367,2025-01-05,SUP-001,DIRECT-Federal,ING-001,1013.72,1013.72,1013.72,on_time,0
DEL-000363,PO-000368,2025-01-07,SUP-001,DIRECT-Federal,ING-001,923.4,923.4,923.4,late,1
DEL-000364,PO-000369,2025-01-11,SUP-001,DIRECT-Federal,ING-001,822.3,822.3,822.3,late,2
DEL-000365,PO-000370,2025-01-14,SUP-001,DIRECT-Federal,ING-001,990.21,990.21,990.21,on_time,0
DEL-000366,PO-000371,2025-01-15,SUP-001,DIRECT-Federal,ING-001,847.3,847.3,847.3,on_time,0
DEL-000367,PO-000372,2025-01-20,SUP-001,DIRECT-Federal,ING-001,961.44,961.44,961.44,on_time,0
DEL-000368,PO-000373,2025-01-22,SUP-001,DIRECT-Federal,ING-001,723.84,723.84,723.84,late,1
DEL-000369,PO-000374,2025-01-24,SUP-001,DIRECT-Federal,ING-001,1034.67,1034.67,1034.67,on_time,0
DEL-000370,PO-000375,2025-01-27,SUP-001,DIRECT-Federal,ING-001,852.73,852.73,852.73,on_time,0
DEL-000371,PO-000376,2025-01-30,SUP-001,DIRECT-Federal,ING-001,928.19,928.19,928.19,on_time,0
DEL-000372,PO-000377,2025-02-07,SUP-001,DIRECT-Federal,ING-001,1008.5,1008.5,1008.5,very_late,5
DEL-000373,PO-000378,2025-02-05,SUP-001,DIRECT-Federal,ING-001,882.99,789.55,789.55,on_time,0
DEL-000374,PO-000379,2025-02-10,SUP-001,DIRECT-Federal,ING-001,992.19,992.19,992.19,late,2
DEL-000375,PO-000380,2025-02-12,SUP-001,DIRECT-Federal,ING-001,810.14,810.14,810.14,on_time,0
DEL-000376,PO-000381,2025-02-16,SUP-001,DIRECT-Federal,ING-001,1051.53,1051.53,1051.53,on_time,0
DEL-000377,PO-000382,2025-02-18,SUP-001,DIRECT-Federal,ING-001,956.96,899.05,899.05,late,1
DEL-000378,PO-000383,2025-02-20,SUP-001,DIRECT-Federal,ING-001,890.03,890.03,890.03,on_time,0
DEL-000379,PO-000384,2025-02-23,SUP-001,DIRECT-Federal,ING-001,1033.4,1033.4,1033.4,on_time,0
DEL-000380,PO-000385,2025-02-26,SUP-001,DIRECT-Federal,ING-001,820.49,820.49,820.49,on_time,0
DEL-000381,PO-000386,2025-03-01,SUP-001,DIRECT-Federal,ING-001,1114.41,1114.41,1114.41,on_time,0
DEL-000382,PO-000387,2025-03-04,SUP-001,DIRECT-Federal,ING-001,1091.92,1091.92,1091.92,on_time,0
DEL-000383,PO-000388,2025-03-09,SUP-001,DIRECT-Federal,ING-001,1441.54,1441.54,1441.54,late,2
DEL-000384,PO-000389,2025-03-15,SUP-001,DIRECT-Federal,ING-001,1197.86,1197.86,1197.86,very_late,5
DEL-000385,PO-000390,2025-03-14,SUP-001,DIRECT-Federal,ING-001,1141.25,1141.25,1141.25,on_time,0
DEL-000386,PO-000391,2025-03-16,SUP-001,DIRECT-Federal,ING-001,1375.39,1375.39,1375.39,on_time,0
DEL-000387,PO-000392,2025-03-19,SUP-001,DIRECT-Federal,ING-001,1165.93,1165.93,1165.93,on_time,0
DEL-000388,PO-000393,2025-03-22,SUP-001,DIRECT-Federal,ING-001,1353.0,1353.0,1154.32,on_time,0
DEL-000389,PO-000394,2025-03-25,SUP-001,DIRECT-Federal,ING-001,1127.18,1127.18,1127.18,on_time,0
DEL-000390,PO-000395,2025-03-28,SUP-001,DIRECT-Federal,ING-001,1288.96,1288.96,1288.96,on_time,0
DEL-000391,PO-000396,2025-03-31,SUP-001,DIRECT-Federal,ING-001,1167.73,1167.73,1167.73,on_time,0
DEL-000392,PO-000397,2025-04-03,SUP-001,DIRECT-Federal,ING-001,1130.24,1130.24,1130.24,on_time,0
DEL-000393,PO-000398,2025-04-06,SUP-001,DIRECT-Federal,ING-001,1052.76,1052.76,1052.76,on_time,0
DEL-000394,PO-000399,2025-04-11,SUP-001,DIRECT-Federal,ING-001,911.2,911.2,911.2,late,2
DEL-000395,PO-000400,2025-04-14,SUP-001,DIRECT-Federal,ING-001,1047.71,1047.71,1047.71,late,2
DEL-000396,PO-000401,2025-04-15,SUP-001,DIRECT-Federal,ING-001,919.44,801.72,801.72,on_time,0
DEL-000397,PO-000402,2025-04-18,SUP-001,DIRECT-Federal,ING-001,1219.63,1219.63,1219.63,on_time,0
DEL-000398,PO-000403,2025-04-21,SUP-001,DIRECT-Federal,ING-001,1066.08,1066.08,1066.08,on_time,0
DEL-000399,PO-000404,2025-04-24,SUP-001,DIRECT-Federal,ING-001,1001.9,1001.9,1001.9,on_time,0
DEL-000400,PO-000405,2025-04-27,SUP-001,DIRECT-Federal,ING-001,1192.05,1192.05,1192.05,on_time,0
DEL-000401,PO-000406,2025-05-02,SUP-001,DIRECT-Federal,ING-001,974.73,974.73,974.73,late,2
DEL-000402,PO-000407,2025-05-03,SUP-001,DIRECT-Federal,ING-001,1161.2,1161.2,1161.2,on_time,0
DEL-000403,PO-000408,2025-05-11,SUP-001,DIRECT-Federal,ING-001,805.39,805.39,805.39,very_late,5
DEL-000404,PO-000409,2025-05-09,SUP-001,DIRECT-Federal,ING-001,1045.18,1045.18,1045.18,on_time,0
DEL-000405,PO-000410,2025-05-12,SUP-001,DIRECT-Federal,ING-001,1010.01,1010.01,1010.01,on_time,0
DEL-000406,PO-000411,2025-05-15,SUP-001,DIRECT-Federal,ING-001,1020.07,954.94,954.94,on_time,0
DEL-000407,PO-000412,2025-05-18,SUP-001,DIRECT-Federal,ING-001,1038.72,1038.72,1038.72,on_time,0
DEL-000408,PO-000413,2025-05-21,SUP-001,DIRECT-Federal,ING-001,777.81,777.81,777.81,on_time,0
DEL-000409,PO-000414,2025-05-25,SUP-001,DIRECT-Federal,ING-001,978.07,978.07,978.07,late,1
DEL-000410,PO-000415,2025-05-27,SUP-001,DIRECT-Federal,ING-001,727.61,727.61,727.61,on_time,0
DEL-000411,PO-000416,2025-05-30,SUP-001,DIRECT-Federal,ING-001,1005.69,1005.69,1005.69,on_time,0
DEL-000412,PO-000417,2025-06-02,SUP-001,DIRECT-Federal,ING-001,900.18,900.18,900.18,on_time,0
DEL-000413,PO-000418,2025-06-05,SUP-001,DIRECT-Federal,ING-001,860.92,860.92,860.92,on_time,0
DEL-000414,PO-000419,2025-06-08,SUP-001,DIRECT-Federal,ING-001,1045.44,1045.44,1045.44,on_time,0
DEL-000415,PO-000420,2025-06-12,SUP-001,DIRECT-Federal,ING-001,819.74,819.74,819.74,on_time,0
DEL-000416,PO-000421,2025-06-14,SUP-001,DIRECT-Federal,ING-001,1031.68,1031.68,1031.68,on_time,0
DEL-000417,PO-000422,2025-06-18,SUP-001,DIRECT-Federal,ING-001,777.25,683.48,683.48,late,1
DEL-000418,PO-000423,2025-06-21,SUP-001,DIRECT-Federal,ING-001,933.22,933.22,933.22,on_time,0
DEL-000419,PO-000424,2025-06-24,SUP-001,DIRECT-Federal,ING-001,910.65,910.65,910.65,on_time,0
DEL-000420,PO-000425,2025-06-28,SUP-001,DIRECT-Federal,ING-001,870.4,870.4,870.4,on_time,0
DEL-000421,PO-000426,2025-06-29,SUP-001,DIRECT-Federal,ING-001,1076.37,1076.37,1076.37,on_time,0
DEL-000422,PO-000427,2025-07-02,SUP-001,DIRECT-Federal,ING-001,234.44,234.44,234.44,on_time,0
DEL-000423,PO-000428,2025-01-04,SUP-001,DIRECT-Federal,ING-002,1441.49,1441.49,1441.49,on_time,0
DEL-000424,PO-000429,2025-01-06,SUP-001,DIRECT-Federal,ING-002,1453.13,1453.13,1453.13,on_time,0
DEL-000425,PO-000430,2025-01-09,SUP-001,DIRECT-Federal,ING-002,1063.88,1063.88,1063.88,on_time,0
DEL-000426,PO-000431,2025-01-15,SUP-001,DIRECT-Federal,ING-002,1585.88,1585.88,1585.88,late,1
DEL-000427,PO-000432,2025-01-15,SUP-001,DIRECT-Federal,ING-002,992.82,992.82,992.82,on_time,0
DEL-000428,PO-000433,2025-01-18,SUP-001,DIRECT-Federal,ING-002,1640.77,1640.77,1640.77,on_time,0
DEL-000429,PO-000434,2025-01-21,SUP-001,DIRECT-Federal,ING-002,1062.78,1062.78,1062.78,on_time,0
DEL-000430,PO-000435,2025-01-25,SUP-001,DIRECT-Federal,ING-002,1335.67,1335.67,1335.67,late,1
DEL-000431,PO-000436,2025-01-28,SUP-001,DIRECT-Federal,ING-002,1310.92,1310.92,1310.92,late,1
DEL-000432,PO-000437,2025-01-30,SUP-001,DIRECT-Federal,ING-002,1036.18,1036.18,1036.18,on_time,0
DEL-000433,PO-000438,2025-02-02,SUP-001,DIRECT-Federal,ING-002,1617.89,1617.89,1617.89,on_time,0
DEL-000434,PO-000439,2025-02-07,SUP-001,DIRECT-Federal,ING-002,1081.73,1081.73,1081.73,late,2
DEL-000435,PO-000440,2025-02-10,SUP-001,DIRECT-Federal,ING-002,1638.73,1638.73,1638.73,late,2
DEL-000436,PO-000441,2025-02-11,SUP-001,DIRECT-Federal,ING-002,1117.66,1117.66,1117.66,on_time,0
DEL-000437,PO-000442,2025-02-14,SUP-001,DIRECT-Federal,ING-002,1401.44,1401.44,1401.44,on_time,0
DEL-000438,PO-000443,2025-02-17,SUP-001,DIRECT-Federal,ING-002,1397.56,1397.56,1397.56,on_time,0
DEL-000439,PO-000444,2025-02-20,SUP-001,DIRECT-Federal,ING-002,1048.27,1048.27,1048.27,on_time,0
DEL-000440,PO-000445,2025-02-23,SUP-001,DIRECT-Federal,ING-002,1613.09,1613.09,1613.09,on_time,0
DEL-000441,PO-000446,2025-03-02,SUP-001,DIRECT-Federal,ING-002,909.0,909.0,909.0,very_late,4
DEL-000442,PO-000447,2025-03-01,SUP-001,DIRECT-Federal,ING-002,2005.71,2005.71,2005.71,on_time,0
DEL-000443,PO-000448,2025-03-06,SUP-001,DIRECT-Federal,ING-002,1760.95,1760.95,1760.95,late,2
DEL-000444,PO-000449,2025-03-07,SUP-001,DIRECT-Federal,ING-002,2229.26,2229.26,2229.26,on_time,0
DEL-000445,PO-000450,2025-03-13,SUP-001,DIRECT-Federal,ING-002,2532.48,2532.48,2532.48,late,2
DEL-000446,PO-000451,2025-03-13,SUP-001,DIRECT-Federal,ING-002,1882.39,1882.39,1882.39,on_time,0
DEL-000447,PO-000452,2025-03-16,SUP-001,DIRECT-Federal,ING-002,3047.86,3047.86,3047.86,on_time,0
DEL-000448,PO-000453,2025-03-20,SUP-001,DIRECT-Federal,ING-002,1609.06,1609.06,1609.06,on_time,0
DEL-000449,PO-000454,2025-03-22,SUP-001,DIRECT-Federal,ING-002,2833.47,2833.47,2833.47,on_time,0
DEL-000450,PO-000455,2025-03-28,SUP-001,DIRECT-Federal,ING-002,2006.81,2006.81,2006.81,late,2
DEL-000451,PO-000456,2025-03-28,SUP-001,DIRECT-Federal,ING-002,2320.07,2320.07,2320.07,on_time,0
DEL-000452,PO-000457,2025-03-31,SUP-001,DIRECT-Federal,ING-002,2236.1,2236.1,2236.1,on_time,0
DEL-000453,PO-000458,2025-04-03,SUP-001,DIRECT-Federal,ING-002,1373.45,1373.45,1373.45,on_time,0
DEL-000454,PO-000459,2025-04-11,SUP-001,DIRECT-Federal,ING-002,1807.37,1807.37,1807.37,very_late,5
DEL-000455,PO-000460,2025-04-09,SUP-001,DIRECT-Federal,ING-002,1090.48,1090.48,1090.48,on_time,0
DEL-000456,PO-000461,2025-04-12,SUP-001,DIRECT-Federal,ING-002,1755.1,1755.1,1755.1,on_time,0
DEL-000457,PO-000462,2025-04-15,SUP-001,DIRECT-Federal,ING-002,1274.21,1274.21,1274.21,on_time,0
DEL-000458,PO-000463,2025-04-20,SUP-001,DIRECT-Federal,ING-002,1596.69,1596.69,1596.69,late,1
DEL-000459,PO-000464,2025-04-23,SUP-001,DIRECT-Federal,ING-002,1525.81,1525.81,1525.81,late,2
DEL-000460,PO-000465,2025-04-24,SUP-001,DIRECT-Federal,ING-002,1201.13,1201.13,1201.13,on_time,0
DEL-000461,PO-000466,2025-04-27,SUP-001,DIRECT-Federal,ING-002,1987.56,1987.56,1987.56,on_time,0
DEL-000462,PO-000467,2025-04-30,SUP-001,DIRECT-Federal,ING-002,1207.51,1207.51,1207.51,on_time,0
DEL-000463,PO-000468,2025-05-05,SUP-001,DIRECT-Federal,ING-002,2000.08,2000.08,2000.08,late,2
DEL-000464,PO-000469,2025-05-06,SUP-001,DIRECT-Federal,ING-002,1138.63,1138.63,1138.63,on_time,0
DEL-000465,PO-000470,2025-05-14,SUP-001,DIRECT-Federal,ING-002,1508.74,1508.74,1508.74,very_late,5
DEL-000466,PO-000471,2025-05-13,SUP-001,DIRECT-Federal,ING-002,1616.41,1616.41,1616.41,on_time,0
DEL-000467,PO-000472,2025-05-16,SUP-001,DIRECT-Federal,ING-002,1239.29,1239.29,1239.29,late,1
DEL-000468,PO-000473,2025-05-21,SUP-001,DIRECT-Federal,ING-002,1635.2,1635.2,1635.2,late,2
DEL-000469,PO-000474,2025-05-21,SUP-001,DIRECT-Federal,ING-002,943.43,943.43,943.43,on_time,0
DEL-000470,PO-000475,2025-05-24,SUP-001,DIRECT-Federal,ING-002,1549.91,1549.91,1549.91,on_time,0
DEL-000471,PO-000476,2025-05-27,SUP-001,DIRECT-Federal,ING-002,1026.93,1026.93,1026.93,on_time,0
DEL-000472,PO-000477,2025-05-30,SUP-001,DIRECT-Federal,ING-002,1297.16,1297.16,1297.16,on_time,0
DEL-000473,PO-000478,2025-06-06,SUP-001,DIRECT-Federal,ING-002,1406.09,1406.09,1406.09,very_late,4
DEL-000474,PO-000479,2025-06-05,SUP-001,DIRECT-Federal,ING-002,1018.37,1018.37,1018.37,on_time,0
DEL-000475,PO-000480,2025-06-09,SUP-001,DIRECT-Federal,ING-002,1662.26,1662.26,1662.26,on_time,0
DEL-000476,PO-000481,2025-06-11,SUP-001,DIRECT-Federal,ING-002,1031.65,1031.65,1031.65,on_time,0
DEL-000477,PO-000482,2025-06-14,SUP-001,DIRECT-Federal,ING-002,1612.85,1612.85,1612.85,on_time,0
DEL-000478,PO-000483,2025-06-17,SUP-001,DIRECT-Federal,ING-002,1098.41,1098.41,1098.41,on_time,0
DEL-000479,PO-000484,2025-06-20,SUP-001,DIRECT-Federal,ING-002,1428.67,1428.67,1428.67,on_time,0
DEL-000480,PO-000485,2025-06-23,SUP-001,DIRECT-Federal,ING-002,1343.88,1343.88,1343.88,on_time,0
DEL-000481,PO-000486,2025-06-27,SUP-001,DIRECT-Federal,ING-002,1146.1,1146.1,1146.1,on_time,0
DEL-000482,PO-000487,2025-06-29,SUP-001,DIRECT-Federal,ING-002,1741.48,1741.48,1741.48,on_time,0
DEL-000483,PO-000488,2025-07-02,SUP-001,DIRECT-Federal,ING-002,304.36,304.36,304.36,on_time,0
DEL-000484,PO-000489,2025-01-03,SUP-002,DIRECT-Federal,ING-003,477.85,477.85,448.97,on_time,0
DEL-000485,PO-000490,2025-01-06,SUP-002,DIRECT-Federal,ING-003,455.36,455.36,455.36,on_time,0
DEL-000486,PO-000491,2025-01-09,SUP-002,DIRECT-Federal,ING-003,357.6,357.6,357.6,on_time,0
DEL-000487,PO-000492,2025-01-12,SUP-002,DIRECT-Federal,ING-003,512.63,512.63,512.63,on_time,0
DEL-000488,PO-000493,2025-01-15,SUP-002,DIRECT-Federal,ING-003,361.13,361.13,361.13,on_time,0
DEL-000489,PO-000494,2025-01-18,SUP-002,DIRECT-Federal,ING-003,516.32,516.32,516.32,on_time,0
DEL-000490,PO-000495,2025-01-21,SUP-002,DIRECT-Federal,ING-003,397.51,397.51,397.51,on_time,0
DEL-000491,PO-000496,2025-01-27,SUP-002,DIRECT-Federal,ING-003,426.97,426.97,426.97,late,2
DEL-000492,PO-000497,2025-01-27,SUP-002,DIRECT-Federal,ING-003,424.9,424.9,424.9,on_time,0
DEL-000493,PO-000498,2025-01-30,SUP-002,DIRECT-Federal,ING-003,396.45,396.45,396.45,on_time,0
DEL-000494,PO-000499,2025-02-06,SUP-002,DIRECT-Federal,ING-003,525.28,525.28,525.28,very_late,4
DEL-000495,PO-000500,2025-02-05,SUP-002,DIRECT-Federal,ING-003,378.83,378.83,378.83,on_time,0
DEL-000496,PO-000501,2025-02-08,SUP-002,DIRECT-Federal,ING-003,510.64,510.64,510.64,on_time,0
DEL-000497,PO-000502,2025-02-13,SUP-002,DIRECT-Federal,ING-003,420.86,420.86,420.86,late,1
DEL-000498,PO-000503,2025-02-14,SUP-002,DIRECT-Federal,ING-003,482.94,482.94,482.94,on_time,0
DEL-000499,PO-000504,2025-02-17,SUP-002,DIRECT-Federal,ING-003,439.47,439.47,439.47,on_time,0
DEL-000500,PO-000505,2025-02-20,SUP-002,DIRECT-Federal,ING-003,371.52,371.52,371.52,on_time,0
DEL-000501,PO-000506,2025-02-23,SUP-002,DIRECT-Federal,ING-003,559.98,559.98,559.98,on_time,0
DEL-000502,PO-000507,2025-02-26,SUP-002,DIRECT-Federal,ING-003,366.8,366.8,366.8,on_time,0
DEL-000503,PO-000508,2025-03-01,SUP-002,DIRECT-Federal,ING-003,558.69,558.69,558.69,on_time,0
DEL-000504,PO-000509,2025-03-05,SUP-002,DIRECT-Federal,ING-003,560.88,560.88,560.88,late,1
DEL-000505,PO-000510,2025-03-07,SUP-002,DIRECT-Federal,ING-003,564.6,564.6,564.6,on_time,0
DEL-000506,PO-000512,2025-03-13,SUP-002,DIRECT-Federal,ING-003,490.29,490.29,490.29,on_time,0
DEL-000507,PO-000513,2025-03-17,SUP-002,DIRECT-Federal,ING-003,645.01,645.01,645.01,late,1
DEL-000508,PO-000514,2025-03-19,SUP-002,DIRECT-Federal,ING-003,493.64,493.64,493.64,on_time,0
DEL-000509,PO-000515,2025-03-24,SUP-002,DIRECT-Federal,ING-003,639.05,639.05,639.05,on_time,0
DEL-000510,PO-000516,2025-03-25,SUP-002,DIRECT-Federal,ING-003,539.94,539.94,539.94,on_time,0
DEL-000511,PO-000517,2025-03-28,SUP-002,DIRECT-Federal,ING-003,603.35,603.35,603.35,on_time,0
DEL-000512,PO-000518,2025-04-01,SUP-002,DIRECT-Federal,ING-003,610.01,610.01,610.01,on_time,0
DEL-000513,PO-000519,2025-04-03,SUP-002,DIRECT-Federal,ING-003,481.16,481.16,481.16,on_time,0
DEL-000514,PO-000520,2025-04-11,SUP-002,DIRECT-Federal,ING-003,513.05,513.05,513.05,very_late,5
DEL-000515,PO-000521,2025-04-09,SUP-002,DIRECT-Federal,ING-003,352.14,352.14,352.14,on_time,0
DEL-000516,PO-000522,2025-04-12,SUP-002,DIRECT-Federal,ING-003,564.18,564.18,564.18,on_time,0
DEL-000517,PO-000523,2025-04-15,SUP-002,DIRECT-Federal,ING-003,433.56,433.56,433.56,on_time,0
DEL-000518,PO-000524,2025-04-21,SUP-002,DIRECT-Federal,ING-003,494.14,494.14,494.14,very_late,3
DEL-000519,PO-000525,2025-04-21,SUP-002,DIRECT-Federal,ING-003,536.62,536.62,536.62,on_time,0
DEL-000520,PO-000526,2025-04-29,SUP-002,DIRECT-Federal,ING-003,451.47,451.47,451.47,very_late,5
DEL-000521,PO-000527,2025-04-27,SUP-002,DIRECT-Federal,ING-003,618.21,618.21,618.21,on_time,0
DEL-000522,PO-000528,2025-04-30,SUP-002,DIRECT-Federal,ING-003,433.15,433.15,433.15,on_time,0
DEL-000523,PO-000529,2025-05-03,SUP-002,DIRECT-Federal,ING-003,592.17,592.17,592.17,on_time,0
DEL-000524,PO-000530,2025-05-06,SUP-002,DIRECT-Federal,ING-003,455.05,455.05,455.05,on_time,0
DEL-000525,PO-000531,2025-05-09,SUP-002,DIRECT-Federal,ING-003,502.07,502.07,502.07,on_time,0
DEL-000526,PO-000532,2025-05-13,SUP-002,DIRECT-Federal,ING-003,480.08,480.08,480.08,late,1
DEL-000527,PO-000533,2025-05-15,SUP-002,DIRECT-Federal,ING-003,449.59,449.59,449.59,on_time,0
DEL-000528,PO-000534,2025-05-18,SUP-002,DIRECT-Federal,ING-003,544.73,544.73,544.73,on_time,0
DEL-000529,PO-000535,2025-05-22,SUP-002,DIRECT-Federal,ING-003,338.36,338.36,338.36,on_time,0
DEL-000530,PO-000536,2025-05-26,SUP-002,DIRECT-Federal,ING-003,525.98,525.98,525.98,late,2
DEL-000531,PO-000537,2025-05-27,SUP-002,DIRECT-Federal,ING-003,392.33,392.33,392.33,on_time,0
DEL-000532,PO-000538,2025-05-30,SUP-002,DIRECT-Federal,ING-003,420.09,420.09,420.09,on_time,0
DEL-000533,PO-000539,2025-06-02,SUP-002,DIRECT-Federal,ING-003,424.32,424.32,424.32,on_time,0
DEL-000534,PO-000540,2025-06-05,SUP-002,DIRECT-Federal,ING-003,383.38,383.38,383.38,on_time,0
DEL-000535,PO-000541,2025-06-08,SUP-002,DIRECT-Federal,ING-003,497.29,497.29,497.29,on_time,0
DEL-000536,PO-000542,2025-06-11,SUP-002,DIRECT-Federal,ING-003,362.64,362.64,362.64,on_time,0
DEL-000537,PO-000543,2025-06-15,SUP-002,DIRECT-Federal,ING-003,482.85,482.85,482.85,late,1
DEL-000538,PO-000544,2025-06-17,SUP-002,DIRECT-Federal,ING-003,387.23,387.23,387.23,on_time,0
DEL-000539,PO-000545,2025-06-20,SUP-002,DIRECT-Federal,ING-003,438.99,438.99,438.99,on_time,0
DEL-000540,PO-000546,2025-06-25,SUP-002,DIRECT-Federal,ING-003,450.53,450.53,450.53,on_time,0
DEL-000541,PO-000547,2025-06-26,SUP-002,DIRECT-Federal,ING-003,388.35,388.35,388.35,on_time,0
DEL-000542,PO-000549,2025-07-02,SUP-002,DIRECT-Federal,ING-003,122.91,122.91,122.91,on_time,0
DEL-000543,PO-000551,2025-01-08,SUP-001,DIRECT-Federal,ING-004,1858.22,1858.22,1858.22,late,2
DEL-000544,PO-000552,2025-01-09,SUP-001,DIRECT-Federal,ING-004,1403.41,1403.41,1403.41,on_time,0
DEL-000545,PO-000553,2025-01-12,SUP-001,DIRECT-Federal,ING-004,2432.14,2432.14,2432.14,on_time,0
DEL-000546,PO-000554,2025-01-15,SUP-001,DIRECT-Federal,ING-004,1400.9,1400.9,1400.9,on_time,0
DEL-000547,PO-000555,2025-01-18,SUP-001,DIRECT-Federal,ING-004,2170.02,2170.02,2170.02,on_time,0
DEL-000548,PO-000556,2025-01-21,SUP-001,DIRECT-Federal,ING-004,1415.02,1415.02,1415.02,on_time,0
DEL-000549,PO-000557,2025-01-24,SUP-001,DIRECT-Federal,ING-004,1906.42,1906.42,1906.42,on_time,0
DEL-000550,PO-000558,2025-01-27,SUP-001,DIRECT-Federal,ING-004,1989.89,1989.89,1989.89,on_time,0
DEL-000551,PO-000559,2025-01-30,SUP-001,DIRECT-Federal,ING-004,1445.63,1445.63,1445.63,on_time,0
DEL-000552,PO-000560,2025-02-03,SUP-001,DIRECT-Federal,ING-004,2393.65,2393.65,2393.65,late,1
DEL-000553,PO-000561,2025-02-05,SUP-001,DIRECT-Federal,ING-004,1422.6,1422.6,1422.6,on_time,0
DEL-000554,PO-000562,2025-02-08,SUP-001,DIRECT-Federal,ING-004,2326.27,2326.27,2326.27,on_time,0
DEL-000555,PO-000563,2025-02-12,SUP-001,DIRECT-Federal,ING-004,1599.18,1599.18,1599.18,late,1
DEL-000556,PO-000564,2025-02-16,SUP-001,DIRECT-Federal,ING-004,2024.55,2024.55,1830.24,late,2
DEL-000557,PO-000565,2025-02-17,SUP-001,DIRECT-Federal,ING-004,1818.81,1818.81,1818.81,on_time,0
DEL-000558,PO-000566,2025-02-21,SUP-001,DIRECT-Federal,ING-004,1460.99,1460.99,1460.99,late,1
DEL-000559,PO-000567,2025-02-23,SUP-001,DIRECT-Federal,ING-004,2460.41,2460.41,2202.9,on_time,0
DEL-000560,PO-000568,2025-02-26,SUP-001,DIRECT-Federal,ING-004,1460.9,1460.9,1460.9,on_time,0
DEL-000561,PO-000569,2025-03-01,SUP-001,DIRECT-Federal,ING-004,3098.97,3098.97,3098.97,on_time,0
DEL-000562,PO-000570,2025-03-04,SUP-001,DIRECT-Federal,ING-004,2889.19,2889.19,2889.19,on_time,0
DEL-000563,PO-000571,2025-03-07,SUP-001,DIRECT-Federal,ING-004,3726.27,3726.27,3726.27,on_time,0
DEL-000564,PO-000572,2025-03-10,SUP-001,DIRECT-Federal,ING-004,3473.32,3473.32,3473.32,on_time,0
DEL-000565,PO-000573,2025-03-13,SUP-001,DIRECT-Federal,ING-004,2547.27,2547.27,2547.27,on_time,0
DEL-000566,PO-000574,2025-03-16,SUP-001,DIRECT-Federal,ING-004,4401.49,4401.49,4401.49,on_time,0
DEL-000567,PO-000575,2025-03-19,SUP-001,DIRECT-Federal,ING-004,2342.99,2342.99,2342.99,on_time,0
DEL-000568,PO-000576,2025-03-23,SUP-001,DIRECT-Federal,ING-004,3947.74,3947.74,3947.74,late,1
DEL-000569,PO-000577,2025-03-25,SUP-001,DIRECT-Federal,ING-004,2984.94,2984.94,2984.94,on_time,0
DEL-000570,PO-000578,2025-03-28,SUP-001,DIRECT-Federal,ING-004,3487.07,3487.07,3487.07,on_time,0
DEL-000571,PO-000579,2025-03-31,SUP-001,DIRECT-Federal,ING-004,3339.08,3339.08,3339.08,on_time,0
DEL-000572,PO-000580,2025-04-03,SUP-001,DIRECT-Federal,ING-004,1982.78,1982.78,1982.78,on_time,0
DEL-000573,PO-000581,2025-04-06,SUP-001,DIRECT-Federal,ING-004,2491.53,2491.53,2491.53,on_time,0
DEL-000574,PO-000582,2025-04-11,SUP-001,DIRECT-Federal,ING-004,1443.05,1443.05,1443.05,on_time,0
DEL-000575,PO-000583,2025-04-12,SUP-001,DIRECT-Federal,ING-004,2588.56,2588.56,2588.56,on_time,0
DEL-000576,PO-000584,2025-04-19,SUP-001,DIRECT-Federal,ING-004,1595.0,1595.0,1595.0,very_late,4
DEL-000577,PO-000585,2025-04-18,SUP-001,DIRECT-Federal,ING-004,2245.05,2245.05,2245.05,on_time,0
DEL-000578,PO-000586,2025-04-21,SUP-001,DIRECT-Federal,ING-004,2410.36,2410.36,2410.36,on_time,0
DEL-000579,PO-000587,2025-04-24,SUP-001,DIRECT-Federal,ING-004,1680.32,1680.32,1680.32,on_time,0
DEL-000580,PO-000588,2025-04-27,SUP-001,DIRECT-Federal,ING-004,2905.31,2905.31,2905.31,on_time,0
DEL-000581,PO-000589,2025-04-30,SUP-001,DIRECT-Federal,ING-004,1692.46,1462.32,1462.32,on_time,0
DEL-000582,PO-000590,2025-05-03,SUP-001,DIRECT-Federal,ING-004,2819.58,2464.98,2464.98,on_time,0
DEL-000583,PO-000591,2025-05-07,SUP-001,DIRECT-Federal,ING-004,1790.04,1790.04,1790.04,on_time,0
DEL-000584,PO-000592,2025-05-11,SUP-001,DIRECT-Federal,ING-004,2264.14,2264.14,2264.14,on_time,0
DEL-000585,PO-000593,2025-05-12,SUP-001,DIRECT-Federal,ING-004,2200.0,2002.1,2002.1,on_time,0
DEL-000586,PO-000594,2025-05-16,SUP-001,DIRECT-Federal,ING-004,1696.65,1696.65,1696.65,late,1
DEL-000587,PO-000595,2025-05-22,SUP-001,DIRECT-Federal,ING-004,2539.0,2539.0,2539.0,late,2
DEL-000588,PO-000596,2025-05-23,SUP-001,DIRECT-Federal,ING-004,1343.5,1343.5,1343.5,on_time,0
DEL-000589,PO-000597,2025-05-24,SUP-001,DIRECT-Federal,ING-004,2443.15,2443.15,2443.15,on_time,0
DEL-000590,PO-000598,2025-05-27,SUP-001,DIRECT-Federal,ING-004,1517.12,1517.12,1517.12,on_time,0
DEL-000591,PO-000599,2025-06-04,SUP-001,DIRECT-Federal,ING-004,1867.44,1867.44,1867.44,very_late,5
DEL-000592,PO-000600,2025-06-03,SUP-001,DIRECT-Federal,ING-004,1874.45,1668.38,1668.38,late,1
DEL-000593,PO-000601,2025-06-05,SUP-001,DIRECT-Federal,ING-004,1534.79,1534.79,1534.79,on_time,0
DEL-000594,PO-000602,2025-06-08,SUP-001,DIRECT-Federal,ING-004,2540.35,2188.92,2188.92,on_time,0
DEL-000595,PO-000603,2025-06-13,SUP-001,DIRECT-Federal,ING-004,1375.37,1375.37,1375.37,late,2
DEL-000596,PO-000604,2025-06-15,SUP-001,DIRECT-Federal,ING-004,2268.87,2268.87,2268.87,on_time,0
DEL-000597,PO-000605,2025-06-17,SUP-001,DIRECT-Federal,ING-004,1495.76,1495.76,1495.76,on_time,0
DEL-000598,PO-000606,2025-06-20,SUP-001,DIRECT-Federal,ING-004,2016.27,2016.27,2016.27,on_time,0
DEL-000599,PO-000607,2025-06-25,SUP-001,DIRECT-Federal,ING-004,1898.37,1898.37,1898.37,on_time,0
DEL-000600,PO-000608,2025-06-30,SUP-001,DIRECT-Federal,ING-004,1559.81,1559.81,1559.81,very_late,4
DEL-000601,PO-000609,2025-06-29,SUP-001,DIRECT-Federal,ING-004,2641.04,2641.04,2641.04,on_time,0
DEL-000602,PO-000610,2025-07-02,SUP-001,DIRECT-Federal,ING-004,467.4,467.4,467.4,on_time,0
DEL-000603,PO-000611,2025-01-03,SUP-001,DIRECT-Federal,ING-005,1790.68,1790.68,1790.68,on_time,0
DEL-000604,PO-000612,2025-01-06,SUP-001,DIRECT-Federal,ING-005,1697.33,1697.33,1697.33,on_time,0
DEL-000605,PO-000613,2025-01-11,SUP-001,DIRECT-Federal,ING-005,1296.46,1296.46,1296.46,late,2
DEL-000606,PO-000614,2025-01-12,SUP-001,DIRECT-Federal,ING-005,2046.91,2046.91,2046.91,on_time,0
DEL-000607,PO-000615,2025-01-16,SUP-001,DIRECT-Federal,ING-005,1288.4,1288.4,1288.4,late,1
DEL-000608,PO-000616,2025-01-18,SUP-001,DIRECT-Federal,ING-005,1862.3,1862.3,1862.3,on_time,0
DEL-000609,PO-000617,2025-01-26,SUP-001,DIRECT-Federal,ING-005,1276.39,1276.39,1276.39,very_late,5
DEL-000610,PO-000618,2025-01-25,SUP-001,DIRECT-Federal,ING-005,1678.89,1678.89,1678.89,late,1
DEL-000611,PO-000619,2025-01-27,SUP-001,DIRECT-Federal,ING-005,1720.53,1720.53,1720.53,on_time,0
DEL-000612,PO-000620,2025-01-30,SUP-001,DIRECT-Federal,ING-005,1322.88,1322.88,1322.88,on_time,0
DEL-000613,PO-000621,2025-02-02,SUP-001,DIRECT-Federal,ING-005,2087.02,2087.02,2087.02,on_time,0
DEL-000614,PO-000622,2025-02-05,SUP-001,DIRECT-Federal,ING-005,1276.42,1276.42,1276.42,on_time,0
DEL-000615,PO-000623,2025-02-08,SUP-001,DIRECT-Federal,ING-005,2088.46,2088.46,2088.46,on_time,0
DEL-000616,PO-000624,2025-02-11,SUP-001,DIRECT-Federal,ING-005,1393.06,1203.84,1203.84,on_time,0
DEL-000617,PO-000625,2025-02-14,SUP-001,DIRECT-Federal,ING-005,1810.77,1810.77,1810.77,on_time,0
DEL-000618,PO-000626,2025-02-17,SUP-001,DIRECT-Federal,ING-005,1728.64,1728.64,1728.64,on_time,0
DEL-000619,PO-000627,2025-02-20,SUP-001,DIRECT-Federal,ING-005,1238.5,1238.5,1238.5,on_time,0
DEL-000620,PO-000628,2025-02-25,SUP-001,DIRECT-Federal,ING-005,2012.52,2012.52,2012.52,late,2
DEL-000621,PO-000629,2025-02-26,SUP-001,DIRECT-Federal,ING-005,1180.7,1180.7,1180.7,on_time,0
DEL-000622,PO-000630,2025-03-01,SUP-001,DIRECT-Federal,ING-005,2589.65,2589.65,2589.65,on_time,0
DEL-000623,PO-000631,2025-03-06,SUP-001,DIRECT-Federal,ING-005,2504.45,2284.69,2284.69,late,1
DEL-000624,PO-000632,2025-03-09,SUP-001,DIRECT-Federal,ING-005,3042.39,3042.39,3042.39,on_time,0
DEL-000625,PO-000633,2025-03-10,SUP-001,DIRECT-Federal,ING-005,3241.93,3241.93,3241.93,on_time,0
DEL-000626,PO-000634,2025-03-14,SUP-001,DIRECT-Federal,ING-005,2221.3,1964.84,1964.84,late,1
DEL-000627,PO-000635,2025-03-20,SUP-001,DIRECT-Federal,ING-005,3996.88,3996.88,3996.88,late,2
DEL-000628,PO-000636,2025-03-21,SUP-001,DIRECT-Federal,ING-005,2076.59,2076.59,2076.59,on_time,0
DEL-000629,PO-000637,2025-03-22,SUP-001,DIRECT-Federal,ING-005,3632.73,3632.73,3632.73,on_time,0
DEL-000630,PO-000638,2025-03-25,SUP-001,DIRECT-Federal,ING-005,2605.19,2605.19,2605.19,on_time,0
DEL-000631,PO-000639,2025-03-28,SUP-001,DIRECT-Federal,ING-005,2937.78,2937.78,2937.78,on_time,0
DEL-000632,PO-000640,2025-04-01,SUP-001,DIRECT-Federal,ING-005,3098.56,3098.56,3098.56,on_time,0
DEL-000633,PO-000641,2025-04-03,SUP-001,DIRECT-Federal,ING-005,1683.27,1683.27,1683.27,on_time,0
DEL-000634,PO-000642,2025-04-11,SUP-001,DIRECT-Federal,ING-005,2186.85,2186.85,2186.85,very_late,5
DEL-000635,PO-000643,2025-04-11,SUP-001,DIRECT-Federal,ING-005,1340.68,1340.68,1340.68,on_time,0
DEL-000636,PO-000644,2025-04-12,SUP-001,DIRECT-Federal,ING-005,2260.84,2260.84,2260.84,on_time,0
DEL-000637,PO-000645,2025-04-15,SUP-001,DIRECT-Federal,ING-005,1465.68,1465.68,1465.68,on_time,0
DEL-000638,PO-000646,2025-04-18,SUP-001,DIRECT-Federal,ING-005,2120.87,1859.95,1859.95,on_time,0
DEL-000639,PO-000647,2025-04-21,SUP-001,DIRECT-Federal,ING-005,2127.36,2127.36,2127.36,on_time,0
DEL-000640,PO-000648,2025-04-24,SUP-001,DIRECT-Federal,ING-005,1608.71,1608.71,1608.71,on_time,0
DEL-000641,PO-000649,2025-04-27,SUP-001,DIRECT-Federal,ING-005,2472.0,2472.0,2472.0,on_time,0
DEL-000642,PO-000650,2025-04-30,SUP-001,DIRECT-Federal,ING-005,1378.6,1378.6,1378.6,on_time,0
DEL-000643,PO-000651,2025-05-03,SUP-001,DIRECT-Federal,ING-005,2479.7,2479.7,2479.7,on_time,0
DEL-000644,PO-000652,2025-05-06,SUP-001,DIRECT-Federal,ING-005,1447.37,1447.37,1447.37,on_time,0
DEL-000645,PO-000653,2025-05-09,SUP-001,DIRECT-Federal,ING-005,1794.07,1794.07,1794.07,on_time,0
DEL-000646,PO-000654,2025-05-12,SUP-001,DIRECT-Federal,ING-005,2020.15,2020.15,2020.15,on_time,0
DEL-000647,PO-000655,2025-05-15,SUP-001,DIRECT-Federal,ING-005,1514.0,1514.0,1514.0,on_time,0
DEL-000648,PO-000656,2025-05-18,SUP-001,DIRECT-Federal,ING-005,2189.17,2189.17,2189.17,on_time,0
DEL-000649,PO-000657,2025-05-21,SUP-001,DIRECT-Federal,ING-005,1170.83,1170.83,1170.83,on_time,0
DEL-000650,PO-000658,2025-05-24,SUP-001,DIRECT-Federal,ING-005,2202.67,2202.67,2202.67,on_time,0
DEL-000651,PO-000659,2025-05-27,SUP-001,DIRECT-Federal,ING-005,1437.81,1437.81,1437.81,on_time,0
DEL-000652,PO-000660,2025-05-30,SUP-001,DIRECT-Federal,ING-005,1570.67,1570.67,1570.67,on_time,0
DEL-000653,PO-000661,2025-06-04,SUP-001,DIRECT-Federal,ING-005,1691.73,1691.73,1691.73,late,2
DEL-000654,PO-000662,2025-06-05,SUP-001,DIRECT-Federal,ING-005,1241.42,1241.42,1241.42,on_time,0
DEL-000655,PO-000663,2025-06-11,SUP-001,DIRECT-Federal,ING-005,2269.38,2269.38,2269.38,very_late,3
DEL-000656,PO-000664,2025-06-11,SUP-001,DIRECT-Federal,ING-005,1281.04,1281.04,1281.04,on_time,0
DEL-000657,PO-000665,2025-06-14,SUP-001,DIRECT-Federal,ING-005,2111.19,2111.19,2111.19,on_time,0
DEL-000658,PO-000666,2025-06-17,SUP-001,DIRECT-Federal,ING-005,1312.53,1312.53,1312.53,on_time,0
DEL-000659,PO-000667,2025-06-21,SUP-001,DIRECT-Federal,ING-005,1779.18,1779.18,1779.18,late,1
DEL-000660,PO-000668,2025-06-24,SUP-001,DIRECT-Federal,ING-005,1815.46,1815.46,1815.46,late,1
DEL-000661,PO-000669,2025-06-26,SUP-001,DIRECT-Federal,ING-005,1466.01,1466.01,1466.01,on_time,0
DEL-000662,PO-000670,2025-06-29,SUP-001,DIRECT-Federal,ING-005,2336.05,2201.78,2201.78,on_time,0
DEL-000663,PO-000671,2025-07-03,SUP-001,DIRECT-Federal,ING-005,377.87,377.87,377.87,on_time,0
DEL-000664,PO-000672,2025-01-03,SUP-001,DIRECT-Federal,ING-006,628.58,628.58,628.58,on_time,0
DEL-000665,PO-000673,2025-01-06,SUP-001,DIRECT-Federal,ING-006,650.42,650.42,650.42,on_time,0
DEL-000666,PO-000674,2025-01-09,SUP-001,DIRECT-Federal,ING-006,515.6,515.6,515.6,on_time,0
DEL-000667,PO-000675,2025-01-12,SUP-001,DIRECT-Federal,ING-006,794.65,684.82,684.82,on_time,0
DEL-000668,PO-000676,2025-01-17,SUP-001,DIRECT-Federal,ING-006,468.73,468.73,468.73,on_time,0
DEL-000669,PO-000677,2025-01-20,SUP-001,DIRECT-Federal,ING-006,766.8,766.8,766.8,on_time,0
DEL-000670,PO-000679,2025-01-25,SUP-001,DIRECT-Federal,ING-006,606.13,606.13,606.13,late,1
DEL-000671,PO-000680,2025-01-27,SUP-001,DIRECT-Federal,ING-006,664.61,664.61,664.61,on_time,0
DEL-000672,PO-000681,2025-01-30,SUP-001,DIRECT-Federal,ING-006,541.52,541.52,541.52,on_time,0
DEL-000673,PO-000682,2025-02-04,SUP-001,DIRECT-Federal,ING-006,723.56,723.56,723.56,late,2
DEL-000674,PO-000683,2025-02-06,SUP-001,DIRECT-Federal,ING-006,535.63,535.63,535.63,late,1
DEL-000675,PO-000684,2025-02-08,SUP-001,DIRECT-Federal,ING-006,753.5,753.5,753.5,on_time,0
DEL-000676,PO-000685,2025-02-11,SUP-001,DIRECT-Federal,ING-006,483.85,483.85,483.85,on_time,0
DEL-000677,PO-000686,2025-02-14,SUP-001,DIRECT-Federal,ING-006,658.62,658.62,658.62,on_time,0
DEL-000678,PO-000687,2025-02-17,SUP-001,DIRECT-Federal,ING-006,656.51,656.51,656.51,on_time,0
DEL-000679,PO-000688,2025-02-20,SUP-001,DIRECT-Federal,ING-006,541.84,541.84,541.84,on_time,0
DEL-000680,PO-000689,2025-02-28,SUP-001,DIRECT-Federal,ING-006,763.98,763.98,763.98,very_late,3
DEL-000681,PO-000690,2025-02-26,SUP-001,DIRECT-Federal,ING-006,458.5,458.5,458.5,on_time,0
DEL-000682,PO-000691,2025-03-01,SUP-001,DIRECT-Federal,ING-006,828.88,828.88,828.88,on_time,0
DEL-000683,PO-000692,2025-03-05,SUP-001,DIRECT-Federal,ING-006,867.76,867.76,867.76,on_time,0
DEL-000684,PO-000693,2025-03-07,SUP-001,DIRECT-Federal,ING-006,975.33,975.33,975.33,on_time,0
DEL-000685,PO-000694,2025-03-10,SUP-001,DIRECT-Federal,ING-006,1010.08,1010.08,1010.08,on_time,0
DEL-000686,PO-000695,2025-03-13,SUP-001,DIRECT-Federal,ING-006,782.43,782.43,782.43,on_time,0
DEL-000687,PO-000696,2025-03-18,SUP-001,DIRECT-Federal,ING-006,1287.24,1287.24,1287.24,on_time,0
DEL-000688,PO-000697,2025-03-19,SUP-001,DIRECT-Federal,ING-006,730.26,730.26,730.26,on_time,0
DEL-000689,PO-000698,2025-03-23,SUP-001,DIRECT-Federal,ING-006,1121.47,1121.47,1121.47,late,1
DEL-000690,PO-000699,2025-03-27,SUP-001,DIRECT-Federal,ING-006,837.25,837.25,837.25,on_time,0
DEL-000691,PO-000700,2025-03-30,SUP-001,DIRECT-Federal,ING-006,951.69,951.69,951.69,late,2
DEL-000692,PO-000702,2025-04-03,SUP-001,DIRECT-Federal,ING-006,691.84,691.84,691.84,on_time,0
DEL-000693,PO-000703,2025-04-09,SUP-001,DIRECT-Federal,ING-006,753.61,753.61,753.61,very_late,3
DEL-000694,PO-000704,2025-04-09,SUP-001,DIRECT-Federal,ING-006,459.35,459.35,459.35,on_time,0
DEL-000695,PO-000705,2025-04-16,SUP-001,DIRECT-Federal,ING-006,832.66,832.66,832.66,very_late,4
DEL-000696,PO-000706,2025-04-15,SUP-001,DIRECT-Federal,ING-006,616.23,616.23,616.23,on_time,0
DEL-000697,PO-000707,2025-04-20,SUP-001,DIRECT-Federal,ING-006,714.52,714.52,714.52,late,2
DEL-000698,PO-000708,2025-04-21,SUP-001,DIRECT-Federal,ING-006,691.63,691.63,691.63,on_time,0
DEL-000699,PO-000709,2025-04-24,SUP-001,DIRECT-Federal,ING-006,567.29,567.29,567.29,on_time,0
DEL-000700,PO-000710,2025-05-01,SUP-001,DIRECT-Federal,ING-006,905.48,905.48,905.48,very_late,4
DEL-000701,PO-000711,2025-05-02,SUP-001,DIRECT-Federal,ING-006,562.63,562.63,562.63,on_time,0
DEL-000702,PO-000712,2025-05-03,SUP-001,DIRECT-Federal,ING-006,837.52,837.52,837.52,on_time,0
DEL-000703,PO-000713,2025-05-07,SUP-001,DIRECT-Federal,ING-006,586.84,586.84,586.84,late,1
DEL-000704,PO-000714,2025-05-10,SUP-001,DIRECT-Federal,ING-006,715.68,715.68,715.68,late,1
DEL-000705,PO-000715,2025-05-12,SUP-001,DIRECT-Federal,ING-006,711.43,711.43,711.43,on_time,0
DEL-000706,PO-000716,2025-05-15,SUP-001,DIRECT-Federal,ING-006,585.16,585.16,585.16,on_time,0
DEL-000707,PO-000717,2025-05-18,SUP-001,DIRECT-Federal,ING-006,718.71,718.71,718.71,on_time,0
DEL-000708,PO-000718,2025-05-21,SUP-001,DIRECT-Federal,ING-006,462.36,462.36,462.36,on_time,0
DEL-000709,PO-000719,2025-05-25,SUP-001,DIRECT-Federal,ING-006,716.7,716.7,716.7,on_time,0
DEL-000710,PO-000720,2025-05-27,SUP-001,DIRECT-Federal,ING-006,514.69,514.69,514.69,on_time,0
DEL-000711,PO-000721,2025-05-30,SUP-001,DIRECT-Federal,ING-006,607.18,607.18,607.18,on_time,0
DEL-000712,PO-000722,2025-06-02,SUP-001,DIRECT-Federal,ING-006,647.81,647.81,647.81,on_time,0
DEL-000713,PO-000723,2025-06-05,SUP-001,DIRECT-Federal,ING-006,488.37,488.37,488.37,on_time,0
DEL-000714,PO-000724,2025-06-08,SUP-001,DIRECT-Federal,ING-006,720.89,720.89,720.89,on_time,0
DEL-000715,PO-000725,2025-06-11,SUP-001,DIRECT-Federal,ING-006,506.27,450.48,450.48,on_time,0
DEL-000716,PO-000726,2025-06-14,SUP-001,DIRECT-Federal,ING-006,707.17,707.17,707.17,on_time,0
DEL-000717,PO-000727,2025-06-17,SUP-001,DIRECT-Federal,ING-006,515.73,515.73,515.73,on_time,0
DEL-000718,PO-000728,2025-06-20,SUP-001,DIRECT-Federal,ING-006,632.96,632.96,632.96,on_time,0
DEL-000719,PO-000729,2025-06-23,SUP-001,DIRECT-Federal,ING-006,670.25,670.25,670.25,on_time,0
DEL-000720,PO-000730,2025-06-26,SUP-001,DIRECT-Federal,ING-006,542.14,542.14,542.14,on_time,0
DEL-000721,PO-000731,2025-06-29,SUP-001,DIRECT-Federal,ING-006,820.35,820.35,820.35,on_time,0
DEL-000722,PO-000732,2025-07-04,SUP-001,DIRECT-Federal,ING-006,153.76,153.76,153.76,on_time,0
DEL-000723,PO-000733,2025-01-03,SUP-001,DIRECT-KPK,ING-001,526.62,526.62,526.62,on_time,0
DEL-000724,PO-000734,2025-01-06,SUP-001,DIRECT-KPK,ING-001,481.18,481.18,481.18,on_time,0
DEL-000725,PO-000735,2025-01-10,SUP-001,DIRECT-KPK,ING-001,441.49,441.49,441.49,on_time,0
DEL-000726,PO-000736,2025-01-12,SUP-001,DIRECT-KPK,ING-001,533.73,533.73,533.73,on_time,0
DEL-000727,PO-000737,2025-01-17,SUP-001,DIRECT-KPK,ING-001,445.58,445.58,445.58,on_time,0
DEL-000728,PO-000738,2025-01-18,SUP-001,DIRECT-KPK,ING-001,533.09,533.09,533.09,on_time,0
DEL-000729,PO-000739,2025-01-21,SUP-001,DIRECT-KPK,ING-001,397.18,397.18,397.18,on_time,0
DEL-000730,PO-000740,2025-01-24,SUP-001,DIRECT-KPK,ING-001,542.72,542.72,542.72,on_time,0
DEL-000731,PO-000741,2025-02-01,SUP-001,DIRECT-KPK,ING-001,504.31,504.31,450.47,very_late,5
DEL-000732,PO-000742,2025-01-30,SUP-001,DIRECT-KPK,ING-001,438.41,438.41,438.41,on_time,0
DEL-000733,PO-000743,2025-02-02,SUP-001,DIRECT-KPK,ING-001,511.08,511.08,511.08,on_time,0
DEL-000734,PO-000744,2025-02-05,SUP-001,DIRECT-KPK,ING-001,442.73,442.73,442.73,on_time,0
DEL-000735,PO-000745,2025-02-08,SUP-001,DIRECT-KPK,ING-001,527.86,527.86,527.86,on_time,0
DEL-000736,PO-000746,2025-02-11,SUP-001,DIRECT-KPK,ING-001,384.41,384.41,384.41,on_time,0
DEL-000737,PO-000747,2025-02-14,SUP-001,DIRECT-KPK,ING-001,550.34,550.34,550.34,on_time,0
DEL-000738,PO-000748,2025-02-17,SUP-001,DIRECT-KPK,ING-001,478.34,478.34,478.34,on_time,0
DEL-000739,PO-000749,2025-02-20,SUP-001,DIRECT-KPK,ING-001,482.97,482.97,482.97,on_time,0
DEL-000740,PO-000750,2025-02-23,SUP-001,DIRECT-KPK,ING-001,491.54,491.54,491.54,on_time,0
DEL-000741,PO-000751,2025-02-27,SUP-001,DIRECT-KPK,ING-001,407.54,407.54,407.54,on_time,0
DEL-000742,PO-000752,2025-03-03,SUP-001,DIRECT-KPK,ING-001,556.65,556.65,556.65,on_time,0
DEL-000743,PO-000753,2025-03-09,SUP-001,DIRECT-KPK,ING-001,558.97,558.97,558.97,very_late,5
DEL-000744,PO-000754,2025-03-07,SUP-001,DIRECT-KPK,ING-001,723.56,723.56,723.56,on_time,0
DEL-000745,PO-000755,2025-03-10,SUP-001,DIRECT-KPK,ING-001,648.52,648.52,648.52,on_time,0
DEL-000746,PO-000756,2025-03-13,SUP-001,DIRECT-KPK,ING-001,667.86,596.49,596.49,on_time,0
DEL-000747,PO-000757,2025-03-16,SUP-001,DIRECT-KPK,ING-001,740.12,740.12,740.12,on_time,0
DEL-000748,PO-000758,2025-03-22,SUP-001,DIRECT-KPK,ING-001,569.6,569.6,569.6,very_late,3
DEL-000749,PO-000759,2025-03-22,SUP-001,DIRECT-KPK,ING-001,665.15,665.15,665.15,on_time,0
DEL-000750,PO-000760,2025-03-25,SUP-001,DIRECT-KPK,ING-001,571.06,571.06,571.06,on_time,0
DEL-000751,PO-000761,2025-03-28,SUP-001,DIRECT-KPK,ING-001,740.53,740.53,740.53,on_time,0
DEL-000752,PO-000762,2025-03-31,SUP-001,DIRECT-KPK,ING-001,659.05,659.05,659.05,on_time,0
DEL-000753,PO-000763,2025-04-03,SUP-001,DIRECT-KPK,ING-001,589.67,589.67,589.67,on_time,0
DEL-000754,PO-000764,2025-04-06,SUP-001,DIRECT-KPK,ING-001,548.51,548.51,548.51,on_time,0
DEL-000755,PO-000765,2025-04-09,SUP-001,DIRECT-KPK,ING-001,431.65,431.65,431.65,on_time,0
DEL-000756,PO-000766,2025-04-14,SUP-001,DIRECT-KPK,ING-001,602.79,602.79,602.79,late,2
DEL-000757,PO-000767,2025-04-15,SUP-001,DIRECT-KPK,ING-001,462.66,462.66,462.66,on_time,0
DEL-000758,PO-000768,2025-04-18,SUP-001,DIRECT-KPK,ING-001,563.09,563.09,563.09,on_time,0
DEL-000759,PO-000769,2025-04-21,SUP-001,DIRECT-KPK,ING-001,551.37,551.37,551.37,on_time,0
DEL-000760,PO-000770,2025-04-26,SUP-001,DIRECT-KPK,ING-001,542.57,542.57,542.57,on_time,0
DEL-000761,PO-000771,2025-04-27,SUP-001,DIRECT-KPK,ING-001,632.49,632.49,632.49,on_time,0
DEL-000762,PO-000772,2025-05-01,SUP-001,DIRECT-KPK,ING-001,487.3,487.3,487.3,late,1
DEL-000763,PO-000773,2025-05-03,SUP-001,DIRECT-KPK,ING-001,600.08,600.08,600.08,on_time,0
DEL-000764,PO-000774,2025-05-06,SUP-001,DIRECT-KPK,ING-001,450.5,450.5,450.5,on_time,0
DEL-000765,PO-000775,2025-05-09,SUP-001,DIRECT-KPK,ING-001,608.54,608.54,608.54,on_time,0
DEL-000766,PO-000776,2025-05-16,SUP-001,DIRECT-KPK,ING-001,486.05,429.23,429.23,very_late,4
DEL-000767,PO-000777,2025-05-15,SUP-001,DIRECT-KPK,ING-001,533.69,533.69,533.69,on_time,0
DEL-000768,PO-000778,2025-05-18,SUP-001,DIRECT-KPK,ING-001,518.2,518.2,518.2,on_time,0
DEL-000769,PO-000779,2025-05-25,SUP-001,DIRECT-KPK,ING-001,446.96,446.96,446.96,late,2
DEL-000770,PO-000780,2025-05-25,SUP-001,DIRECT-KPK,ING-001,517.34,517.34,517.34,late,1
DEL-000771,PO-000781,2025-05-27,SUP-001,DIRECT-KPK,ING-001,399.51,399.51,399.51,on_time,0
DEL-000772,PO-000782,2025-05-30,SUP-001,DIRECT-KPK,ING-001,512.05,512.05,512.05,on_time,0
DEL-000773,PO-000783,2025-06-02,SUP-001,DIRECT-KPK,ING-001,491.88,491.88,491.88,on_time,0
DEL-000774,PO-000784,2025-06-05,SUP-001,DIRECT-KPK,ING-001,480.16,423.01,423.01,on_time,0
DEL-000775,PO-000785,2025-06-08,SUP-001,DIRECT-KPK,ING-001,489.64,489.64,489.64,on_time,0
DEL-000776,PO-000786,2025-06-12,SUP-001,DIRECT-KPK,ING-001,427.21,427.21,427.21,late,1
DEL-000777,PO-000787,2025-06-14,SUP-001,DIRECT-KPK,ING-001,530.72,530.72,530.72,on_time,0
DEL-000778,PO-000788,2025-06-17,SUP-001,DIRECT-KPK,ING-001,377.11,377.11,377.11,on_time,0
DEL-000779,PO-000789,2025-06-21,SUP-001,DIRECT-KPK,ING-001,505.26,505.26,505.26,late,1
DEL-000780,PO-000790,2025-06-23,SUP-001,DIRECT-KPK,ING-001,484.84,484.84,484.84,on_time,0
DEL-000781,PO-000791,2025-06-26,SUP-001,DIRECT-KPK,ING-001,447.22,447.22,447.22,on_time,0
DEL-000782,PO-000792,2025-07-01,SUP-001,DIRECT-KPK,ING-001,525.39,525.39,525.39,on_time,0
DEL-000783,PO-000793,2025-07-02,SUP-001,DIRECT-KPK,ING-001,117.89,117.89,117.89,on_time,0
DEL-000784,PO-000794,2025-01-03,SUP-001,DIRECT-KPK,ING-002,733.59,643.73,643.73,on_time,0
DEL-000785,PO-000795,2025-01-08,SUP-001,DIRECT-KPK,ING-002,696.06,696.06,696.06,on_time,0
DEL-000786,PO-000796,2025-01-10,SUP-001,DIRECT-KPK,ING-002,546.23,546.23,546.23,on_time,0
DEL-000787,PO-000797,2025-01-14,SUP-001,DIRECT-KPK,ING-002,816.91,816.91,816.91,late,2
DEL-000788,PO-000798,2025-01-15,SUP-001,DIRECT-KPK,ING-002,509.23,509.23,509.23,on_time,0
DEL-000789,PO-000799,2025-01-19,SUP-001,DIRECT-KPK,ING-002,801.82,801.82,801.82,late,1
DEL-000790,PO-000800,2025-01-21,SUP-001,DIRECT-KPK,ING-002,505.92,505.92,505.92,on_time,0
DEL-000791,PO-000801,2025-01-24,SUP-001,DIRECT-KPK,ING-002,671.0,671.0,671.0,on_time,0
DEL-000792,PO-000802,2025-01-27,SUP-001,DIRECT-KPK,ING-002,757.12,757.12,757.12,on_time,0
DEL-000793,PO-000803,2025-01-30,SUP-001,DIRECT-KPK,ING-002,491.53,491.53,491.53,on_time,0
DEL-000794,PO-000804,2025-02-02,SUP-001,DIRECT-KPK,ING-002,861.21,861.21,861.21,on_time,0
DEL-000795,PO-000805,2025-02-06,SUP-001,DIRECT-KPK,ING-002,543.21,543.21,543.21,on_time,0
DEL-000796,PO-000806,2025-02-08,SUP-001,DIRECT-KPK,ING-002,826.17,826.17,826.17,on_time,0
DEL-000797,PO-000807,2025-02-11,SUP-001,DIRECT-KPK,ING-002,549.85,549.85,549.85,on_time,0
DEL-000798,PO-000808,2025-02-18,SUP-001,DIRECT-KPK,ING-002,676.44,676.44,676.44,late,2
DEL-000799,PO-000809,2025-02-19,SUP-001,DIRECT-KPK,ING-002,714.57,714.57,714.57,on_time,0
DEL-000800,PO-000810,2025-02-22,SUP-001,DIRECT-KPK,ING-002,558.6,558.6,558.6,on_time,0
DEL-000801,PO-000811,2025-02-26,SUP-001,DIRECT-KPK,ING-002,871.19,758.59,758.59,very_late,3
DEL-000802,PO-000812,2025-02-26,SUP-001,DIRECT-KPK,ING-002,493.45,464.13,464.13,on_time,0
DEL-000803,PO-000813,2025-03-01,SUP-001,DIRECT-KPK,ING-002,1038.89,1038.89,1038.89,on_time,0
DEL-000804,PO-000814,2025-03-06,SUP-001,DIRECT-KPK,ING-002,1016.22,1016.22,1016.22,on_time,0
DEL-000805,PO-000815,2025-03-08,SUP-001,DIRECT-KPK,ING-002,1213.81,1133.02,1133.02,late,1
DEL-000806,PO-000816,2025-03-10,SUP-001,DIRECT-KPK,ING-002,1261.07,1261.07,1261.07,on_time,0
DEL-000807,PO-000817,2025-03-13,SUP-001,DIRECT-KPK,ING-002,958.78,958.78,958.78,on_time,0
DEL-000808,PO-000818,2025-03-16,SUP-001,DIRECT-KPK,ING-002,1443.89,1443.89,1443.89,on_time,0
DEL-000809,PO-000819,2025-03-20,SUP-001,DIRECT-KPK,ING-002,881.78,881.78,881.78,late,1
DEL-000810,PO-000820,2025-03-22,SUP-001,DIRECT-KPK,ING-002,1527.26,1527.26,1527.26,on_time,0
DEL-000811,PO-000821,2025-03-25,SUP-001,DIRECT-KPK,ING-002,1007.11,1007.11,1007.11,on_time,0
DEL-000812,PO-000822,2025-03-30,SUP-001,DIRECT-KPK,ING-002,1138.76,1138.76,1138.76,late,2
DEL-000813,PO-000823,2025-03-31,SUP-001,DIRECT-KPK,ING-002,1176.17,1013.51,1013.51,on_time,0
DEL-000814,PO-000824,2025-04-05,SUP-001,DIRECT-KPK,ING-002,710.85,710.85,710.85,late,1
DEL-000815,PO-000825,2025-04-06,SUP-001,DIRECT-KPK,ING-002,881.06,779.17,779.17,on_time,0
DEL-000816,PO-000826,2025-04-11,SUP-001,DIRECT-KPK,ING-002,506.29,506.29,506.29,late,2
DEL-000817,PO-000827,2025-04-15,SUP-001,DIRECT-KPK,ING-002,988.01,988.01,988.01,late,2
DEL-000818,PO-000828,2025-04-15,SUP-001,DIRECT-KPK,ING-002,647.56,647.56,647.56,on_time,0
DEL-000819,PO-000829,2025-04-18,SUP-001,DIRECT-KPK,ING-002,857.25,779.06,779.06,on_time,0
DEL-000820,PO-000830,2025-04-21,SUP-001,DIRECT-KPK,ING-002,867.69,867.69,867.69,on_time,0
DEL-000821,PO-000831,2025-04-24,SUP-001,DIRECT-KPK,ING-002,633.78,633.78,633.78,on_time,0
DEL-000822,PO-000832,2025-04-27,SUP-001,DIRECT-KPK,ING-002,971.69,971.69,971.69,on_time,0
DEL-000823,PO-000833,2025-04-30,SUP-001,DIRECT-KPK,ING-002,612.51,612.51,612.51,on_time,0
DEL-000824,PO-000834,2025-05-04,SUP-001,DIRECT-KPK,ING-002,1050.87,1050.87,1050.87,late,1
DEL-000825,PO-000835,2025-05-10,SUP-001,DIRECT-KPK,ING-002,600.8,600.8,600.8,late,2
DEL-000826,PO-000837,2025-05-12,SUP-001,DIRECT-KPK,ING-002,791.33,791.33,791.33,on_time,0
DEL-000827,PO-000838,2025-05-15,SUP-001,DIRECT-KPK,ING-002,614.03,614.03,614.03,on_time,0
DEL-000828,PO-000839,2025-05-18,SUP-001,DIRECT-KPK,ING-002,875.48,875.48,875.48,on_time,0
DEL-000829,PO-000840,2025-05-23,SUP-001,DIRECT-KPK,ING-002,505.61,505.61,505.61,on_time,0
DEL-000830,PO-000841,2025-05-29,SUP-001,DIRECT-KPK,ING-002,912.58,912.58,912.58,very_late,5
DEL-000831,PO-000842,2025-05-27,SUP-001,DIRECT-KPK,ING-002,524.92,524.92,524.92,on_time,0
DEL-000832,PO-000843,2025-05-30,SUP-001,DIRECT-KPK,ING-002,672.57,672.57,672.57,on_time,0
DEL-000833,PO-000844,2025-06-03,SUP-001,DIRECT-KPK,ING-002,747.82,747.82,705.58,late,1
DEL-000834,PO-000845,2025-06-06,SUP-001,DIRECT-KPK,ING-002,531.66,531.66,531.66,late,1
DEL-000835,PO-000846,2025-06-10,SUP-001,DIRECT-KPK,ING-002,907.1,907.1,907.1,late,2
DEL-000836,PO-000847,2025-06-11,SUP-001,DIRECT-KPK,ING-002,502.37,502.37,502.37,on_time,0
DEL-000837,PO-000848,2025-06-15,SUP-001,DIRECT-KPK,ING-002,855.59,855.59,855.59,on_time,0
DEL-000838,PO-000849,2025-06-17,SUP-001,DIRECT-KPK,ING-002,592.26,592.26,592.26,on_time,0
DEL-000839,PO-000850,2025-06-20,SUP-001,DIRECT-KPK,ING-002,685.67,685.67,685.67,on_time,0
DEL-000840,PO-000851,2025-06-23,SUP-001,DIRECT-KPK,ING-002,739.49,739.49,739.49,on_time,0
DEL-000841,PO-000852,2025-06-26,SUP-001,DIRECT-KPK,ING-002,541.06,541.06,541.06,on_time,0
DEL-000842,PO-000853,2025-06-29,SUP-001,DIRECT-KPK,ING-002,879.15,879.15,879.15,on_time,0
DEL-000843,PO-000854,2025-07-03,SUP-001,DIRECT-KPK,ING-002,164.7,164.7,164.7,late,1
DEL-000844,PO-000855,2025-01-04,SUP-002,DIRECT-KPK,ING-003,216.15,203.97,203.97,late,1
DEL-000845,PO-000856,2025-01-07,SUP-002,DIRECT-KPK,ING-003,233.65,233.65,233.65,on_time,0
DEL-000846,PO-000857,2025-01-09,SUP-002,DIRECT-KPK,ING-003,197.04,197.04,197.04,on_time,0
DEL-000847,PO-000858,2025-01-13,SUP-002,DIRECT-KPK,ING-003,268.89,268.89,268.89,on_time,0
DEL-000848,PO-000859,2025-01-17,SUP-002,DIRECT-KPK,ING-003,173.28,173.28,173.28,late,2
DEL-000849,PO-000860,2025-01-21,SUP-002,DIRECT-KPK,ING-003,269.19,269.19,269.19,very_late,3
DEL-000850,PO-000861,2025-01-21,SUP-002,DIRECT-KPK,ING-003,208.07,196.44,196.44,on_time,0
DEL-000851,PO-000862,2025-01-24,SUP-002,DIRECT-KPK,ING-003,231.52,231.52,231.52,on_time,0
DEL-000852,PO-000863,2025-01-28,SUP-002,DIRECT-KPK,ING-003,246.33,246.33,246.33,on_time,0
DEL-000853,PO-000864,2025-01-30,SUP-002,DIRECT-KPK,ING-003,177.45,177.45,177.45,on_time,0
DEL-000854,PO-000865,2025-02-02,SUP-002,DIRECT-KPK,ING-003,243.29,243.29,243.29,on_time,0
DEL-000855,PO-000866,2025-02-10,SUP-002,DIRECT-KPK,ING-003,198.29,198.29,198.29,very_late,5
DEL-000856,PO-000867,2025-02-08,SUP-002,DIRECT-KPK,ING-003,246.45,246.45,246.45,on_time,0
DEL-000857,PO-000868,2025-02-12,SUP-002,DIRECT-KPK,ING-003,210.3,210.3,210.3,on_time,0
DEL-000858,PO-000869,2025-02-14,SUP-002,DIRECT-KPK,ING-003,220.84,220.84,220.84,on_time,0
DEL-000859,PO-000870,2025-02-18,SUP-002,DIRECT-KPK,ING-003,221.75,221.75,221.75,late,1
DEL-000860,PO-000871,2025-02-21,SUP-002,DIRECT-KPK,ING-003,194.61,194.61,194.61,on_time,0
DEL-000861,PO-000872,2025-02-23,SUP-002,DIRECT-KPK,ING-003,261.68,261.68,261.68,on_time,0
DEL-000862,PO-000873,2025-02-28,SUP-002,DIRECT-KPK,ING-003,164.26,164.26,164.26,on_time,0
DEL-000863,PO-000874,2025-03-07,SUP-002,DIRECT-KPK,ING-003,291.45,291.45,291.45,very_late,5
DEL-000864,PO-000875,2025-03-05,SUP-002,DIRECT-KPK,ING-003,269.28,269.28,269.28,on_time,0
DEL-000865,PO-000876,2025-03-07,SUP-002,DIRECT-KPK,ING-003,286.6,256.63,256.63,on_time,0
DEL-000866,PO-000877,2025-03-10,SUP-002,DIRECT-KPK,ING-003,318.2,318.2,318.2,on_time,0
DEL-000867,PO-000878,2025-03-13,SUP-002,DIRECT-KPK,ING-003,247.83,247.83,247.83,on_time,0
DEL-000868,PO-000879,2025-03-20,SUP-002,DIRECT-KPK,ING-003,366.92,366.92,366.92,very_late,4
DEL-000869,PO-000880,2025-03-19,SUP-002,DIRECT-KPK,ING-003,247.71,247.71,247.71,on_time,0
DEL-000870,PO-000881,2025-03-22,SUP-002,DIRECT-KPK,ING-003,304.54,304.54,304.54,on_time,0
DEL-000871,PO-000882,2025-03-25,SUP-002,DIRECT-KPK,ING-003,298.32,298.32,298.32,on_time,0
DEL-000872,PO-000883,2025-03-31,SUP-002,DIRECT-KPK,ING-003,291.61,291.61,291.61,very_late,3
DEL-000873,PO-000884,2025-03-31,SUP-002,DIRECT-KPK,ING-003,323.86,307.46,307.46,on_time,0
DEL-000874,PO-000885,2025-04-08,SUP-002,DIRECT-KPK,ING-003,233.83,233.83,233.83,very_late,5
DEL-000875,PO-000886,2025-04-06,SUP-002,DIRECT-KPK,ING-003,272.36,272.36,272.36,on_time,0
DEL-000876,PO-000887,2025-04-09,SUP-002,DIRECT-KPK,ING-003,174.41,174.41,174.41,on_time,0
DEL-000877,PO-000888,2025-04-12,SUP-002,DIRECT-KPK,ING-003,278.93,278.93,278.93,on_time,0
DEL-000878,PO-000889,2025-04-15,SUP-002,DIRECT-KPK,ING-003,227.07,227.07,227.07,on_time,0
DEL-000879,PO-000890,2025-04-18,SUP-002,DIRECT-KPK,ING-003,265.09,265.09,265.09,on_time,0
DEL-000880,PO-000891,2025-04-21,SUP-002,DIRECT-KPK,ING-003,257.96,257.96,257.96,on_time,0
DEL-000881,PO-000892,2025-04-24,SUP-002,DIRECT-KPK,ING-003,221.08,202.93,202.93,on_time,0
DEL-000882,PO-000893,2025-04-27,SUP-002,DIRECT-KPK,ING-003,327.04,327.04,327.04,on_time,0
DEL-000883,PO-000894,2025-05-02,SUP-002,DIRECT-KPK,ING-003,214.61,214.61,214.61,on_time,0
DEL-000884,PO-000895,2025-05-03,SUP-002,DIRECT-KPK,ING-003,278.2,278.2,278.2,on_time,0
DEL-000885,PO-000896,2025-05-06,SUP-002,DIRECT-KPK,ING-003,223.5,223.5,223.5,on_time,0
DEL-000886,PO-000897,2025-05-11,SUP-002,DIRECT-KPK,ING-003,252.02,252.02,252.02,late,2
DEL-000887,PO-000898,2025-05-12,SUP-002,DIRECT-KPK,ING-003,262.13,262.13,262.13,on_time,0
DEL-000888,PO-000899,2025-05-15,SUP-002,DIRECT-KPK,ING-003,224.7,224.7,224.7,on_time,0
DEL-000889,PO-000900,2025-05-18,SUP-002,DIRECT-KPK,ING-003,250.62,250.62,250.62,on_time,0
DEL-000890,PO-000901,2025-05-21,SUP-002,DIRECT-KPK,ING-003,171.9,171.9,171.9,on_time,0
DEL-000891,PO-000902,2025-05-26,SUP-002,DIRECT-KPK,ING-003,261.83,261.83,261.83,on_time,0
DEL-000892,PO-000903,2025-05-28,SUP-002,DIRECT-KPK,ING-003,192.27,192.27,192.27,late,1
DEL-000893,PO-000904,2025-05-30,SUP-002,DIRECT-KPK,ING-003,230.58,230.58,230.58,on_time,0
DEL-000894,PO-000905,2025-06-02,SUP-002,DIRECT-KPK,ING-003,248.44,248.44,248.44,on_time,0
DEL-000895,PO-000906,2025-06-05,SUP-002,DIRECT-KPK,ING-003,196.16,196.16,196.16,on_time,0
DEL-000896,PO-000907,2025-06-09,SUP-002,DIRECT-KPK,ING-003,262.38,262.38,262.38,late,1
DEL-000897,PO-000908,2025-06-11,SUP-002,DIRECT-KPK,ING-003,187.49,187.49,187.49,on_time,0
DEL-000898,PO-000909,2025-06-14,SUP-002,DIRECT-KPK,ING-003,265.91,265.91,265.91,on_time,0
DEL-000899,PO-000910,2025-06-17,SUP-002,DIRECT-KPK,ING-003,211.09,211.09,211.09,on_time,0
DEL-000900,PO-000911,2025-06-20,SUP-002,DIRECT-KPK,ING-003,209.09,209.09,209.09,on_time,0
DEL-000901,PO-000912,2025-06-23,SUP-002,DIRECT-KPK,ING-003,245.36,245.36,245.36,on_time,0
DEL-000902,PO-000913,2025-06-26,SUP-002,DIRECT-KPK,ING-003,218.17,218.17,218.17,on_time,0
DEL-000903,PO-000914,2025-06-29,SUP-002,DIRECT-KPK,ING-003,246.85,246.85,246.85,on_time,0
DEL-000904,PO-000915,2025-07-03,SUP-002,DIRECT-KPK,ING-003,60.45,60.45,60.45,late,1
DEL-000905,PO-000916,2025-01-03,SUP-001,DIRECT-KPK,ING-004,1093.61,1093.61,1093.61,on_time,0
DEL-000906,PO-000917,2025-01-10,SUP-001,DIRECT-KPK,ING-004,1032.81,1032.81,1032.81,late,2
DEL-000907,PO-000918,2025-01-11,SUP-001,DIRECT-KPK,ING-004,809.32,809.32,809.32,late,2
DEL-000908,PO-000919,2025-01-12,SUP-001,DIRECT-KPK,ING-004,1286.51,1286.51,1286.51,on_time,0
DEL-000909,PO-000920,2025-01-16,SUP-001,DIRECT-KPK,ING-004,748.97,748.97,748.97,late,1
DEL-000910,PO-000921,2025-01-18,SUP-001,DIRECT-KPK,ING-004,1164.69,1164.69,1164.69,on_time,0
DEL-000911,PO-000922,2025-01-21,SUP-001,DIRECT-KPK,ING-004,752.02,752.02,752.02,on_time,0
DEL-000912,PO-000923,2025-01-24,SUP-001,DIRECT-KPK,ING-004,1023.25,1023.25,1023.25,on_time,0
DEL-000913,PO-000924,2025-01-27,SUP-001,DIRECT-KPK,ING-004,1040.77,1040.77,1040.77,on_time,0
DEL-000914,PO-000925,2025-02-01,SUP-001,DIRECT-KPK,ING-004,721.79,721.79,721.79,late,2
DEL-000915,PO-000926,2025-02-02,SUP-001,DIRECT-KPK,ING-004,1302.81,1302.81,1302.81,on_time,0
DEL-000916,PO-000927,2025-02-05,SUP-001,DIRECT-KPK,ING-004,780.11,780.11,672.63,on_time,0
DEL-000917,PO-000928,2025-02-09,SUP-001,DIRECT-KPK,ING-004,1251.0,1251.0,1251.0,on_time,0
DEL-000918,PO-000929,2025-02-11,SUP-001,DIRECT-KPK,ING-004,780.42,780.42,780.42,on_time,0
DEL-000919,PO-000930,2025-02-14,SUP-001,DIRECT-KPK,ING-004,1054.45,1054.45,1054.45,on_time,0
DEL-000920,PO-000931,2025-02-17,SUP-001,DIRECT-KPK,ING-004,954.37,954.37,954.37,on_time,0
DEL-000921,PO-000932,2025-02-20,SUP-001,DIRECT-KPK,ING-004,794.99,794.99,794.99,on_time,0
DEL-000922,PO-000933,2025-02-23,SUP-001,DIRECT-KPK,ING-004,1328.35,1328.35,1328.35,on_time,0
DEL-000923,PO-000934,2025-02-26,SUP-001,DIRECT-KPK,ING-004,694.01,694.01,694.01,on_time,0
DEL-000924,PO-000935,2025-03-01,SUP-001,DIRECT-KPK,ING-004,1570.32,1570.32,1570.32,on_time,0
DEL-000925,PO-000936,2025-03-04,SUP-001,DIRECT-KPK,ING-004,1404.39,1404.39,1404.39,on_time,0
DEL-000926,PO-000937,2025-03-08,SUP-001,DIRECT-KPK,ING-004,1803.43,1803.43,1803.43,late,1
DEL-000927,PO-000938,2025-03-10,SUP-001,DIRECT-KPK,ING-004,2023.51,2023.51,2023.51,on_time,0
DEL-000928,PO-000939,2025-03-13,SUP-001,DIRECT-KPK,ING-004,1416.78,1416.78,1416.78,on_time,0
DEL-000929,PO-000940,2025-03-16,SUP-001,DIRECT-KPK,ING-004,2069.32,2069.32,2069.32,on_time,0
DEL-000930,PO-000941,2025-03-19,SUP-001,DIRECT-KPK,ING-004,1289.7,1289.7,1289.7,on_time,0
DEL-000931,PO-000942,2025-03-22,SUP-001,DIRECT-KPK,ING-004,2308.3,2308.3,2308.3,on_time,0
DEL-000932,PO-000943,2025-03-25,SUP-001,DIRECT-KPK,ING-004,1568.36,1568.36,1568.36,on_time,0
DEL-000933,PO-000944,2025-03-28,SUP-001,DIRECT-KPK,ING-004,1770.58,1770.58,1770.58,on_time,0
DEL-000934,PO-000945,2025-04-01,SUP-001,DIRECT-KPK,ING-004,1716.04,1716.04,1716.04,on_time,0
DEL-000935,PO-000946,2025-04-03,SUP-001,DIRECT-KPK,ING-004,1048.79,1048.79,1048.79,on_time,0
DEL-000936,PO-000947,2025-04-06,SUP-001,DIRECT-KPK,ING-004,1289.41,1289.41,1289.41,on_time,0
DEL-000937,PO-000948,2025-04-09,SUP-001,DIRECT-KPK,ING-004,729.86,729.86,729.86,on_time,0
DEL-000938,PO-000949,2025-04-13,SUP-001,DIRECT-KPK,ING-004,1313.8,1313.8,1313.8,on_time,0
DEL-000939,PO-000950,2025-04-18,SUP-001,DIRECT-KPK,ING-004,960.26,960.26,960.26,very_late,3
DEL-000940,PO-000951,2025-04-18,SUP-001,DIRECT-KPK,ING-004,1238.48,1238.48,1238.48,on_time,0
DEL-000941,PO-000952,2025-04-21,SUP-001,DIRECT-KPK,ING-004,1147.47,1147.47,1147.47,on_time,0
DEL-000942,PO-000953,2025-04-24,SUP-001,DIRECT-KPK,ING-004,873.86,795.27,795.27,on_time,0
DEL-000943,PO-000954,2025-04-27,SUP-001,DIRECT-KPK,ING-004,1524.78,1524.78,1524.78,on_time,0
DEL-000944,PO-000955,2025-04-30,SUP-001,DIRECT-KPK,ING-004,887.4,887.4,887.4,on_time,0
DEL-000945,PO-000956,2025-05-03,SUP-001,DIRECT-KPK,ING-004,1439.65,1439.65,1439.65,on_time,0
DEL-000946,PO-000957,2025-05-06,SUP-001,DIRECT-KPK,ING-004,822.71,822.71,822.71,on_time,0
DEL-000947,PO-000958,2025-05-09,SUP-001,DIRECT-KPK,ING-004,1072.42,1072.42,1072.42,on_time,0
DEL-000948,PO-000959,2025-05-12,SUP-001,DIRECT-KPK,ING-004,1151.66,1151.66,1151.66,on_time,0
DEL-000949,PO-000960,2025-05-18,SUP-001,DIRECT-KPK,ING-004,860.96,860.96,772.15,late,2
DEL-000950,PO-000961,2025-05-19,SUP-001,DIRECT-KPK,ING-004,1194.91,1119.46,1119.46,on_time,0
DEL-000951,PO-000962,2025-05-21,SUP-001,DIRECT-KPK,ING-004,691.99,691.99,691.99,on_time,0
DEL-000952,PO-000963,2025-05-25,SUP-001,DIRECT-KPK,ING-004,1324.06,1324.06,1324.06,late,1
DEL-000953,PO-000964,2025-05-27,SUP-001,DIRECT-KPK,ING-004,785.72,785.72,785.72,on_time,0
DEL-000954,PO-000965,2025-05-30,SUP-001,DIRECT-KPK,ING-004,1011.02,1011.02,1011.02,on_time,0
DEL-000955,PO-000966,2025-06-02,SUP-001,DIRECT-KPK,ING-004,1047.39,1047.39,1047.39,on_time,0
DEL-000956,PO-000967,2025-06-06,SUP-001,DIRECT-KPK,ING-004,752.09,752.09,752.09,on_time,0
DEL-000957,PO-000968,2025-06-08,SUP-001,DIRECT-KPK,ING-004,1244.59,1244.59,1244.59,on_time,0
DEL-000958,PO-000969,2025-06-11,SUP-001,DIRECT-KPK,ING-004,736.3,736.3,736.3,on_time,0
DEL-000959,PO-000970,2025-06-14,SUP-001,DIRECT-KPK,ING-004,1301.93,1301.93,1301.93,on_time,0
DEL-000960,PO-000971,2025-06-17,SUP-001,DIRECT-KPK,ING-004,800.86,800.86,800.86,on_time,0
DEL-000961,PO-000972,2025-06-20,SUP-001,DIRECT-KPK,ING-004,967.04,967.04,967.04,on_time,0
DEL-000962,PO-000973,2025-06-23,SUP-001,DIRECT-KPK,ING-004,1116.49,1057.55,1057.55,on_time,0
DEL-000963,PO-000974,2025-06-26,SUP-001,DIRECT-KPK,ING-004,827.72,827.72,827.72,on_time,0
DEL-000964,PO-000975,2025-06-29,SUP-001,DIRECT-KPK,ING-004,1394.77,1394.77,1394.77,on_time,0
DEL-000965,PO-000976,2025-07-02,SUP-001,DIRECT-KPK,ING-004,244.32,244.32,244.32,on_time,0
DEL-000966,PO-000977,2025-01-03,SUP-001,DIRECT-KPK,ING-005,894.78,894.78,894.78,on_time,0
DEL-000967,PO-000978,2025-01-08,SUP-001,DIRECT-KPK,ING-005,839.24,839.24,839.24,on_time,0
DEL-000968,PO-000979,2025-01-11,SUP-001,DIRECT-KPK,ING-005,690.45,690.45,690.45,late,2
DEL-000969,PO-000980,2025-01-12,SUP-001,DIRECT-KPK,ING-005,1057.67,1057.67,1057.67,on_time,0
DEL-000970,PO-000981,2025-01-15,SUP-001,DIRECT-KPK,ING-005,652.83,652.83,652.83,on_time,0
DEL-000971,PO-000982,2025-01-18,SUP-001,DIRECT-KPK,ING-005,1014.86,1014.86,1014.86,on_time,0
DEL-000972,PO-000983,2025-01-21,SUP-001,DIRECT-KPK,ING-005,665.31,665.31,665.31,on_time,0
DEL-000973,PO-000984,2025-01-24,SUP-001,DIRECT-KPK,ING-005,895.65,895.65,895.65,on_time,0
DEL-000974,PO-000985,2025-01-27,SUP-001,DIRECT-KPK,ING-005,924.94,873.11,873.11,on_time,0
DEL-000975,PO-000986,2025-01-31,SUP-001,DIRECT-KPK,ING-005,630.24,630.24,630.24,late,1
DEL-000976,PO-000987,2025-02-02,SUP-001,DIRECT-KPK,ING-005,1123.64,1016.85,1016.85,on_time,0
DEL-000977,PO-000988,2025-02-05,SUP-001,DIRECT-KPK,ING-005,674.77,674.77,674.77,on_time,0
DEL-000978,PO-000989,2025-02-08,SUP-001,DIRECT-KPK,ING-005,1116.55,1116.55,1116.55,on_time,0
DEL-000979,PO-000990,2025-02-11,SUP-001,DIRECT-KPK,ING-005,638.67,638.67,638.67,on_time,0
DEL-000980,PO-000991,2025-02-14,SUP-001,DIRECT-KPK,ING-005,926.45,926.45,926.45,on_time,0
DEL-000981,PO-000992,2025-02-19,SUP-001,DIRECT-KPK,ING-005,891.23,891.23,891.23,on_time,0
DEL-000982,PO-000993,2025-02-20,SUP-001,DIRECT-KPK,ING-005,700.75,700.75,700.75,on_time,0
DEL-000983,PO-000994,2025-02-23,SUP-001,DIRECT-KPK,ING-005,1065.65,1065.65,1065.65,on_time,0
DEL-000984,PO-000995,2025-02-26,SUP-001,DIRECT-KPK,ING-005,652.51,652.51,652.51,on_time,0
DEL-000985,PO-000996,2025-03-02,SUP-001,DIRECT-KPK,ING-005,1363.66,1363.66,1363.66,late,1
DEL-000986,PO-000997,2025-03-05,SUP-001,DIRECT-KPK,ING-005,1272.39,1272.39,1272.39,on_time,0
DEL-000987,PO-000998,2025-03-12,SUP-001,DIRECT-KPK,ING-005,1553.87,1553.87,1553.87,very_late,5
DEL-000988,PO-000999,2025-03-10,SUP-001,DIRECT-KPK,ING-005,1632.97,1632.97,1632.97,on_time,0
DEL-000989,PO-001000,2025-03-13,SUP-001,DIRECT-KPK,ING-005,1129.53,1129.53,1129.53,on_time,0
DEL-000990,PO-001001,2025-03-16,SUP-001,DIRECT-KPK,ING-005,2028.37,2028.37,2028.37,on_time,0
DEL-000991,PO-001002,2025-03-19,SUP-001,DIRECT-KPK,ING-005,1085.91,1085.91,1085.91,on_time,0
DEL-000992,PO-001003,2025-03-24,SUP-001,DIRECT-KPK,ING-005,1889.01,1889.01,1889.01,late,2
DEL-000993,PO-001004,2025-03-25,SUP-001,DIRECT-KPK,ING-005,1250.33,1137.07,1137.07,on_time,0
DEL-000994,PO-001005,2025-03-28,SUP-001,DIRECT-KPK,ING-005,1550.03,1550.03,1550.03,on_time,0
DEL-000995,PO-001006,2025-03-31,SUP-001,DIRECT-KPK,ING-005,1522.61,1522.61,1522.61,on_time,0
DEL-000996,PO-001007,2025-04-03,SUP-001,DIRECT-KPK,ING-005,851.09,851.09,802.78,on_time,0
DEL-000997,PO-001008,2025-04-06,SUP-001,DIRECT-KPK,ING-005,1181.24,1181.24,1181.24,on_time,0
DEL-000998,PO-001009,2025-04-13,SUP-001,DIRECT-KPK,ING-005,647.75,647.75,647.75,very_late,4
DEL-000999,PO-001010,2025-04-12,SUP-001,DIRECT-KPK,ING-005,1183.01,1183.01,1183.01,on_time,0
DEL-001000,PO-001011,2025-04-18,SUP-001,DIRECT-KPK,ING-005,805.46,805.46,805.46,late,1
DEL-001001,PO-001012,2025-04-18,SUP-001,DIRECT-KPK,ING-005,1017.61,1017.61,1017.61,on_time,0
DEL-001002,PO-001013,2025-04-26,SUP-001,DIRECT-KPK,ING-005,1016.49,1016.49,1016.49,very_late,5
DEL-001003,PO-001014,2025-04-24,SUP-001,DIRECT-KPK,ING-005,752.68,752.68,752.68,on_time,0
DEL-001004,PO-001015,2025-05-01,SUP-001,DIRECT-KPK,ING-005,1337.15,1233.81,1233.81,late,2
DEL-001005,PO-001016,2025-04-30,SUP-001,DIRECT-KPK,ING-005,732.01,732.01,732.01,on_time,0
DEL-001006,PO-001017,2025-05-03,SUP-001,DIRECT-KPK,ING-005,1384.1,1384.1,1384.1,on_time,0
DEL-001007,PO-001018,2025-05-06,SUP-001,DIRECT-KPK,ING-005,721.01,721.01,721.01,on_time,0
DEL-001008,PO-001019,2025-05-12,SUP-001,DIRECT-KPK,ING-005,997.92,997.92,997.92,very_late,3
DEL-001009,PO-001020,2025-05-12,SUP-001,DIRECT-KPK,ING-005,1053.09,1053.09,1053.09,on_time,0
DEL-001010,PO-001021,2025-05-15,SUP-001,DIRECT-KPK,ING-005,704.53,704.53,704.53,on_time,0
DEL-001011,PO-001022,2025-05-18,SUP-001,DIRECT-KPK,ING-005,1104.59,1104.59,1104.59,on_time,0
DEL-001012,PO-001023,2025-05-21,SUP-001,DIRECT-KPK,ING-005,640.94,640.94,640.94,on_time,0
DEL-001013,PO-001024,2025-05-25,SUP-001,DIRECT-KPK,ING-005,1079.63,1079.63,1079.63,on_time,0
DEL-001014,PO-001025,2025-05-27,SUP-001,DIRECT-KPK,ING-005,704.27,704.27,704.27,on_time,0
DEL-001015,PO-001026,2025-05-30,SUP-001,DIRECT-KPK,ING-005,880.11,880.11,880.11,on_time,0
DEL-001016,PO-001027,2025-06-02,SUP-001,DIRECT-KPK,ING-005,999.72,999.72,999.72,on_time,0
DEL-001017,PO-001028,2025-06-05,SUP-001,DIRECT-KPK,ING-005,657.3,657.3,657.3,on_time,0
DEL-001018,PO-001029,2025-06-08,SUP-001,DIRECT-KPK,ING-005,1167.81,1167.81,1167.81,on_time,0
DEL-001019,PO-001030,2025-06-11,SUP-001,DIRECT-KPK,ING-005,597.94,597.94,597.94,on_time,0
DEL-001020,PO-001031,2025-06-14,SUP-001,DIRECT-KPK,ING-005,1060.46,1060.46,1060.46,on_time,0
DEL-001021,PO-001032,2025-06-17,SUP-001,DIRECT-KPK,ING-005,707.63,707.63,707.63,on_time,0
DEL-001022,PO-001033,2025-06-21,SUP-001,DIRECT-KPK,ING-005,838.92,838.92,838.92,late,1
DEL-001023,PO-001034,2025-06-23,SUP-001,DIRECT-KPK,ING-005,958.46,958.46,958.46,on_time,0
DEL-001024,PO-001035,2025-06-26,SUP-001,DIRECT-KPK,ING-005,656.61,656.61,656.61,on_time,0
DEL-001025,PO-001036,2025-06-29,SUP-001,DIRECT-KPK,ING-005,1197.32,1197.32,1197.32,on_time,0
DEL-001026,PO-001037,2025-07-02,SUP-001,DIRECT-KPK,ING-005,211.9,211.9,211.9,on_time,0
DEL-001027,PO-001038,2025-01-03,SUP-001,DIRECT-KPK,ING-006,326.7,326.7,326.7,on_time,0
DEL-001028,PO-001039,2025-01-07,SUP-001,DIRECT-KPK,ING-006,293.87,293.87,293.87,late,1
DEL-001029,PO-001040,2025-01-10,SUP-001,DIRECT-KPK,ING-006,249.39,249.39,249.39,on_time,0
DEL-001030,PO-001041,2025-01-12,SUP-001,DIRECT-KPK,ING-006,396.6,396.6,396.6,on_time,0
DEL-001031,PO-001042,2025-01-15,SUP-001,DIRECT-KPK,ING-006,242.54,208.15,208.15,on_time,0
DEL-001032,PO-001043,2025-01-19,SUP-001,DIRECT-KPK,ING-006,380.99,380.99,380.99,late,1
DEL-001033,PO-001044,2025-01-21,SUP-001,DIRECT-KPK,ING-006,277.12,277.12,277.12,on_time,0
DEL-001034,PO-001045,2025-01-25,SUP-001,DIRECT-KPK,ING-006,321.13,321.13,321.13,late,1
DEL-001035,PO-001046,2025-01-27,SUP-001,DIRECT-KPK,ING-006,294.84,294.84,294.84,on_time,0
DEL-001036,PO-001047,2025-01-30,SUP-001,DIRECT-KPK,ING-006,246.36,246.36,246.36,on_time,0
DEL-001037,PO-001048,2025-02-04,SUP-001,DIRECT-KPK,ING-006,380.58,380.58,380.58,late,2
DEL-001038,PO-001049,2025-02-05,SUP-001,DIRECT-KPK,ING-006,246.14,246.14,246.14,on_time,0
DEL-001039,PO-001050,2025-02-09,SUP-001,DIRECT-KPK,ING-006,369.56,369.56,369.56,on_time,0
DEL-001040,PO-001051,2025-02-14,SUP-001,DIRECT-KPK,ING-006,244.28,244.28,244.28,very_late,3
DEL-001041,PO-001052,2025-02-14,SUP-001,DIRECT-KPK,ING-006,317.71,317.71,317.71,on_time,0
DEL-001042,PO-001053,2025-02-17,SUP-001,DIRECT-KPK,ING-006,309.92,309.92,309.92,on_time,0
DEL-001043,PO-001054,2025-02-22,SUP-001,DIRECT-KPK,ING-006,268.28,268.28,268.28,on_time,0
DEL-001044,PO-001055,2025-02-23,SUP-001,DIRECT-KPK,ING-006,413.04,413.04,413.04,on_time,0
DEL-001045,PO-001056,2025-02-26,SUP-001,DIRECT-KPK,ING-006,232.79,232.79,232.79,on_time,0
DEL-001046,PO-001057,2025-03-01,SUP-001,DIRECT-KPK,ING-006,473.54,473.54,473.54,on_time,0
DEL-001047,PO-001058,2025-03-06,SUP-001,DIRECT-KPK,ING-006,414.76,414.76,414.76,on_time,0
DEL-001048,PO-001059,2025-03-07,SUP-001,DIRECT-KPK,ING-006,509.78,509.78,509.78,on_time,0
DEL-001049,PO-001060,2025-03-12,SUP-001,DIRECT-KPK,ING-006,508.59,508.59,508.59,late,2
DEL-001050,PO-001061,2025-03-17,SUP-001,DIRECT-KPK,ING-006,401.85,401.85,401.85,late,2
DEL-001051,PO-001062,2025-03-17,SUP-001,DIRECT-KPK,ING-006,569.69,569.69,569.69,on_time,0
DEL-001052,PO-001063,2025-03-19,SUP-001,DIRECT-KPK,ING-006,356.07,356.07,356.07,on_time,0
DEL-001053,PO-001064,2025-03-22,SUP-001,DIRECT-KPK,ING-006,591.67,591.67,591.67,on_time,0
DEL-001054,PO-001065,2025-03-25,SUP-001,DIRECT-KPK,ING-006,477.9,477.9,477.9,on_time,0
DEL-001055,PO-001066,2025-03-28,SUP-001,DIRECT-KPK,ING-006,493.76,456.91,456.91,on_time,0
DEL-001056,PO-001067,2025-03-31,SUP-001,DIRECT-KPK,ING-006,554.14,554.14,554.14,on_time,0
DEL-001057,PO-001068,2025-04-04,SUP-001,DIRECT-KPK,ING-006,338.48,338.48,338.48,on_time,0
DEL-001058,PO-001069,2025-04-10,SUP-001,DIRECT-KPK,ING-006,398.18,398.18,398.18,very_late,4
DEL-001059,PO-001070,2025-04-09,SUP-001,DIRECT-KPK,ING-006,261.35,261.35,261.35,on_time,0
DEL-001060,PO-001071,2025-04-12,SUP-001,DIRECT-KPK,ING-006,406.48,406.48,406.48,on_time,0
DEL-001061,PO-001072,2025-04-15,SUP-001,DIRECT-KPK,ING-006,292.35,292.35,292.35,on_time,0
DEL-001062,PO-001073,2025-04-18,SUP-001,DIRECT-KPK,ING-006,384.58,384.58,384.58,on_time,0
DEL-001063,PO-001074,2025-04-22,SUP-001,DIRECT-KPK,ING-006,406.34,406.34,406.34,late,1
DEL-001064,PO-001075,2025-04-24,SUP-001,DIRECT-KPK,ING-006,282.81,282.81,282.81,on_time,0
DEL-001065,PO-001076,2025-04-27,SUP-001,DIRECT-KPK,ING-006,455.03,455.03,455.03,on_time,0
DEL-001066,PO-001077,2025-04-30,SUP-001,DIRECT-KPK,ING-006,305.93,305.93,305.93,on_time,0
DEL-001067,PO-001078,2025-05-04,SUP-001,DIRECT-KPK,ING-006,448.4,448.4,448.4,on_time,0
DEL-001068,PO-001079,2025-05-06,SUP-001,DIRECT-KPK,ING-006,291.72,291.72,291.72,on_time,0
DEL-001069,PO-001080,2025-05-10,SUP-001,DIRECT-KPK,ING-006,345.61,345.61,345.61,late,1
DEL-001070,PO-001081,2025-05-12,SUP-001,DIRECT-KPK,ING-006,346.93,346.93,346.93,on_time,0
DEL-001071,PO-001082,2025-05-15,SUP-001,DIRECT-KPK,ING-006,293.56,293.56,293.56,on_time,0
DEL-001072,PO-001083,2025-05-19,SUP-001,DIRECT-KPK,ING-006,371.71,371.71,371.71,on_time,0
DEL-001073,PO-001084,2025-05-23,SUP-001,DIRECT-KPK,ING-006,220.6,220.6,220.6,on_time,0
DEL-001074,PO-001085,2025-05-24,SUP-001,DIRECT-KPK,ING-006,373.74,373.74,373.74,on_time,0
DEL-001075,PO-001086,2025-05-27,SUP-001,DIRECT-KPK,ING-006,278.88,278.88,278.88,on_time,0
DEL-001076,PO-001087,2025-06-01,SUP-001,DIRECT-KPK,ING-006,298.82,298.82,298.82,late,2
DEL-001077,PO-001088,2025-06-02,SUP-001,DIRECT-KPK,ING-006,344.4,344.4,344.4,on_time,0
DEL-001078,PO-001089,2025-06-05,SUP-001,DIRECT-KPK,ING-006,259.43,259.43,259.43,on_time,0
DEL-001079,PO-001090,2025-06-08,SUP-001,DIRECT-KPK,ING-006,409.97,409.97,409.97,on_time,0
DEL-001080,PO-001091,2025-06-12,SUP-001,DIRECT-KPK,ING-006,230.03,230.03,230.03,late,1
DEL-001081,PO-001092,2025-06-14,SUP-001,DIRECT-KPK,ING-006,367.48,367.48,367.48,on_time,0
DEL-001082,PO-001093,2025-06-17,SUP-001,DIRECT-KPK,ING-006,277.44,277.44,277.44,on_time,0
DEL-001083,PO-001094,2025-06-23,SUP-001,DIRECT-KPK,ING-006,309.78,309.78,309.78,late,2
DEL-001084,PO-001095,2025-06-23,SUP-001,DIRECT-KPK,ING-006,329.05,329.05,329.05,on_time,0
DEL-001085,PO-001096,2025-06-26,SUP-001,DIRECT-KPK,ING-006,277.28,277.28,277.28,on_time,0
DEL-001086,PO-001097,2025-06-29,SUP-001,DIRECT-KPK,ING-006,396.64,396.64,396.64,on_time,0
DEL-001087,PO-001098,2025-07-02,SUP-001,DIRECT-KPK,ING-006,85.94,85.94,85.94,on_time,0
DEL-001088,PO-001099,2025-01-05,SUP-001,DIRECT-Punjab,ING-001,5055.59,5055.59,5055.59,on_time,0
DEL-001089,PO-001100,2025-01-08,SUP-001,DIRECT-Punjab,ING-001,3857.74,3857.74,3857.74,on_time,0
DEL-001090,PO-001101,2025-01-09,SUP-001,DIRECT-Punjab,ING-001,4082.15,4082.15,4082.15,on_time,0
DEL-001091,PO-001102,2025-01-12,SUP-001,DIRECT-Punjab,ING-001,4609.48,4609.48,4609.48,on_time,0
DEL-001092,PO-001103,2025-01-17,SUP-001,DIRECT-Punjab,ING-001,3930.79,3930.79,3930.79,on_time,0
DEL-001093,PO-001104,2025-01-18,SUP-001,DIRECT-Punjab,ING-001,4555.07,4555.07,4555.07,on_time,0
DEL-001094,PO-001105,2025-01-21,SUP-001,DIRECT-Punjab,ING-001,3273.68,3273.68,3273.68,on_time,0
DEL-001095,PO-001106,2025-01-24,SUP-001,DIRECT-Punjab,ING-001,4413.94,4413.94,4413.94,on_time,0
DEL-001096,PO-001107,2025-01-28,SUP-001,DIRECT-Punjab,ING-001,4218.05,4218.05,4218.05,late,1
DEL-001097,PO-001108,2025-01-30,SUP-001,DIRECT-Punjab,ING-001,3995.8,3995.8,3995.8,on_time,0
DEL-001098,PO-001109,2025-02-04,SUP-001,DIRECT-Punjab,ING-001,4921.54,4921.54,4921.54,on_time,0
DEL-001099,PO-001110,2025-02-07,SUP-001,DIRECT-Punjab,ING-001,3894.76,3894.76,3894.76,late,2
DEL-001100,PO-001111,2025-02-08,SUP-001,DIRECT-Punjab,ING-001,4313.62,4313.62,4313.62,on_time,0
DEL-001101,PO-001112,2025-02-11,SUP-001,DIRECT-Punjab,ING-001,3407.31,3407.31,3407.31,on_time,0
DEL-001102,PO-001113,2025-02-14,SUP-001,DIRECT-Punjab,ING-001,4853.01,4853.01,4853.01,on_time,0
DEL-001103,PO-001114,2025-02-19,SUP-001,DIRECT-Punjab,ING-001,4149.64,4149.64,4149.64,late,2
DEL-001104,PO-001115,2025-02-20,SUP-001,DIRECT-Punjab,ING-001,3790.53,3790.53,3790.53,on_time,0
DEL-001105,PO-001116,2025-02-23,SUP-001,DIRECT-Punjab,ING-001,4414.03,4414.03,4414.03,on_time,0
DEL-001106,PO-001117,2025-02-27,SUP-001,DIRECT-Punjab,ING-001,3957.79,3957.79,3957.79,on_time,0
DEL-001107,PO-001118,2025-03-01,SUP-001,DIRECT-Punjab,ING-001,4876.04,4876.04,4876.04,on_time,0
DEL-001108,PO-001119,2025-03-04,SUP-001,DIRECT-Punjab,ING-001,4530.74,4530.74,4530.74,on_time,0
DEL-001109,PO-001120,2025-03-07,SUP-001,DIRECT-Punjab,ING-001,6586.06,6586.06,6586.06,on_time,0
DEL-001110,PO-001121,2025-03-10,SUP-001,DIRECT-Punjab,ING-001,5171.34,5171.34,5171.34,on_time,0
DEL-001111,PO-001122,2025-03-13,SUP-001,DIRECT-Punjab,ING-001,5320.56,5320.56,5320.56,on_time,0
DEL-001112,PO-001123,2025-03-20,SUP-001,DIRECT-Punjab,ING-001,6347.67,6347.67,6347.67,very_late,4
DEL-001113,PO-001124,2025-03-19,SUP-001,DIRECT-Punjab,ING-001,5458.16,5458.16,5458.16,on_time,0
DEL-001114,PO-001125,2025-03-22,SUP-001,DIRECT-Punjab,ING-001,5793.71,5793.71,5793.71,on_time,0
DEL-001115,PO-001126,2025-03-25,SUP-001,DIRECT-Punjab,ING-001,5053.62,5053.62,5053.62,on_time,0
DEL-001116,PO-001127,2025-03-28,SUP-001,DIRECT-Punjab,ING-001,6230.81,5343.57,5343.57,on_time,0
DEL-001117,PO-001128,2025-04-05,SUP-001,DIRECT-Punjab,ING-001,5783.02,5783.02,5783.02,very_late,5
DEL-001118,PO-001129,2025-04-03,SUP-001,DIRECT-Punjab,ING-001,5689.03,5689.03,5689.03,on_time,0
DEL-001119,PO-001130,2025-04-06,SUP-001,DIRECT-Punjab,ING-001,4647.24,4647.24,4647.24,on_time,0
DEL-001120,PO-001131,2025-04-09,SUP-001,DIRECT-Punjab,ING-001,3901.69,3901.69,3901.69,on_time,0
DEL-001121,PO-001132,2025-04-15,SUP-001,DIRECT-Punjab,ING-001,4906.83,4906.83,4906.83,late,2
DEL-001122,PO-001133,2025-04-15,SUP-001,DIRECT-Punjab,ING-001,3876.64,3876.64,3876.64,on_time,0
DEL-001123,PO-001134,2025-04-19,SUP-001,DIRECT-Punjab,ING-001,5211.22,5211.22,5211.22,on_time,0
DEL-001124,PO-001135,2025-04-24,SUP-001,DIRECT-Punjab,ING-001,4972.36,4972.36,4972.36,very_late,3
DEL-001125,PO-001136,2025-04-24,SUP-001,DIRECT-Punjab,ING-001,4740.24,4740.24,4740.24,on_time,0
DEL-001126,PO-001137,2025-04-27,SUP-001,DIRECT-Punjab,ING-001,5040.82,5040.82,5040.82,on_time,0
DEL-001127,PO-001138,2025-05-02,SUP-001,DIRECT-Punjab,ING-001,4617.54,4163.69,4163.69,on_time,0
DEL-001128,PO-001139,2025-05-03,SUP-001,DIRECT-Punjab,ING-001,5296.26,5296.26,5296.26,on_time,0
DEL-001129,PO-001140,2025-05-06,SUP-001,DIRECT-Punjab,ING-001,3784.92,3784.92,3784.92,on_time,0
DEL-001130,PO-001141,2025-05-09,SUP-001,DIRECT-Punjab,ING-001,5130.44,5130.44,5130.44,on_time,0
DEL-001131,PO-001142,2025-05-12,SUP-001,DIRECT-Punjab,ING-001,4486.05,4486.05,4486.05,on_time,0
DEL-001132,PO-001143,2025-05-15,SUP-001,DIRECT-Punjab,ING-001,4169.86,3933.95,3933.95,on_time,0
DEL-001133,PO-001145,2025-05-22,SUP-001,DIRECT-Punjab,ING-001,3562.09,3562.09,3562.09,on_time,0
DEL-001134,PO-001146,2025-05-24,SUP-001,DIRECT-Punjab,ING-001,4444.61,4444.61,4444.61,on_time,0
DEL-001135,PO-001147,2025-05-27,SUP-001,DIRECT-Punjab,ING-001,3398.58,3398.58,3398.58,on_time,0
DEL-001136,PO-001148,2025-05-30,SUP-001,DIRECT-Punjab,ING-001,4860.02,4860.02,4860.02,on_time,0
DEL-001137,PO-001149,2025-06-02,SUP-001,DIRECT-Punjab,ING-001,3981.58,3981.58,3981.58,on_time,0
DEL-001138,PO-001150,2025-06-07,SUP-001,DIRECT-Punjab,ING-001,3759.29,3491.82,3491.82,on_time,0
DEL-001139,PO-001151,2025-06-08,SUP-001,DIRECT-Punjab,ING-001,5043.23,5043.23,5043.23,on_time,0
DEL-001140,PO-001152,2025-06-13,SUP-001,DIRECT-Punjab,ING-001,3912.84,3362.9,3362.9,late,2
DEL-001141,PO-001153,2025-06-16,SUP-001,DIRECT-Punjab,ING-001,4684.64,4684.64,4684.64,late,2
DEL-001142,PO-001154,2025-06-17,SUP-001,DIRECT-Punjab,ING-001,3520.76,3520.76,3520.76,on_time,0
DEL-001143,PO-001155,2025-06-20,SUP-001,DIRECT-Punjab,ING-001,4339.7,4339.7,4339.7,on_time,0
DEL-001144,PO-001156,2025-06-23,SUP-001,DIRECT-Punjab,ING-001,4168.98,4168.98,4168.98,on_time,0
DEL-001145,PO-001157,2025-06-26,SUP-001,DIRECT-Punjab,ING-001,4304.59,4304.59,4304.59,on_time,0
DEL-001146,PO-001158,2025-07-01,SUP-001,DIRECT-Punjab,ING-001,4686.16,4686.16,4686.16,late,2
DEL-001147,PO-001159,2025-07-02,SUP-001,DIRECT-Punjab,ING-001,1104.5,1005.7,1005.7,on_time,0
DEL-001148,PO-001160,2025-01-03,SUP-001,DIRECT-Punjab,ING-002,6209.94,6209.94,6209.94,on_time,0
DEL-001149,PO-001161,2025-01-06,SUP-001,DIRECT-Punjab,ING-002,5987.52,5987.52,5987.52,on_time,0
DEL-001150,PO-001162,2025-01-09,SUP-001,DIRECT-Punjab,ING-002,4609.45,4609.45,4609.45,on_time,0
DEL-001151,PO-001163,2025-01-12,SUP-001,DIRECT-Punjab,ING-002,7383.25,7383.25,7383.25,on_time,0
DEL-001152,PO-001164,2025-01-15,SUP-001,DIRECT-Punjab,ING-002,4502.11,4502.11,4502.11,on_time,0
DEL-001153,PO-001165,2025-01-18,SUP-001,DIRECT-Punjab,ING-002,7611.97,7611.97,7611.97,on_time,0
DEL-001154,PO-001166,2025-01-21,SUP-001,DIRECT-Punjab,ING-002,4636.15,4636.15,4636.15,on_time,0
DEL-001155,PO-001167,2025-01-24,SUP-001,DIRECT-Punjab,ING-002,6080.67,6080.67,6080.67,on_time,0
DEL-001156,PO-001168,2025-01-28,SUP-001,DIRECT-Punjab,ING-002,6298.43,6298.43,6298.43,late,1
DEL-001157,PO-001169,2025-01-30,SUP-001,DIRECT-Punjab,ING-002,5035.38,5035.38,5035.38,on_time,0
DEL-001158,PO-001170,2025-02-04,SUP-001,DIRECT-Punjab,ING-002,7932.31,7932.31,7932.31,late,2
DEL-001159,PO-001171,2025-02-05,SUP-001,DIRECT-Punjab,ING-002,4948.59,4948.59,4948.59,on_time,0
DEL-001160,PO-001172,2025-02-08,SUP-001,DIRECT-Punjab,ING-002,7807.53,7807.53,7807.53,on_time,0
DEL-001161,PO-001173,2025-02-13,SUP-001,DIRECT-Punjab,ING-002,4931.78,4931.78,4931.78,late,2
DEL-001162,PO-001174,2025-02-15,SUP-001,DIRECT-Punjab,ING-002,5931.39,5597.32,5597.32,on_time,0
DEL-001163,PO-001175,2025-02-20,SUP-001,DIRECT-Punjab,ING-002,6517.99,6517.99,6517.99,late,2
DEL-001164,PO-001176,2025-02-22,SUP-001,DIRECT-Punjab,ING-002,5088.59,4351.29,4351.29,late,2
DEL-001165,PO-001177,2025-02-24,SUP-001,DIRECT-Punjab,ING-002,7669.72,7161.9,7161.9,on_time,0
DEL-001166,PO-001178,2025-02-26,SUP-001,DIRECT-Punjab,ING-002,4583.48,4583.48,4583.48,on_time,0
DEL-001167,PO-001179,2025-03-01,SUP-001,DIRECT-Punjab,ING-002,9085.04,9085.04,9085.04,on_time,0
DEL-001168,PO-001180,2025-03-04,SUP-001,DIRECT-Punjab,ING-002,8674.43,8674.43,8674.43,on_time,0
DEL-001169,PO-001181,2025-03-07,SUP-001,DIRECT-Punjab,ING-002,10255.07,10255.07,10255.07,on_time,0
DEL-001170,PO-001182,2025-03-10,SUP-001,DIRECT-Punjab,ING-002,10854.01,10854.01,10854.01,on_time,0
DEL-001171,PO-001183,2025-03-16,SUP-001,DIRECT-Punjab,ING-002,7745.57,7745.57,7745.57,very_late,3
DEL-001172,PO-001185,2025-03-19,SUP-001,DIRECT-Punjab,ING-002,7700.38,7700.38,7700.38,on_time,0
DEL-001173,PO-001186,2025-03-22,SUP-001,DIRECT-Punjab,ING-002,12804.44,11087.68,11087.68,on_time,0
DEL-001174,PO-001187,2025-03-25,SUP-001,DIRECT-Punjab,ING-002,9382.47,9382.47,9382.47,on_time,0
DEL-001175,PO-001188,2025-03-28,SUP-001,DIRECT-Punjab,ING-002,10784.86,10784.86,10784.86,on_time,0
DEL-001176,PO-001189,2025-03-31,SUP-001,DIRECT-Punjab,ING-002,10693.54,9261.38,9261.38,on_time,0
DEL-001177,PO-001190,2025-04-06,SUP-001,DIRECT-Punjab,ING-002,6753.02,6753.02,6753.02,very_late,3
DEL-001178,PO-001191,2025-04-09,SUP-001,DIRECT-Punjab,ING-002,7606.33,7606.33,7606.33,late,2
DEL-001179,PO-001192,2025-04-10,SUP-001,DIRECT-Punjab,ING-002,4538.59,4538.59,4538.59,late,1
DEL-001180,PO-001193,2025-04-12,SUP-001,DIRECT-Punjab,ING-002,8873.03,8873.03,8873.03,on_time,0
DEL-001181,PO-001194,2025-04-15,SUP-001,DIRECT-Punjab,ING-002,5660.72,5660.72,5660.72,on_time,0
DEL-001182,PO-001195,2025-04-18,SUP-001,DIRECT-Punjab,ING-002,6853.47,6242.07,6242.07,on_time,0
DEL-001183,PO-001196,2025-04-21,SUP-001,DIRECT-Punjab,ING-002,6998.83,6998.83,6998.83,on_time,0
DEL-001184,PO-001197,2025-04-29,SUP-001,DIRECT-Punjab,ING-002,5422.43,5422.43,5422.43,very_late,4
DEL-001185,PO-001198,2025-05-01,SUP-001,DIRECT-Punjab,ING-002,8722.24,8722.24,8722.24,very_late,4
DEL-001186,PO-001199,2025-04-30,SUP-001,DIRECT-Punjab,ING-002,5180.09,5180.09,5180.09,on_time,0
DEL-001187,PO-001200,2025-05-03,SUP-001,DIRECT-Punjab,ING-002,8844.7,8844.7,8844.7,on_time,0
DEL-001188,PO-001201,2025-05-06,SUP-001,DIRECT-Punjab,ING-002,5632.06,5632.06,5632.06,on_time,0
DEL-001189,PO-001202,2025-05-09,SUP-001,DIRECT-Punjab,ING-002,6943.01,6943.01,6943.01,on_time,0
DEL-001190,PO-001203,2025-05-13,SUP-001,DIRECT-Punjab,ING-002,7058.13,7058.13,7058.13,on_time,0
DEL-001191,PO-001204,2025-05-15,SUP-001,DIRECT-Punjab,ING-002,5131.02,5131.02,5131.02,on_time,0
DEL-001192,PO-001205,2025-05-18,SUP-001,DIRECT-Punjab,ING-002,7757.54,7757.54,7757.54,on_time,0
DEL-001193,PO-001206,2025-05-22,SUP-001,DIRECT-Punjab,ING-002,4264.76,4264.76,4264.76,on_time,0
DEL-001194,PO-001207,2025-05-24,SUP-001,DIRECT-Punjab,ING-002,6982.19,6982.19,6982.19,on_time,0
DEL-001195,PO-001208,2025-05-27,SUP-001,DIRECT-Punjab,ING-002,5166.75,5166.75,5166.75,on_time,0
DEL-001196,PO-001209,2025-06-01,SUP-001,DIRECT-Punjab,ING-002,5991.87,5991.87,5991.87,late,2
DEL-001197,PO-001210,2025-06-02,SUP-001,DIRECT-Punjab,ING-002,6619.05,6619.05,6619.05,on_time,0
DEL-001198,PO-001211,2025-06-08,SUP-001,DIRECT-Punjab,ING-002,4713.76,4713.76,4713.76,late,2
DEL-001199,PO-001212,2025-06-13,SUP-001,DIRECT-Punjab,ING-002,8055.99,8055.99,8055.99,very_late,5
DEL-001200,PO-001214,2025-06-15,SUP-001,DIRECT-Punjab,ING-002,7027.47,7027.47,7027.47,late,1
DEL-001201,PO-001215,2025-06-17,SUP-001,DIRECT-Punjab,ING-002,4731.92,4731.92,4731.92,on_time,0
DEL-001202,PO-001216,2025-06-21,SUP-001,DIRECT-Punjab,ING-002,5925.45,5925.45,5925.45,on_time,0
DEL-001203,PO-001217,2025-06-23,SUP-001,DIRECT-Punjab,ING-002,6240.34,6240.34,6240.34,on_time,0
DEL-001204,PO-001218,2025-06-26,SUP-001,DIRECT-Punjab,ING-002,4572.87,4572.87,4572.87,on_time,0
DEL-001205,PO-001219,2025-06-29,SUP-001,DIRECT-Punjab,ING-002,7897.26,7897.26,7897.26,on_time,0
DEL-001206,PO-001220,2025-07-02,SUP-001,DIRECT-Punjab,ING-002,1469.79,1469.79,1469.79,on_time,0
DEL-001207,PO-001221,2025-01-03,SUP-002,DIRECT-Punjab,ING-003,2016.47,2016.47,2016.47,on_time,0
DEL-001208,PO-001222,2025-01-08,SUP-002,DIRECT-Punjab,ING-003,1940.12,1940.12,1940.12,late,2
DEL-001209,PO-001223,2025-01-09,SUP-002,DIRECT-Punjab,ING-003,1707.22,1707.22,1707.22,on_time,0
DEL-001210,PO-001224,2025-01-12,SUP-002,DIRECT-Punjab,ING-003,2377.21,2377.21,2377.21,on_time,0
DEL-001211,PO-001225,2025-01-15,SUP-002,DIRECT-Punjab,ING-003,1476.36,1476.36,1476.36,on_time,0
DEL-001212,PO-001226,2025-01-20,SUP-002,DIRECT-Punjab,ING-003,2201.72,2201.72,2201.72,late,2
DEL-001213,PO-001227,2025-01-21,SUP-002,DIRECT-Punjab,ING-003,1716.9,1716.9,1716.9,on_time,0
DEL-001214,PO-001228,2025-01-24,SUP-002,DIRECT-Punjab,ING-003,1997.58,1997.58,1997.58,on_time,0
DEL-001215,PO-001229,2025-01-27,SUP-002,DIRECT-Punjab,ING-003,2042.09,2042.09,2042.09,on_time,0
DEL-001216,PO-001230,2025-01-30,SUP-002,DIRECT-Punjab,ING-003,1783.08,1661.71,1661.71,on_time,0
DEL-001217,PO-001231,2025-02-02,SUP-002,DIRECT-Punjab,ING-003,2260.0,2260.0,2260.0,on_time,0
DEL-001218,PO-001232,2025-02-06,SUP-002,DIRECT-Punjab,ING-003,1653.02,1653.02,1653.02,on_time,0
DEL-001219,PO-001233,2025-02-08,SUP-002,DIRECT-Punjab,ING-003,2137.43,2137.43,2137.43,on_time,0
DEL-001220,PO-001234,2025-02-12,SUP-002,DIRECT-Punjab,ING-003,1708.34,1708.34,1708.34,on_time,0
DEL-001221,PO-001235,2025-02-14,SUP-002,DIRECT-Punjab,ING-003,1866.25,1866.25,1866.25,on_time,0
DEL-001222,PO-001236,2025-02-17,SUP-002,DIRECT-Punjab,ING-003,2150.79,2150.79,2150.79,on_time,0
DEL-001223,PO-001237,2025-02-25,SUP-002,DIRECT-Punjab,ING-003,1684.03,1684.03,1684.03,very_late,5
DEL-001224,PO-001238,2025-02-24,SUP-002,DIRECT-Punjab,ING-003,2475.38,2475.38,2475.38,on_time,0
DEL-001225,PO-001239,2025-02-26,SUP-002,DIRECT-Punjab,ING-003,1601.99,1519.02,1519.02,on_time,0
DEL-001226,PO-001240,2025-03-01,SUP-002,DIRECT-Punjab,ING-003,2540.14,2540.14,2540.14,on_time,0
DEL-001227,PO-001241,2025-03-04,SUP-002,DIRECT-Punjab,ING-003,2419.58,2419.58,2419.58,on_time,0
DEL-001228,PO-001242,2025-03-07,SUP-002,DIRECT-Punjab,ING-003,2676.14,2676.14,2676.14,on_time,0
DEL-001229,PO-001243,2025-03-14,SUP-002,DIRECT-Punjab,ING-003,2589.46,2589.46,2589.46,very_late,3
DEL-001230,PO-001244,2025-03-13,SUP-002,DIRECT-Punjab,ING-003,2271.9,2271.9,2271.9,on_time,0
DEL-001231,PO-001245,2025-03-16,SUP-002,DIRECT-Punjab,ING-003,3310.01,3310.01,3310.01,on_time,0
DEL-001232,PO-001246,2025-03-19,SUP-002,DIRECT-Punjab,ING-003,2111.64,2111.64,2111.64,on_time,0
DEL-001233,PO-001247,2025-03-24,SUP-002,DIRECT-Punjab,ING-003,3067.15,3067.15,3067.15,late,2
DEL-001234,PO-001248,2025-03-25,SUP-002,DIRECT-Punjab,ING-003,2606.79,2606.79,2606.79,on_time,0
DEL-001235,PO-001249,2025-03-28,SUP-002,DIRECT-Punjab,ING-003,2573.55,2573.55,2573.55,on_time,0
DEL-001236,PO-001250,2025-04-01,SUP-002,DIRECT-Punjab,ING-003,2700.71,2700.71,2700.71,late,1
DEL-001237,PO-001251,2025-04-04,SUP-002,DIRECT-Punjab,ING-003,2299.92,2299.92,2299.92,on_time,0
DEL-001238,PO-001252,2025-04-06,SUP-002,DIRECT-Punjab,ING-003,2258.34,2258.34,2258.34,on_time,0
DEL-001239,PO-001253,2025-04-11,SUP-002,DIRECT-Punjab,ING-003,1609.56,1609.56,1609.56,on_time,0
DEL-001240,PO-001254,2025-04-12,SUP-002,DIRECT-Punjab,ING-003,2415.73,2415.73,2415.73,on_time,0
DEL-001241,PO-001255,2025-04-19,SUP-002,DIRECT-Punjab,ING-003,1947.98,1947.98,1947.98,very_late,4
DEL-001242,PO-001256,2025-04-19,SUP-002,DIRECT-Punjab,ING-003,2286.32,2038.05,2038.05,late,1
DEL-001243,PO-001257,2025-04-22,SUP-002,DIRECT-Punjab,ING-003,2291.13,2291.13,2291.13,on_time,0
DEL-001244,PO-001259,2025-04-28,SUP-002,DIRECT-Punjab,ING-003,2772.39,2772.39,2772.39,late,1
DEL-001245,PO-001260,2025-04-30,SUP-002,DIRECT-Punjab,ING-003,1942.55,1942.55,1942.55,on_time,0
DEL-001246,PO-001261,2025-05-03,SUP-002,DIRECT-Punjab,ING-003,2671.75,2671.75,2671.75,on_time,0
DEL-001247,PO-001262,2025-05-06,SUP-002,DIRECT-Punjab,ING-003,1990.71,1990.71,1990.71,on_time,0
DEL-001248,PO-001263,2025-05-13,SUP-002,DIRECT-Punjab,ING-003,2265.01,2265.01,2265.01,very_late,3
DEL-001249,PO-001264,2025-05-16,SUP-002,DIRECT-Punjab,ING-003,2277.29,2277.29,2277.29,very_late,4
DEL-001250,PO-001265,2025-05-15,SUP-002,DIRECT-Punjab,ING-003,1927.58,1927.58,1927.58,on_time,0
DEL-001251,PO-001266,2025-05-22,SUP-002,DIRECT-Punjab,ING-003,2254.12,2254.12,2254.12,very_late,4
DEL-001252,PO-001267,2025-05-21,SUP-002,DIRECT-Punjab,ING-003,1525.6,1525.6,1525.6,on_time,0
DEL-001253,PO-001268,2025-05-24,SUP-002,DIRECT-Punjab,ING-003,2164.36,2164.36,2164.36,on_time,0
DEL-001254,PO-001269,2025-05-29,SUP-002,DIRECT-Punjab,ING-003,1800.71,1800.71,1800.71,on_time,0
DEL-001255,PO-001270,2025-05-31,SUP-002,DIRECT-Punjab,ING-003,2076.99,2076.99,2076.99,on_time,0
DEL-001256,PO-001271,2025-06-02,SUP-002,DIRECT-Punjab,ING-003,2045.44,2045.44,1739.12,on_time,0
DEL-001257,PO-001272,2025-06-10,SUP-002,DIRECT-Punjab,ING-003,1756.17,1756.17,1756.17,very_late,5
DEL-001258,PO-001273,2025-06-08,SUP-002,DIRECT-Punjab,ING-003,2344.55,2344.55,2344.55,on_time,0
DEL-001259,PO-001274,2025-06-11,SUP-002,DIRECT-Punjab,ING-003,1639.46,1639.46,1639.46,on_time,0
DEL-001260,PO-001275,2025-06-14,SUP-002,DIRECT-Punjab,ING-003,2141.76,2141.76,2141.76,on_time,0
DEL-001261,PO-001276,2025-06-17,SUP-002,DIRECT-Punjab,ING-003,1886.69,1886.69,1886.69,on_time,0
DEL-001262,PO-001277,2025-06-20,SUP-002,DIRECT-Punjab,ING-003,2029.09,2029.09,2029.09,on_time,0
DEL-001263,PO-001278,2025-06-23,SUP-002,DIRECT-Punjab,ING-003,2059.66,2059.66,2059.66,on_time,0
DEL-001264,PO-001279,2025-06-26,SUP-002,DIRECT-Punjab,ING-003,1793.85,1793.85,1793.85,on_time,0
DEL-001265,PO-001280,2025-07-04,SUP-002,DIRECT-Punjab,ING-003,2473.77,2473.77,2473.77,very_late,5
DEL-001266,PO-001281,2025-07-04,SUP-002,DIRECT-Punjab,ING-003,482.18,482.18,482.18,on_time,0
DEL-001267,PO-001282,2025-01-03,SUP-001,DIRECT-Punjab,ING-004,9320.23,9320.23,9320.23,on_time,0
DEL-001268,PO-001283,2025-01-06,SUP-001,DIRECT-Punjab,ING-004,9453.85,9453.85,9453.85,on_time,0
DEL-001269,PO-001284,2025-01-09,SUP-001,DIRECT-Punjab,ING-004,6442.07,6442.07,6442.07,on_time,0
DEL-001270,PO-001285,2025-01-12,SUP-001,DIRECT-Punjab,ING-004,11032.03,11032.03,11032.03,on_time,0
DEL-001271,PO-001286,2025-01-15,SUP-001,DIRECT-Punjab,ING-004,6361.61,6361.61,6361.61,on_time,0
DEL-001272,PO-001287,2025-01-18,SUP-001,DIRECT-Punjab,ING-004,10480.1,10480.1,10480.1,on_time,0
DEL-001273,PO-001288,2025-01-21,SUP-001,DIRECT-Punjab,ING-004,7026.28,7026.28,7026.28,on_time,0
DEL-001274,PO-001289,2025-01-24,SUP-001,DIRECT-Punjab,ING-004,8691.39,8691.39,8691.39,on_time,0
DEL-001275,PO-001290,2025-01-31,SUP-001,DIRECT-Punjab,ING-004,9610.08,9610.08,9610.08,very_late,4
DEL-001276,PO-001291,2025-01-31,SUP-001,DIRECT-Punjab,ING-004,6578.48,6578.48,6578.48,late,1
DEL-001277,PO-001292,2025-02-04,SUP-001,DIRECT-Punjab,ING-004,11214.9,11214.9,11214.9,on_time,0
DEL-001278,PO-001293,2025-02-07,SUP-001,DIRECT-Punjab,ING-004,6305.54,5855.67,5855.67,late,2
DEL-001279,PO-001294,2025-02-08,SUP-001,DIRECT-Punjab,ING-004,10419.61,10419.61,10419.61,on_time,0
DEL-001280,PO-001295,2025-02-11,SUP-001,DIRECT-Punjab,ING-004,7137.06,7137.06,7137.06,on_time,0
DEL-001281,PO-001296,2025-02-16,SUP-001,DIRECT-Punjab,ING-004,8878.82,8878.82,8878.82,late,2
DEL-001282,PO-001297,2025-02-17,SUP-001,DIRECT-Punjab,ING-004,9097.23,9097.23,9097.23,on_time,0
DEL-001283,PO-001298,2025-02-20,SUP-001,DIRECT-Punjab,ING-004,6846.73,5909.28,5909.28,on_time,0
DEL-001284,PO-001299,2025-02-23,SUP-001,DIRECT-Punjab,ING-004,11618.59,11618.59,11618.59,on_time,0
DEL-001285,PO-001300,2025-02-26,SUP-001,DIRECT-Punjab,ING-004,6244.78,6244.78,6244.78,on_time,0
DEL-001286,PO-001301,2025-03-01,SUP-001,DIRECT-Punjab,ING-004,13999.6,13999.6,13999.6,on_time,0
DEL-001287,PO-001302,2025-03-04,SUP-001,DIRECT-Punjab,ING-004,12365.74,12365.74,12365.74,on_time,0
DEL-001288,PO-001303,2025-03-07,SUP-001,DIRECT-Punjab,ING-004,16244.34,16244.34,16244.34,on_time,0
DEL-001289,PO-001304,2025-03-10,SUP-001,DIRECT-Punjab,ING-004,15295.3,15295.3,15295.3,on_time,0
DEL-001290,PO-001305,2025-03-13,SUP-001,DIRECT-Punjab,ING-004,12114.1,12114.1,12114.1,on_time,0
DEL-001291,PO-001306,2025-03-16,SUP-001,DIRECT-Punjab,ING-004,18666.54,18666.54,18666.54,on_time,0
DEL-001292,PO-001307,2025-03-19,SUP-001,DIRECT-Punjab,ING-004,11993.87,11993.87,11993.87,on_time,0
DEL-001293,PO-001308,2025-03-22,SUP-001,DIRECT-Punjab,ING-004,18387.08,18387.08,18387.08,on_time,0
DEL-001294,PO-001309,2025-03-25,SUP-001,DIRECT-Punjab,ING-004,12854.75,10989.36,10989.36,on_time,0
DEL-001295,PO-001310,2025-04-02,SUP-001,DIRECT-Punjab,ING-004,16528.23,16528.23,16528.23,very_late,5
DEL-001296,PO-001311,2025-04-02,SUP-001,DIRECT-Punjab,ING-004,15365.6,15365.6,15365.6,late,2
DEL-001297,PO-001312,2025-04-03,SUP-001,DIRECT-Punjab,ING-004,9145.09,9145.09,9145.09,on_time,0
DEL-001298,PO-001313,2025-04-06,SUP-001,DIRECT-Punjab,ING-004,11201.17,11201.17,11201.17,on_time,0
DEL-001299,PO-001314,2025-04-14,SUP-001,DIRECT-Punjab,ING-004,6593.17,6593.17,6593.17,very_late,5
DEL-001300,PO-001315,2025-04-17,SUP-001,DIRECT-Punjab,ING-004,13031.14,13031.14,13031.14,very_late,5
DEL-001301,PO-001316,2025-04-15,SUP-001,DIRECT-Punjab,ING-004,7894.08,6957.17,6957.17,on_time,0
DEL-001302,PO-001317,2025-04-18,SUP-001,DIRECT-Punjab,ING-004,10160.16,10160.16,10160.16,on_time,0
DEL-001303,PO-001318,2025-04-21,SUP-001,DIRECT-Punjab,ING-004,10141.69,10141.69,10141.69,on_time,0
DEL-001304,PO-001319,2025-04-24,SUP-001,DIRECT-Punjab,ING-004,8208.47,8208.47,8208.47,on_time,0
DEL-001305,PO-001320,2025-04-27,SUP-001,DIRECT-Punjab,ING-004,12994.45,12994.45,12994.45,on_time,0
DEL-001306,PO-001321,2025-04-30,SUP-001,DIRECT-Punjab,ING-004,7259.02,7259.02,7259.02,on_time,0
DEL-001307,PO-001322,2025-05-06,SUP-001,DIRECT-Punjab,ING-004,11623.01,11623.01,11623.01,very_late,3
DEL-001308,PO-001323,2025-05-06,SUP-001,DIRECT-Punjab,ING-004,8339.65,8339.65,8339.65,on_time,0
DEL-001309,PO-001324,2025-05-09,SUP-001,DIRECT-Punjab,ING-004,9596.31,9596.31,9596.31,on_time,0
DEL-001310,PO-001325,2025-05-12,SUP-001,DIRECT-Punjab,ING-004,10676.0,10676.0,9884.24,on_time,0
DEL-001311,PO-001326,2025-05-15,SUP-001,DIRECT-Punjab,ING-004,7784.43,7784.43,7784.43,on_time,0
DEL-001312,PO-001327,2025-05-18,SUP-001,DIRECT-Punjab,ING-004,10468.62,10468.62,10468.62,on_time,0
DEL-001313,PO-001328,2025-05-21,SUP-001,DIRECT-Punjab,ING-004,6312.05,6312.05,6312.05,on_time,0
DEL-001314,PO-001329,2025-05-24,SUP-001,DIRECT-Punjab,ING-004,10503.08,10503.08,10503.08,on_time,0
DEL-001315,PO-001330,2025-05-28,SUP-001,DIRECT-Punjab,ING-004,7395.86,7395.86,7395.86,late,1
DEL-001316,PO-001331,2025-05-31,SUP-001,DIRECT-Punjab,ING-004,9104.2,9104.2,9104.2,on_time,0
DEL-001317,PO-001332,2025-06-02,SUP-001,DIRECT-Punjab,ING-004,8969.12,8969.12,8969.12,on_time,0
DEL-001318,PO-001333,2025-06-05,SUP-001,DIRECT-Punjab,ING-004,7199.06,7199.06,7199.06,on_time,0
DEL-001319,PO-001334,2025-06-08,SUP-001,DIRECT-Punjab,ING-004,10735.18,9734.38,9734.38,on_time,0
DEL-001320,PO-001335,2025-06-11,SUP-001,DIRECT-Punjab,ING-004,6164.91,6164.91,6164.91,on_time,0
DEL-001321,PO-001336,2025-06-15,SUP-001,DIRECT-Punjab,ING-004,11372.04,11372.04,11372.04,late,1
DEL-001322,PO-001337,2025-06-19,SUP-001,DIRECT-Punjab,ING-004,7190.16,7190.16,7190.16,late,2
DEL-001323,PO-001338,2025-06-20,SUP-001,DIRECT-Punjab,ING-004,8993.08,8993.08,8993.08,on_time,0
DEL-001324,PO-001339,2025-06-25,SUP-001,DIRECT-Punjab,ING-004,9052.99,8441.99,8441.99,on_time,0
DEL-001325,PO-001340,2025-07-01,SUP-001,DIRECT-Punjab,ING-004,6581.46,5934.12,5934.12,very_late,4
DEL-001326,PO-001341,2025-06-29,SUP-001,DIRECT-Punjab,ING-004,11575.6,11575.6,11575.6,on_time,0
DEL-001327,PO-001342,2025-07-07,SUP-001,DIRECT-Punjab,ING-004,2091.81,2091.81,2091.81,very_late,5
DEL-001328,PO-001343,2025-01-04,SUP-001,DIRECT-Punjab,ING-005,7658.28,7658.28,7658.28,late,1
DEL-001329,PO-001344,2025-01-06,SUP-001,DIRECT-Punjab,ING-005,8141.95,8141.95,8141.95,on_time,0
DEL-001330,PO-001345,2025-01-09,SUP-001,DIRECT-Punjab,ING-005,5635.01,5635.01,5635.01,on_time,0
DEL-001331,PO-001346,2025-01-12,SUP-001,DIRECT-Punjab,ING-005,9939.59,9939.59,9939.59,on_time,0
DEL-001332,PO-001347,2025-01-15,SUP-001,DIRECT-Punjab,ING-005,5309.65,5309.65,5309.65,on_time,0
DEL-001333,PO-001348,2025-01-18,SUP-001,DIRECT-Punjab,ING-005,9792.32,8709.76,8709.76,on_time,0
DEL-001334,PO-001349,2025-01-21,SUP-001,DIRECT-Punjab,ING-005,6210.97,6210.97,6210.97,on_time,0
DEL-001335,PO-001350,2025-01-24,SUP-001,DIRECT-Punjab,ING-005,7575.02,7575.02,7575.02,on_time,0
DEL-001336,PO-001351,2025-01-27,SUP-001,DIRECT-Punjab,ING-005,7709.95,7709.95,7709.95,on_time,0
DEL-001337,PO-001352,2025-02-01,SUP-001,DIRECT-Punjab,ING-005,6043.76,6043.76,6043.76,on_time,0
DEL-001338,PO-001353,2025-02-02,SUP-001,DIRECT-Punjab,ING-005,9679.73,9679.73,9679.73,on_time,0
DEL-001339,PO-001354,2025-02-06,SUP-001,DIRECT-Punjab,ING-005,5432.48,4744.96,4744.96,late,1
DEL-001340,PO-001355,2025-02-08,SUP-001,DIRECT-Punjab,ING-005,9310.28,9310.28,9310.28,on_time,0
DEL-001341,PO-001356,2025-02-11,SUP-001,DIRECT-Punjab,ING-005,6499.63,6499.63,6499.63,on_time,0
DEL-001342,PO-001357,2025-02-14,SUP-001,DIRECT-Punjab,ING-005,7740.93,7740.93,7740.93,on_time,0
DEL-001343,PO-001358,2025-02-17,SUP-001,DIRECT-Punjab,ING-005,8249.86,8249.86,8249.86,on_time,0
DEL-001344,PO-001359,2025-02-21,SUP-001,DIRECT-Punjab,ING-005,6015.63,6015.63,6015.63,late,1
DEL-001345,PO-001360,2025-02-24,SUP-001,DIRECT-Punjab,ING-005,9584.88,9584.88,9584.88,late,1
DEL-001346,PO-001361,2025-02-26,SUP-001,DIRECT-Punjab,ING-005,5889.54,5889.54,5889.54,on_time,0
DEL-001347,PO-001362,2025-03-01,SUP-001,DIRECT-Punjab,ING-005,11822.99,11822.99,11822.99,on_time,0
DEL-001348,PO-001363,2025-03-04,SUP-001,DIRECT-Punjab,ING-005,11435.12,11435.12,10586.22,on_time,0
DEL-001349,PO-001364,2025-03-07,SUP-001,DIRECT-Punjab,ING-005,13445.32,13445.32,13445.32,on_time,0
DEL-001350,PO-001366,2025-03-13,SUP-001,DIRECT-Punjab,ING-005,10360.0,10360.0,10360.0,on_time,0
DEL-001351,PO-001367,2025-03-18,SUP-001,DIRECT-Punjab,ING-005,18410.47,18410.47,18410.47,late,2
DEL-001352,PO-001368,2025-03-19,SUP-001,DIRECT-Punjab,ING-005,9446.74,9446.74,9446.74,on_time,0
DEL-001353,PO-001369,2025-03-24,SUP-001,DIRECT-Punjab,ING-005,16797.21,16797.21,16797.21,on_time,0
DEL-001354,PO-001370,2025-03-25,SUP-001,DIRECT-Punjab,ING-005,11574.44,11574.44,11574.44,on_time,0
DEL-001355,PO-001371,2025-03-28,SUP-001,DIRECT-Punjab,ING-005,14168.82,14168.82,14168.82,on_time,0
DEL-001356,PO-001372,2025-03-31,SUP-001,DIRECT-Punjab,ING-005,13701.39,13701.39,13701.39,on_time,0
DEL-001357,PO-001373,2025-04-04,SUP-001,DIRECT-Punjab,ING-005,7676.57,7676.57,7676.57,late,1
DEL-001358,PO-001374,2025-04-08,SUP-001,DIRECT-Punjab,ING-005,9355.07,9355.07,9355.07,late,2
DEL-001359,PO-001375,2025-04-12,SUP-001,DIRECT-Punjab,ING-005,5790.07,5790.07,5790.07,very_late,3
DEL-001360,PO-001376,2025-04-12,SUP-001,DIRECT-Punjab,ING-005,10147.33,10147.33,10147.33,on_time,0
DEL-001361,PO-001377,2025-04-15,SUP-001,DIRECT-Punjab,ING-005,7087.01,7087.01,7087.01,on_time,0
DEL-001362,PO-001378,2025-04-18,SUP-001,DIRECT-Punjab,ING-005,9037.6,9037.6,9037.6,on_time,0
DEL-001363,PO-001379,2025-04-21,SUP-001,DIRECT-Punjab,ING-005,9249.69,8261.62,8261.62,on_time,0
DEL-001364,PO-001380,2025-04-24,SUP-001,DIRECT-Punjab,ING-005,6541.85,6541.85,6541.85,on_time,0
DEL-001365,PO-001381,2025-04-27,SUP-001,DIRECT-Punjab,ING-005,11087.7,11087.7,11087.7,on_time,0
DEL-001366,PO-001382,2025-04-30,SUP-001,DIRECT-Punjab,ING-005,6237.57,6237.57,6237.57,on_time,0
DEL-001367,PO-001383,2025-05-03,SUP-001,DIRECT-Punjab,ING-005,10828.6,10828.6,10828.6,on_time,0
DEL-001368,PO-001384,2025-05-06,SUP-001,DIRECT-Punjab,ING-005,6937.52,6348.47,6348.47,on_time,0
DEL-001369,PO-001385,2025-05-09,SUP-001,DIRECT-Punjab,ING-005,8440.03,8440.03,8440.03,on_time,0
DEL-001370,PO-001386,2025-05-14,SUP-001,DIRECT-Punjab,ING-005,9391.95,9391.95,9391.95,on_time,0
DEL-001371,PO-001387,2025-05-15,SUP-001,DIRECT-Punjab,ING-005,6898.57,6898.57,6898.57,on_time,0
DEL-001372,PO-001388,2025-05-18,SUP-001,DIRECT-Punjab,ING-005,9835.31,9835.31,9835.31,on_time,0
DEL-001373,PO-001389,2025-05-21,SUP-001,DIRECT-Punjab,ING-005,5663.35,5663.35,5663.35,on_time,0
DEL-001374,PO-001390,2025-05-24,SUP-001,DIRECT-Punjab,ING-005,9663.03,9663.03,9663.03,on_time,0
DEL-001375,PO-001391,2025-05-27,SUP-001,DIRECT-Punjab,ING-005,6040.78,6040.78,6040.78,on_time,0
DEL-001376,PO-001392,2025-05-31,SUP-001,DIRECT-Punjab,ING-005,7981.55,7981.55,7981.55,on_time,0
DEL-001377,PO-001393,2025-06-02,SUP-001,DIRECT-Punjab,ING-005,7727.61,7727.61,7727.61,on_time,0
DEL-001378,PO-001394,2025-06-05,SUP-001,DIRECT-Punjab,ING-005,5868.01,5501.71,5501.71,on_time,0
DEL-001379,PO-001395,2025-06-10,SUP-001,DIRECT-Punjab,ING-005,9322.42,9322.42,9322.42,late,2
DEL-001380,PO-001396,2025-06-11,SUP-001,DIRECT-Punjab,ING-005,5900.97,5381.07,5381.07,on_time,0
DEL-001381,PO-001397,2025-06-14,SUP-001,DIRECT-Punjab,ING-005,10002.7,10002.7,10002.7,on_time,0
DEL-001382,PO-001398,2025-06-17,SUP-001,DIRECT-Punjab,ING-005,6360.44,6360.44,6360.44,on_time,0
DEL-001383,PO-001399,2025-06-22,SUP-001,DIRECT-Punjab,ING-005,7465.91,7465.91,7465.91,late,2
DEL-001384,PO-001400,2025-06-23,SUP-001,DIRECT-Punjab,ING-005,7985.09,7985.09,7985.09,on_time,0
DEL-001385,PO-001401,2025-06-26,SUP-001,DIRECT-Punjab,ING-005,5948.3,5948.3,5948.3,on_time,0
DEL-001386,PO-001402,2025-06-29,SUP-001,DIRECT-Punjab,ING-005,10192.26,10192.26,10192.26,on_time,0
DEL-001387,PO-001403,2025-07-02,SUP-001,DIRECT-Punjab,ING-005,1846.22,1846.22,1846.22,on_time,0
DEL-001388,PO-001404,2025-01-03,SUP-001,DIRECT-Punjab,ING-006,2701.0,2701.0,2701.0,on_time,0
DEL-001389,PO-001405,2025-01-06,SUP-001,DIRECT-Punjab,ING-006,2791.02,2791.02,2791.02,on_time,0
DEL-001390,PO-001406,2025-01-09,SUP-001,DIRECT-Punjab,ING-006,2227.97,2227.97,2227.97,on_time,0
DEL-001391,PO-001407,2025-01-12,SUP-001,DIRECT-Punjab,ING-006,3235.46,3235.46,3235.46,on_time,0
DEL-001392,PO-001408,2025-01-15,SUP-001,DIRECT-Punjab,ING-006,2115.64,2115.64,2115.64,on_time,0
DEL-001393,PO-001409,2025-01-18,SUP-001,DIRECT-Punjab,ING-006,3130.02,3130.02,3130.02,on_time,0
DEL-001394,PO-001410,2025-01-21,SUP-001,DIRECT-Punjab,ING-006,2433.31,2433.31,2433.31,on_time,0
DEL-001395,PO-001411,2025-01-26,SUP-001,DIRECT-Punjab,ING-006,2736.63,2736.63,2736.63,late,2
DEL-001396,PO-001412,2025-01-27,SUP-001,DIRECT-Punjab,ING-006,2696.5,2458.55,2458.55,on_time,0
DEL-001397,PO-001413,2025-01-30,SUP-001,DIRECT-Punjab,ING-006,2354.93,2354.93,2354.93,on_time,0
DEL-001398,PO-001414,2025-02-02,SUP-001,DIRECT-Punjab,ING-006,3563.86,3563.86,3563.86,on_time,0
DEL-001399,PO-001415,2025-02-05,SUP-001,DIRECT-Punjab,ING-006,2146.07,2146.07,2146.07,on_time,0
DEL-001400,PO-001416,2025-02-08,SUP-001,DIRECT-Punjab,ING-006,3382.77,3382.77,3382.77,on_time,0
DEL-001401,PO-001417,2025-02-11,SUP-001,DIRECT-Punjab,ING-006,2400.49,2053.38,2053.38,on_time,0
DEL-001402,PO-001418,2025-02-14,SUP-001,DIRECT-Punjab,ING-006,2683.75,2683.75,2478.19,on_time,0
DEL-001403,PO-001419,2025-02-21,SUP-001,DIRECT-Punjab,ING-006,2728.45,2728.45,2728.45,very_late,4
DEL-001404,PO-001420,2025-02-20,SUP-001,DIRECT-Punjab,ING-006,2220.83,2220.83,2220.83,on_time,0
DEL-001405,PO-001421,2025-02-27,SUP-001,DIRECT-Punjab,ING-006,3407.55,3407.55,3407.55,late,2
DEL-001406,PO-001422,2025-02-28,SUP-001,DIRECT-Punjab,ING-006,2059.53,2059.53,2059.53,on_time,0
DEL-001407,PO-001424,2025-03-07,SUP-001,DIRECT-Punjab,ING-006,3569.29,3569.29,3569.29,late,1
DEL-001408,PO-001426,2025-03-10,SUP-001,DIRECT-Punjab,ING-006,4272.72,4272.72,4272.72,on_time,0
DEL-001409,PO-001427,2025-03-13,SUP-001,DIRECT-Punjab,ING-006,3456.67,3456.67,3456.67,on_time,0
DEL-001410,PO-001428,2025-03-16,SUP-001,DIRECT-Punjab,ING-006,5293.09,5293.09,5293.09,on_time,0
DEL-001411,PO-001429,2025-03-26,SUP-001,DIRECT-Punjab,ING-006,3113.78,3113.78,3113.78,very_late,5
DEL-001412,PO-001430,2025-03-24,SUP-001,DIRECT-Punjab,ING-006,4887.83,4887.83,4887.83,late,2
DEL-001413,PO-001431,2025-03-25,SUP-001,DIRECT-Punjab,ING-006,3865.07,3865.07,3865.07,on_time,0
DEL-001414,PO-001432,2025-03-28,SUP-001,DIRECT-Punjab,ING-006,4164.72,4164.72,4164.72,on_time,0
DEL-001415,PO-001433,2025-03-31,SUP-001,DIRECT-Punjab,ING-006,4249.34,4249.34,4249.34,on_time,0
DEL-001416,PO-001434,2025-04-05,SUP-001,DIRECT-Punjab,ING-006,2869.91,2869.91,2869.91,on_time,0
DEL-001417,PO-001435,2025-04-06,SUP-001,DIRECT-Punjab,ING-006,3638.4,3638.4,3638.4,on_time,0
DEL-001418,PO-001436,2025-04-09,SUP-001,DIRECT-Punjab,ING-006,2039.07,2039.07,2039.07,on_time,0
DEL-001419,PO-001437,2025-04-14,SUP-001,DIRECT-Punjab,ING-006,3628.92,3628.92,3628.92,late,1
DEL-001420,PO-001438,2025-04-15,SUP-001,DIRECT-Punjab,ING-006,2709.2,2709.2,2709.2,on_time,0
DEL-001421,PO-001439,2025-04-20,SUP-001,DIRECT-Punjab,ING-006,3299.31,3299.31,3299.31,late,2
DEL-001422,PO-001440,2025-04-21,SUP-001,DIRECT-Punjab,ING-006,3527.4,3527.4,3527.4,on_time,0
DEL-001423,PO-001441,2025-04-27,SUP-001,DIRECT-Punjab,ING-006,2634.61,2634.61,2634.61,very_late,3
DEL-001424,PO-001442,2025-04-27,SUP-001,DIRECT-Punjab,ING-006,4136.7,4136.7,4136.7,on_time,0
DEL-001425,PO-001443,2025-04-30,SUP-001,DIRECT-Punjab,ING-006,2496.56,2496.56,2496.56,on_time,0
DEL-001426,PO-001444,2025-05-03,SUP-001,DIRECT-Punjab,ING-006,3668.63,3668.63,3668.63,on_time,0
DEL-001427,PO-001445,2025-05-06,SUP-001,DIRECT-Punjab,ING-006,2621.57,2621.57,2621.57,on_time,0
DEL-001428,PO-001446,2025-05-14,SUP-001,DIRECT-Punjab,ING-006,3173.86,3173.86,3173.86,very_late,3
DEL-001429,PO-001447,2025-05-12,SUP-001,DIRECT-Punjab,ING-006,3138.87,3138.87,3138.87,on_time,0
DEL-001430,PO-001448,2025-05-15,SUP-001,DIRECT-Punjab,ING-006,2624.27,2624.27,2624.27,on_time,0
DEL-001431,PO-001449,2025-05-18,SUP-001,DIRECT-Punjab,ING-006,3600.51,3600.51,3600.51,on_time,0
DEL-001432,PO-001450,2025-05-21,SUP-001,DIRECT-Punjab,ING-006,2041.45,2041.45,1907.73,on_time,0
DEL-001433,PO-001451,2025-05-26,SUP-001,DIRECT-Punjab,ING-006,3115.85,3115.85,3115.85,on_time,0
DEL-001434,PO-001452,2025-05-29,SUP-001,DIRECT-Punjab,ING-006,2341.83,2341.83,2341.83,late,2
DEL-001435,PO-001453,2025-05-30,SUP-001,DIRECT-Punjab,ING-006,2801.55,2801.55,2801.55,on_time,0
DEL-001436,PO-001454,2025-06-02,SUP-001,DIRECT-Punjab,ING-006,2962.53,2962.53,2962.53,on_time,0
DEL-001437,PO-001455,2025-06-06,SUP-001,DIRECT-Punjab,ING-006,2407.23,2079.11,2079.11,on_time,0
DEL-001438,PO-001456,2025-06-08,SUP-001,DIRECT-Punjab,ING-006,3433.21,2976.1,2976.1,on_time,0
DEL-001439,PO-001457,2025-06-11,SUP-001,DIRECT-Punjab,ING-006,2243.84,2243.84,2243.84,on_time,0
DEL-001440,PO-001458,2025-06-14,SUP-001,DIRECT-Punjab,ING-006,3219.06,3219.06,3219.06,on_time,0
DEL-001441,PO-001459,2025-06-17,SUP-001,DIRECT-Punjab,ING-006,2411.32,2411.32,2411.32,on_time,0
DEL-001442,PO-001460,2025-06-20,SUP-001,DIRECT-Punjab,ING-006,2961.0,2961.0,2540.5,on_time,0
DEL-001443,PO-001461,2025-06-27,SUP-001,DIRECT-Punjab,ING-006,3075.03,3075.03,3075.03,very_late,4
DEL-001444,PO-001462,2025-06-26,SUP-001,DIRECT-Punjab,ING-006,2211.44,2211.44,2211.44,on_time,0
DEL-001445,PO-001463,2025-06-29,SUP-001,DIRECT-Punjab,ING-006,3692.36,3692.36,3692.36,on_time,0
DEL-001446,PO-001464,2025-07-02,SUP-001,DIRECT-Punjab,ING-006,725.24,725.24,725.24,on_time,0
DEL-001447,PO-001465,2025-01-02,SUP-005,WHC-KHI-01,ING-040,1229.76,1229.76,1229.76,on_time,0
DEL-001448,PO-001466,2025-01-06,SUP-005,WHC-KHI-01,ING-040,1270.28,1270.28,1270.28,late,2
DEL-001449,PO-001467,2025-01-06,SUP-005,WHC-KHI-01,ING-040,970.19,970.19,970.19,on_time,0
DEL-001450,PO-001468,2025-01-10,SUP-005,WHC-KHI-01,ING-040,1050.87,1050.87,1050.87,on_time,0
DEL-001451,PO-001469,2025-01-10,SUP-005,WHC-KHI-01,ING-040,1118.08,1118.08,1118.08,on_time,0
DEL-001452,PO-001470,2025-01-13,SUP-005,WHC-KHI-01,ING-040,1252.75,1252.75,1252.75,on_time,0
DEL-001453,PO-001471,2025-01-15,SUP-005,WHC-KHI-01,ING-040,765.04,765.04,765.04,late,1
DEL-001454,PO-001472,2025-01-16,SUP-005,WHC-KHI-01,ING-040,1118.13,1118.13,1118.13,on_time,0
DEL-001455,PO-001473,2025-01-18,SUP-005,WHC-KHI-01,ING-040,1302.57,1302.57,1302.57,on_time,0
DEL-001456,PO-001474,2025-01-20,SUP-005,WHC-KHI-01,ING-040,1008.53,1008.53,1008.53,on_time,0
DEL-001457,PO-001475,2025-01-22,SUP-005,WHC-KHI-01,ING-040,977.17,977.17,977.17,on_time,0
DEL-001458,PO-001476,2025-01-24,SUP-005,WHC-KHI-01,ING-040,1045.6,1045.6,1045.6,on_time,0
DEL-001459,PO-001477,2025-01-26,SUP-005,WHC-KHI-01,ING-040,1131.5,1131.5,1131.5,on_time,0
DEL-001460,PO-001478,2025-01-29,SUP-005,WHC-KHI-01,ING-040,804.17,804.17,804.17,late,1
DEL-001461,PO-001479,2025-01-30,SUP-005,WHC-KHI-01,ING-040,1088.22,1088.22,1088.22,on_time,0
DEL-001462,PO-001480,2025-02-01,SUP-005,WHC-KHI-01,ING-040,1179.6,1179.6,1179.6,on_time,0
DEL-001463,PO-001481,2025-02-03,SUP-005,WHC-KHI-01,ING-040,1016.14,1016.14,1016.14,on_time,0
DEL-001464,PO-001482,2025-02-05,SUP-005,WHC-KHI-01,ING-040,1181.69,1181.69,1181.69,on_time,0
DEL-001465,PO-001483,2025-02-07,SUP-005,WHC-KHI-01,ING-040,1149.56,1149.56,1149.56,on_time,0
DEL-001466,PO-001484,2025-02-09,SUP-005,WHC-KHI-01,ING-040,1284.65,1284.65,1284.65,on_time,0
DEL-001467,PO-001485,2025-02-11,SUP-005,WHC-KHI-01,ING-040,773.24,773.24,773.24,on_time,0
DEL-001468,PO-001486,2025-02-13,SUP-005,WHC-KHI-01,ING-040,1160.91,1160.91,1160.91,on_time,0
DEL-001469,PO-001487,2025-02-15,SUP-005,WHC-KHI-01,ING-040,1230.08,1230.08,1230.08,on_time,0
DEL-001470,PO-001488,2025-02-17,SUP-005,WHC-KHI-01,ING-040,991.57,991.57,991.57,on_time,0
DEL-001471,PO-001489,2025-02-19,SUP-005,WHC-KHI-01,ING-040,1049.79,1049.79,1049.79,on_time,0
DEL-001472,PO-001490,2025-02-21,SUP-005,WHC-KHI-01,ING-040,1130.48,1130.48,1130.48,on_time,0
DEL-001473,PO-001491,2025-02-24,SUP-005,WHC-KHI-01,ING-040,1206.63,1206.63,1206.63,on_time,0
DEL-001474,PO-001492,2025-02-27,SUP-005,WHC-KHI-01,ING-040,808.79,808.79,808.79,late,2
DEL-001475,PO-001493,2025-03-01,SUP-005,WHC-KHI-01,ING-040,1073.34,1073.34,1073.34,on_time,0
DEL-001476,PO-001494,2025-03-01,SUP-005,WHC-KHI-01,ING-040,1364.52,1364.52,1364.52,on_time,0
DEL-001477,PO-001495,2025-03-03,SUP-005,WHC-KHI-01,ING-040,1315.94,1232.74,1232.74,on_time,0
DEL-001478,PO-001496,2025-03-05,SUP-005,WHC-KHI-01,ING-040,1368.2,1368.2,1368.2,on_time,0
DEL-001479,PO-001497,2025-03-07,SUP-005,WHC-KHI-01,ING-040,1452.48,1452.48,1452.48,on_time,0
DEL-001480,PO-001499,2025-03-11,SUP-005,WHC-KHI-01,ING-040,1049.79,1049.79,1049.79,on_time,0
DEL-001481,PO-001500,2025-03-13,SUP-005,WHC-KHI-01,ING-040,1401.76,1401.76,1401.76,on_time,0
DEL-001482,PO-001501,2025-03-16,SUP-005,WHC-KHI-01,ING-040,1709.56,1709.56,1709.56,late,1
DEL-001483,PO-001502,2025-03-22,SUP-005,WHC-KHI-01,ING-040,1290.42,1290.42,1290.42,very_late,5
DEL-001484,PO-001503,2025-03-19,SUP-005,WHC-KHI-01,ING-040,1332.3,1332.3,1332.3,on_time,0
DEL-001485,PO-001504,2025-03-21,SUP-005,WHC-KHI-01,ING-040,1518.88,1518.88,1518.88,on_time,0
DEL-001486,PO-001505,2025-03-25,SUP-005,WHC-KHI-01,ING-040,1614.61,1614.61,1614.61,late,2
DEL-001487,PO-001506,2025-03-25,SUP-005,WHC-KHI-01,ING-040,1063.98,1063.98,1063.98,on_time,0
DEL-001488,PO-001507,2025-03-27,SUP-005,WHC-KHI-01,ING-040,1507.05,1507.05,1507.05,on_time,0
DEL-001489,PO-001508,2025-03-31,SUP-005,WHC-KHI-01,ING-040,1592.97,1592.97,1592.97,late,2
DEL-001490,PO-001509,2025-04-02,SUP-005,WHC-KHI-01,ING-040,1266.1,1266.1,1266.1,on_time,0
DEL-001491,PO-001510,2025-04-04,SUP-005,WHC-KHI-01,ING-040,1468.78,1468.78,1468.78,late,2
DEL-001492,PO-001511,2025-04-07,SUP-005,WHC-KHI-01,ING-040,1183.34,1183.34,1183.34,late,2
DEL-001493,PO-001513,2025-04-08,SUP-005,WHC-KHI-01,ING-040,769.55,769.55,769.55,on_time,0
DEL-001494,PO-001514,2025-04-10,SUP-005,WHC-KHI-01,ING-040,1101.65,1101.65,1101.65,on_time,0
DEL-001495,PO-001515,2025-04-12,SUP-005,WHC-KHI-01,ING-040,1546.07,1546.07,1546.07,on_time,0
DEL-001496,PO-001516,2025-04-16,SUP-005,WHC-KHI-01,ING-040,1118.14,1118.14,1118.14,late,2
DEL-001497,PO-001517,2025-04-16,SUP-005,WHC-KHI-01,ING-040,1263.07,1263.07,1263.07,on_time,0
DEL-001498,PO-001518,2025-04-19,SUP-005,WHC-KHI-01,ING-040,1326.86,1326.86,1326.86,late,1
DEL-001499,PO-001519,2025-04-20,SUP-005,WHC-KHI-01,ING-040,1386.71,1386.71,1386.71,on_time,0
DEL-001500,PO-001520,2025-04-22,SUP-005,WHC-KHI-01,ING-040,949.96,949.96,949.96,on_time,0
DEL-001501,PO-001521,2025-04-24,SUP-005,WHC-KHI-01,ING-040,1265.72,1265.72,1265.72,on_time,0
DEL-001502,PO-001522,2025-04-26,SUP-005,WHC-KHI-01,ING-040,1415.57,1415.57,1415.57,on_time,0
DEL-001503,PO-001523,2025-04-30,SUP-005,WHC-KHI-01,ING-040,1088.94,1088.94,1088.94,late,2
DEL-001504,PO-001524,2025-05-01,SUP-005,WHC-KHI-01,ING-040,1171.04,1171.04,1171.04,late,1
DEL-001505,PO-001525,2025-05-02,SUP-005,WHC-KHI-01,ING-040,1369.01,1369.01,1369.01,on_time,0
DEL-001506,PO-001526,2025-05-04,SUP-005,WHC-KHI-01,ING-040,1425.57,1425.57,1425.57,on_time,0
DEL-001507,PO-001527,2025-05-06,SUP-005,WHC-KHI-01,ING-040,933.08,933.08,933.08,on_time,0
DEL-001508,PO-001528,2025-05-09,SUP-005,WHC-KHI-01,ING-040,1282.32,1282.32,1282.32,late,1
DEL-001509,PO-001529,2025-05-10,SUP-005,WHC-KHI-01,ING-040,1441.53,1441.53,1441.53,on_time,0
DEL-001510,PO-001530,2025-05-12,SUP-005,WHC-KHI-01,ING-040,1070.31,1070.31,1070.31,on_time,0
DEL-001511,PO-001531,2025-05-14,SUP-005,WHC-KHI-01,ING-040,1140.2,1140.2,1140.2,on_time,0
DEL-001512,PO-001533,2025-05-19,SUP-005,WHC-KHI-01,ING-040,1186.38,1085.18,1085.18,on_time,0
DEL-001513,PO-001534,2025-05-20,SUP-005,WHC-KHI-01,ING-040,825.8,825.8,825.8,on_time,0
DEL-001514,PO-001535,2025-05-22,SUP-005,WHC-KHI-01,ING-040,1082.73,1082.73,1082.73,on_time,0
DEL-001515,PO-001536,2025-05-24,SUP-005,WHC-KHI-01,ING-040,1301.98,1301.98,1301.98,on_time,0
DEL-001516,PO-001537,2025-05-26,SUP-005,WHC-KHI-01,ING-040,1010.83,1010.83,1010.83,on_time,0
DEL-001517,PO-001538,2025-05-28,SUP-005,WHC-KHI-01,ING-040,1007.85,1007.85,1007.85,on_time,0
DEL-001518,PO-001539,2025-06-04,SUP-005,WHC-KHI-01,ING-040,1162.66,1162.66,1162.66,very_late,5
DEL-001519,PO-001540,2025-06-06,SUP-005,WHC-KHI-01,ING-040,1219.85,1219.85,1219.85,very_late,5
DEL-001520,PO-001541,2025-06-04,SUP-005,WHC-KHI-01,ING-040,784.32,784.32,784.32,late,1
DEL-001521,PO-001542,2025-06-07,SUP-005,WHC-KHI-01,ING-040,1176.43,1176.43,1176.43,late,2
DEL-001522,PO-001543,2025-06-11,SUP-005,WHC-KHI-01,ING-040,1299.45,1299.45,1299.45,very_late,4
DEL-001523,PO-001544,2025-06-09,SUP-005,WHC-KHI-01,ING-040,937.71,937.71,937.71,on_time,0
DEL-001524,PO-001545,2025-06-11,SUP-005,WHC-KHI-01,ING-040,1097.47,1097.47,1097.47,on_time,0
DEL-001525,PO-001546,2025-06-13,SUP-005,WHC-KHI-01,ING-040,1070.61,1070.61,1070.61,on_time,0
DEL-001526,PO-001547,2025-06-15,SUP-005,WHC-KHI-01,ING-040,1287.73,1287.73,1287.73,on_time,0
DEL-001527,PO-001548,2025-06-17,SUP-005,WHC-KHI-01,ING-040,821.66,821.66,821.66,on_time,0
DEL-001528,PO-001549,2025-06-21,SUP-005,WHC-KHI-01,ING-040,1193.94,1193.94,1193.94,late,2
DEL-001529,PO-001550,2025-06-21,SUP-005,WHC-KHI-01,ING-040,1321.62,1321.62,1321.62,on_time,0
DEL-001530,PO-001551,2025-06-23,SUP-005,WHC-KHI-01,ING-040,1021.4,1021.4,1021.4,on_time,0
DEL-001531,PO-001552,2025-06-26,SUP-005,WHC-KHI-01,ING-040,987.47,987.47,987.47,late,1
DEL-001532,PO-001553,2025-06-28,SUP-005,WHC-KHI-01,ING-040,1109.06,1109.06,1109.06,on_time,0
DEL-001533,PO-001554,2025-06-29,SUP-005,WHC-KHI-01,ING-040,1166.91,1166.91,1166.91,on_time,0
DEL-001534,PO-001555,2025-07-03,SUP-005,WHC-KHI-01,ING-040,400.23,400.23,400.23,late,2
DEL-001535,PO-001556,2025-01-03,SUP-005,WHC-KHI-01,ING-041,130.9,130.9,130.9,on_time,0
DEL-001536,PO-001557,2025-01-06,SUP-005,WHC-KHI-01,ING-041,122.09,122.09,122.09,on_time,0
DEL-001537,PO-001558,2025-01-06,SUP-005,WHC-KHI-01,ING-041,96.73,96.73,96.73,on_time,0
DEL-001538,PO-001559,2025-01-09,SUP-005,WHC-KHI-01,ING-041,111.3,111.3,111.3,on_time,0
DEL-001539,PO-001560,2025-01-10,SUP-005,WHC-KHI-01,ING-041,110.91,110.91,110.91,on_time,0
DEL-001540,PO-001561,2025-01-12,SUP-005,WHC-KHI-01,ING-041,127.1,127.1,127.1,on_time,0
DEL-001541,PO-001562,2025-01-15,SUP-005,WHC-KHI-01,ING-041,77.55,77.55,77.55,late,1
DEL-001542,PO-001563,2025-01-16,SUP-005,WHC-KHI-01,ING-041,118.29,118.29,118.29,on_time,0
DEL-001543,PO-001564,2025-01-18,SUP-005,WHC-KHI-01,ING-041,125.7,125.7,125.7,on_time,0
DEL-001544,PO-001565,2025-01-20,SUP-005,WHC-KHI-01,ING-041,95.9,95.9,95.9,on_time,0
DEL-001545,PO-001566,2025-01-22,SUP-005,WHC-KHI-01,ING-041,111.3,111.3,111.3,on_time,0
DEL-001546,PO-001567,2025-01-26,SUP-005,WHC-KHI-01,ING-041,117.4,117.4,117.4,late,2
DEL-001547,PO-001568,2025-01-26,SUP-005,WHC-KHI-01,ING-041,128.64,113.37,113.37,on_time,0
DEL-001548,PO-001569,2025-01-28,SUP-005,WHC-KHI-01,ING-041,81.51,81.51,81.51,on_time,0
DEL-001549,PO-001570,2025-01-30,SUP-005,WHC-KHI-01,ING-041,121.93,121.93,121.93,on_time,0
DEL-001550,PO-001571,2025-02-01,SUP-005,WHC-KHI-01,ING-041,124.94,124.94,124.94,on_time,0
DEL-001551,PO-001572,2025-02-03,SUP-005,WHC-KHI-01,ING-041,97.98,97.98,97.98,on_time,0
DEL-001552,PO-001573,2025-02-05,SUP-005,WHC-KHI-01,ING-041,126.87,126.87,126.87,on_time,0
DEL-001553,PO-001574,2025-02-09,SUP-005,WHC-KHI-01,ING-041,112.63,112.63,112.63,late,2
DEL-001554,PO-001575,2025-02-11,SUP-005,WHC-KHI-01,ING-041,129.38,129.38,129.38,late,2
DEL-001555,PO-001576,2025-02-13,SUP-005,WHC-KHI-01,ING-041,80.51,80.51,80.51,on_time,0
DEL-001556,PO-001577,2025-02-13,SUP-005,WHC-KHI-01,ING-041,121.56,121.56,121.56,on_time,0
DEL-001557,PO-001578,2025-02-15,SUP-005,WHC-KHI-01,ING-041,138.61,126.16,126.16,on_time,0
DEL-001558,PO-001579,2025-02-18,SUP-005,WHC-KHI-01,ING-041,105.6,105.6,105.6,late,1
DEL-001559,PO-001580,2025-02-19,SUP-005,WHC-KHI-01,ING-041,113.68,113.68,113.68,on_time,0
DEL-001560,PO-001581,2025-02-21,SUP-005,WHC-KHI-01,ING-041,116.58,116.58,116.58,on_time,0
DEL-001561,PO-001582,2025-02-23,SUP-005,WHC-KHI-01,ING-041,135.05,135.05,135.05,on_time,0
DEL-001562,PO-001583,2025-02-25,SUP-005,WHC-KHI-01,ING-041,88.22,88.22,88.22,on_time,0
DEL-001563,PO-001584,2025-03-03,SUP-005,WHC-KHI-01,ING-041,133.8,133.8,133.8,very_late,4
DEL-001564,PO-001585,2025-03-04,SUP-005,WHC-KHI-01,ING-041,149.67,149.67,139.75,very_late,3
DEL-001565,PO-001586,2025-03-03,SUP-005,WHC-KHI-01,ING-041,140.11,140.11,140.11,on_time,0
DEL-001566,PO-001587,2025-03-05,SUP-005,WHC-KHI-01,ING-041,147.09,147.09,147.09,on_time,0
DEL-001567,PO-001588,2025-03-08,SUP-005,WHC-KHI-01,ING-041,152.72,152.72,152.72,late,1
DEL-001568,PO-001589,2025-03-09,SUP-005,WHC-KHI-01,ING-041,169.38,169.38,169.38,on_time,0
DEL-001569,PO-001590,2025-03-11,SUP-005,WHC-KHI-01,ING-041,110.17,110.17,110.17,on_time,0
DEL-001570,PO-001591,2025-03-13,SUP-005,WHC-KHI-01,ING-041,156.12,156.12,156.12,on_time,0
DEL-001571,PO-001592,2025-03-15,SUP-005,WHC-KHI-01,ING-041,167.75,167.75,167.75,on_time,0
DEL-001572,PO-001593,2025-03-17,SUP-005,WHC-KHI-01,ING-041,140.27,140.27,140.27,on_time,0
DEL-001573,PO-001594,2025-03-20,SUP-005,WHC-KHI-01,ING-041,153.32,153.32,153.32,late,1
DEL-001574,PO-001595,2025-03-21,SUP-005,WHC-KHI-01,ING-041,155.51,155.51,155.51,on_time,0
DEL-001575,PO-001596,2025-03-25,SUP-005,WHC-KHI-01,ING-041,169.58,169.58,169.58,late,2
DEL-001576,PO-001597,2025-03-25,SUP-005,WHC-KHI-01,ING-041,112.97,112.97,112.97,on_time,0
DEL-001577,PO-001598,2025-03-27,SUP-005,WHC-KHI-01,ING-041,164.9,164.9,164.9,on_time,0
DEL-001578,PO-001599,2025-03-29,SUP-005,WHC-KHI-01,ING-041,173.53,173.53,173.53,on_time,0
DEL-001579,PO-001600,2025-03-31,SUP-005,WHC-KHI-01,ING-041,133.63,133.63,133.63,on_time,0
DEL-001580,PO-001601,2025-04-02,SUP-005,WHC-KHI-01,ING-041,178.08,178.08,178.08,on_time,0
DEL-001581,PO-001602,2025-04-04,SUP-005,WHC-KHI-01,ING-041,115.47,115.47,115.47,on_time,0
DEL-001582,PO-001603,2025-04-07,SUP-005,WHC-KHI-01,ING-041,123.34,123.34,123.34,on_time,0
DEL-001583,PO-001604,2025-04-08,SUP-005,WHC-KHI-01,ING-041,88.11,88.11,88.11,on_time,0
DEL-001584,PO-001605,2025-04-10,SUP-005,WHC-KHI-01,ING-041,136.06,136.06,136.06,on_time,0
DEL-001585,PO-001606,2025-04-12,SUP-005,WHC-KHI-01,ING-041,145.72,145.72,145.72,on_time,0
DEL-001586,PO-001607,2025-04-14,SUP-005,WHC-KHI-01,ING-041,114.46,114.46,114.46,on_time,0
DEL-001587,PO-001608,2025-04-17,SUP-005,WHC-KHI-01,ING-041,125.67,125.67,125.67,late,1
DEL-001588,PO-001609,2025-04-18,SUP-005,WHC-KHI-01,ING-041,137.91,137.91,137.91,on_time,0
DEL-001589,PO-001610,2025-04-20,SUP-005,WHC-KHI-01,ING-041,138.47,138.47,138.47,on_time,0
DEL-001590,PO-001611,2025-04-22,SUP-005,WHC-KHI-01,ING-041,98.52,89.13,89.13,on_time,0
DEL-001591,PO-001612,2025-04-24,SUP-005,WHC-KHI-01,ING-041,141.16,141.16,141.16,on_time,0
DEL-001592,PO-001613,2025-04-26,SUP-005,WHC-KHI-01,ING-041,152.83,152.83,152.83,on_time,0
DEL-001593,PO-001614,2025-04-28,SUP-005,WHC-KHI-01,ING-041,116.86,116.86,116.86,on_time,0
DEL-001594,PO-001615,2025-05-01,SUP-005,WHC-KHI-01,ING-041,125.28,125.28,125.28,on_time,0
DEL-001595,PO-001616,2025-05-02,SUP-005,WHC-KHI-01,ING-041,139.52,139.52,139.52,on_time,0
DEL-001596,PO-001617,2025-05-04,SUP-005,WHC-KHI-01,ING-041,142.48,127.12,127.12,on_time,0
DEL-001597,PO-001618,2025-05-06,SUP-005,WHC-KHI-01,ING-041,93.04,93.04,93.04,on_time,0
DEL-001598,PO-001619,2025-05-10,SUP-005,WHC-KHI-01,ING-041,138.14,138.14,138.14,on_time,0
DEL-001599,PO-001620,2025-05-11,SUP-005,WHC-KHI-01,ING-041,141.7,141.7,141.7,late,1
DEL-001600,PO-001621,2025-05-12,SUP-005,WHC-KHI-01,ING-041,110.01,110.01,110.01,on_time,0
DEL-001601,PO-001622,2025-05-16,SUP-005,WHC-KHI-01,ING-041,121.87,121.87,121.87,late,2
DEL-001602,PO-001623,2025-05-16,SUP-005,WHC-KHI-01,ING-041,126.09,126.09,126.09,on_time,0
DEL-001603,PO-001624,2025-05-18,SUP-005,WHC-KHI-01,ING-041,118.91,118.91,118.91,on_time,0
DEL-001604,PO-001625,2025-05-20,SUP-005,WHC-KHI-01,ING-041,80.58,80.58,80.58,on_time,0
DEL-001605,PO-001626,2025-05-22,SUP-005,WHC-KHI-01,ING-041,123.22,123.22,123.22,on_time,0
DEL-001606,PO-001627,2025-05-25,SUP-005,WHC-KHI-01,ING-041,142.17,142.17,142.17,late,1
DEL-001607,PO-001628,2025-05-26,SUP-005,WHC-KHI-01,ING-041,104.09,104.09,104.09,on_time,0
DEL-001608,PO-001629,2025-05-30,SUP-005,WHC-KHI-01,ING-041,116.88,116.88,116.88,late,2
DEL-001609,PO-001630,2025-05-30,SUP-005,WHC-KHI-01,ING-041,113.16,113.16,113.16,on_time,0
DEL-001610,PO-001631,2025-06-01,SUP-005,WHC-KHI-01,ING-041,126.47,126.47,126.47,on_time,0
DEL-001611,PO-001632,2025-06-03,SUP-005,WHC-KHI-01,ING-041,83.85,83.85,83.85,on_time,0
DEL-001612,PO-001633,2025-06-07,SUP-005,WHC-KHI-01,ING-041,131.82,131.82,113.73,on_time,0
DEL-001613,PO-001634,2025-06-07,SUP-005,WHC-KHI-01,ING-041,128.26,128.26,128.26,on_time,0
DEL-001614,PO-001635,2025-06-11,SUP-005,WHC-KHI-01,ING-041,103.92,103.92,103.92,on_time,0
DEL-001615,PO-001636,2025-06-13,SUP-005,WHC-KHI-01,ING-041,119.42,119.42,119.42,late,2
DEL-001616,PO-001637,2025-06-13,SUP-005,WHC-KHI-01,ING-041,114.87,114.87,114.87,on_time,0
DEL-001617,PO-001638,2025-06-16,SUP-005,WHC-KHI-01,ING-041,121.02,121.02,121.02,on_time,0
DEL-001618,PO-001639,2025-06-17,SUP-005,WHC-KHI-01,ING-041,88.16,88.16,88.16,on_time,0
DEL-001619,PO-001640,2025-06-19,SUP-005,WHC-KHI-01,ING-041,134.45,124.93,124.93,on_time,0
DEL-001620,PO-001641,2025-06-21,SUP-005,WHC-KHI-01,ING-041,136.28,136.28,136.28,on_time,0
DEL-001621,PO-001642,2025-06-26,SUP-005,WHC-KHI-01,ING-041,106.37,106.37,106.37,very_late,3
DEL-001622,PO-001643,2025-06-27,SUP-005,WHC-KHI-01,ING-041,118.07,118.07,118.07,late,2
DEL-001623,PO-001644,2025-06-27,SUP-005,WHC-KHI-01,ING-041,118.07,118.07,118.07,on_time,0
DEL-001624,PO-001645,2025-06-29,SUP-005,WHC-KHI-01,ING-041,131.21,131.21,131.21,on_time,0
DEL-001625,PO-001646,2025-07-01,SUP-005,WHC-KHI-01,ING-041,43.08,43.08,43.08,on_time,0
DEL-001626,PO-001647,2025-01-02,SUP-005,WHC-KHI-01,ING-043,310.44,310.44,310.44,on_time,0
DEL-001627,PO-001648,2025-01-04,SUP-005,WHC-KHI-01,ING-043,366.21,366.21,366.21,on_time,0
DEL-001628,PO-001649,2025-01-07,SUP-005,WHC-KHI-01,ING-043,292.76,292.76,292.76,late,1
DEL-001629,PO-001650,2025-01-08,SUP-005,WHC-KHI-01,ING-043,272.28,272.28,272.28,on_time,0
DEL-001630,PO-001651,2025-01-10,SUP-005,WHC-KHI-01,ING-043,335.75,335.75,335.75,on_time,0
DEL-001631,PO-001652,2025-01-14,SUP-005,WHC-KHI-01,ING-043,348.36,348.36,348.36,late,2
DEL-001632,PO-001653,2025-01-14,SUP-005,WHC-KHI-01,ING-043,246.3,246.3,246.3,on_time,0
DEL-001633,PO-001654,2025-01-16,SUP-005,WHC-KHI-01,ING-043,295.83,295.83,295.83,on_time,0
DEL-001634,PO-001655,2025-01-18,SUP-005,WHC-KHI-01,ING-043,413.61,413.61,413.61,on_time,0
DEL-001635,PO-001656,2025-01-20,SUP-005,WHC-KHI-01,ING-043,293.82,293.82,293.82,on_time,0
DEL-001636,PO-001657,2025-01-22,SUP-005,WHC-KHI-01,ING-043,266.24,231.89,231.89,on_time,0
DEL-001637,PO-001658,2025-01-25,SUP-005,WHC-KHI-01,ING-043,357.44,357.44,357.44,late,1
DEL-001638,PO-001659,2025-01-26,SUP-005,WHC-KHI-01,ING-043,389.06,389.06,389.06,on_time,0
DEL-001639,PO-001660,2025-01-28,SUP-005,WHC-KHI-01,ING-043,236.39,236.39,236.39,on_time,0
DEL-001640,PO-001661,2025-01-30,SUP-005,WHC-KHI-01,ING-043,300.0,300.0,300.0,on_time,0
DEL-001641,PO-001662,2025-02-01,SUP-005,WHC-KHI-01,ING-043,382.69,382.69,382.69,on_time,0
DEL-001642,PO-001663,2025-02-05,SUP-005,WHC-KHI-01,ING-043,316.42,278.98,278.98,late,2
DEL-001643,PO-001664,2025-02-05,SUP-005,WHC-KHI-01,ING-043,269.2,269.2,269.2,on_time,0
DEL-001644,PO-001665,2025-02-07,SUP-005,WHC-KHI-01,ING-043,350.24,350.24,350.24,on_time,0
DEL-001645,PO-001666,2025-02-09,SUP-005,WHC-KHI-01,ING-043,381.61,381.61,381.61,on_time,0
DEL-001646,PO-001667,2025-02-11,SUP-005,WHC-KHI-01,ING-043,231.9,231.9,231.9,on_time,0
DEL-001647,PO-001668,2025-02-13,SUP-005,WHC-KHI-01,ING-043,278.55,278.55,278.55,on_time,0
DEL-001648,PO-001669,2025-02-18,SUP-005,WHC-KHI-01,ING-043,390.48,390.48,390.48,late,1
DEL-001649,PO-001670,2025-02-17,SUP-005,WHC-KHI-01,ING-043,325.58,325.58,325.58,on_time,0
DEL-001650,PO-001671,2025-02-19,SUP-005,WHC-KHI-01,ING-043,260.71,260.71,260.71,on_time,0
DEL-001651,PO-001672,2025-02-23,SUP-005,WHC-KHI-01,ING-043,343.85,343.85,343.85,late,1
DEL-001652,PO-001673,2025-02-28,SUP-005,WHC-KHI-01,ING-043,380.68,380.68,380.68,very_late,4
DEL-001653,PO-001674,2025-02-25,SUP-005,WHC-KHI-01,ING-043,259.99,259.99,259.99,on_time,0
DEL-001654,PO-001675,2025-02-28,SUP-005,WHC-KHI-01,ING-043,299.18,299.18,299.18,late,1
DEL-001655,PO-001676,2025-03-01,SUP-005,WHC-KHI-01,ING-043,441.78,441.78,441.78,on_time,0
DEL-001656,PO-001677,2025-03-03,SUP-005,WHC-KHI-01,ING-043,405.06,405.06,405.06,on_time,0
DEL-001657,PO-001678,2025-03-05,SUP-005,WHC-KHI-01,ING-043,340.24,340.24,340.24,on_time,0
DEL-001658,PO-001679,2025-03-08,SUP-005,WHC-KHI-01,ING-043,462.32,462.32,462.32,late,1
DEL-001659,PO-001680,2025-03-13,SUP-005,WHC-KHI-01,ING-043,505.62,440.73,440.73,very_late,4
DEL-001660,PO-001682,2025-03-15,SUP-005,WHC-KHI-01,ING-043,368.41,368.41,368.41,late,2
DEL-001661,PO-001683,2025-03-15,SUP-005,WHC-KHI-01,ING-043,542.93,542.93,542.93,on_time,0
DEL-001662,PO-001684,2025-03-19,SUP-005,WHC-KHI-01,ING-043,401.87,371.14,371.14,on_time,0
DEL-001663,PO-001685,2025-03-20,SUP-005,WHC-KHI-01,ING-043,326.09,326.09,326.09,on_time,0
DEL-001664,PO-001686,2025-03-22,SUP-005,WHC-KHI-01,ING-043,478.36,478.36,478.36,late,1
DEL-001665,PO-001687,2025-03-23,SUP-005,WHC-KHI-01,ING-043,501.72,501.72,501.72,on_time,0
DEL-001666,PO-001688,2025-03-26,SUP-005,WHC-KHI-01,ING-043,316.94,286.93,286.93,late,1
DEL-001667,PO-001689,2025-03-27,SUP-005,WHC-KHI-01,ING-043,380.33,380.33,380.33,on_time,0
DEL-001668,PO-001690,2025-03-29,SUP-005,WHC-KHI-01,ING-043,493.88,493.88,493.88,on_time,0
DEL-001669,PO-001691,2025-03-31,SUP-005,WHC-KHI-01,ING-043,430.08,384.96,384.96,on_time,0
DEL-001670,PO-001692,2025-04-02,SUP-005,WHC-KHI-01,ING-043,410.61,410.61,410.61,on_time,0
DEL-001671,PO-001693,2025-04-04,SUP-005,WHC-KHI-01,ING-043,366.21,366.21,366.21,on_time,0
DEL-001672,PO-001694,2025-04-06,SUP-005,WHC-KHI-01,ING-043,366.2,366.2,366.2,on_time,0
DEL-001673,PO-001695,2025-04-08,SUP-005,WHC-KHI-01,ING-043,237.27,237.27,237.27,on_time,0
DEL-001674,PO-001696,2025-04-10,SUP-005,WHC-KHI-01,ING-043,308.29,308.29,308.29,on_time,0
DEL-001675,PO-001697,2025-04-13,SUP-005,WHC-KHI-01,ING-043,468.87,468.87,468.87,late,1
DEL-001676,PO-001698,2025-04-14,SUP-005,WHC-KHI-01,ING-043,323.64,323.64,323.64,on_time,0
DEL-001677,PO-001699,2025-04-16,SUP-005,WHC-KHI-01,ING-043,309.24,309.24,309.24,on_time,0
DEL-001678,PO-001700,2025-04-21,SUP-005,WHC-KHI-01,ING-043,387.78,387.78,387.78,very_late,3
DEL-001679,PO-001701,2025-04-20,SUP-005,WHC-KHI-01,ING-043,457.16,457.16,457.16,on_time,0
DEL-001680,PO-001702,2025-04-22,SUP-005,WHC-KHI-01,ING-043,281.16,281.16,281.16,on_time,0
DEL-001681,PO-001703,2025-04-28,SUP-005,WHC-KHI-01,ING-043,337.66,337.66,337.66,very_late,4
DEL-001682,PO-001704,2025-04-27,SUP-005,WHC-KHI-01,ING-043,437.41,381.36,381.36,late,1
DEL-001683,PO-001705,2025-04-30,SUP-005,WHC-KHI-01,ING-043,351.31,351.31,351.31,late,1
DEL-001684,PO-001706,2025-05-02,SUP-005,WHC-KHI-01,ING-043,325.11,325.11,325.11,on_time,0
DEL-001685,PO-001707,2025-05-03,SUP-005,WHC-KHI-01,ING-043,393.67,393.67,393.67,late,1
DEL-001686,PO-001708,2025-05-04,SUP-005,WHC-KHI-01,ING-043,444.96,444.96,444.96,on_time,0
DEL-001687,PO-001709,2025-05-08,SUP-005,WHC-KHI-01,ING-043,280.37,280.37,280.37,late,2
DEL-001688,PO-001710,2025-05-08,SUP-005,WHC-KHI-01,ING-043,298.4,298.4,298.4,on_time,0
DEL-001689,PO-001711,2025-05-11,SUP-005,WHC-KHI-01,ING-043,459.72,459.72,459.72,on_time,0
DEL-001690,PO-001712,2025-05-14,SUP-005,WHC-KHI-01,ING-043,339.79,339.79,339.79,late,1
DEL-001691,PO-001713,2025-05-14,SUP-005,WHC-KHI-01,ING-043,295.75,268.51,268.51,on_time,0
DEL-001692,PO-001714,2025-05-16,SUP-005,WHC-KHI-01,ING-043,357.08,357.08,357.08,on_time,0
DEL-001693,PO-001715,2025-05-19,SUP-005,WHC-KHI-01,ING-043,383.25,383.25,383.25,late,1
DEL-001694,PO-001716,2025-05-20,SUP-005,WHC-KHI-01,ING-043,251.39,251.39,251.39,on_time,0
DEL-001695,PO-001717,2025-05-23,SUP-005,WHC-KHI-01,ING-043,297.15,269.34,269.34,late,1
DEL-001696,PO-001718,2025-05-25,SUP-005,WHC-KHI-01,ING-043,379.75,379.75,379.75,late,1
DEL-001697,PO-001719,2025-05-26,SUP-005,WHC-KHI-01,ING-043,316.4,316.4,316.4,on_time,0
DEL-001698,PO-001720,2025-05-28,SUP-005,WHC-KHI-01,ING-043,263.57,263.57,263.57,on_time,0
DEL-001699,PO-001721,2025-05-30,SUP-005,WHC-KHI-01,ING-043,352.62,352.62,352.62,on_time,0
DEL-001700,PO-001722,2025-06-01,SUP-005,WHC-KHI-01,ING-043,399.56,399.56,399.56,on_time,0
DEL-001701,PO-001723,2025-06-04,SUP-005,WHC-KHI-01,ING-043,246.05,246.05,246.05,late,1
DEL-001702,PO-001724,2025-06-05,SUP-005,WHC-KHI-01,ING-043,290.59,290.59,290.59,on_time,0
DEL-001703,PO-001725,2025-06-10,SUP-005,WHC-KHI-01,ING-043,415.18,415.18,415.18,very_late,3
DEL-001704,PO-001726,2025-06-11,SUP-005,WHC-KHI-01,ING-043,295.57,295.57,295.57,late,2
DEL-001705,PO-001727,2025-06-11,SUP-005,WHC-KHI-01,ING-043,262.83,262.83,262.83,on_time,0
DEL-001706,PO-001728,2025-06-13,SUP-005,WHC-KHI-01,ING-043,358.17,358.17,358.17,on_time,0
DEL-001707,PO-001729,2025-06-15,SUP-005,WHC-KHI-01,ING-043,393.57,393.57,393.57,on_time,0
DEL-001708,PO-001730,2025-06-17,SUP-005,WHC-KHI-01,ING-043,247.78,247.78,247.78,on_time,0
DEL-001709,PO-001731,2025-06-21,SUP-005,WHC-KHI-01,ING-043,299.0,299.0,299.0,late,2
DEL-001710,PO-001732,2025-06-21,SUP-005,WHC-KHI-01,ING-043,416.37,416.37,416.37,on_time,0
DEL-001711,PO-001733,2025-06-24,SUP-005,WHC-KHI-01,ING-043,282.29,282.29,282.29,on_time,0
DEL-001712,PO-001734,2025-06-25,SUP-005,WHC-KHI-01,ING-043,260.52,260.52,247.22,on_time,0
DEL-001713,PO-001735,2025-07-03,SUP-005,WHC-KHI-01,ING-043,324.78,324.78,324.78,very_late,5
DEL-001714,PO-001736,2025-06-29,SUP-005,WHC-KHI-01,ING-043,377.69,377.69,377.69,on_time,0
DEL-001715,PO-001737,2025-07-01,SUP-005,WHC-KHI-01,ING-043,122.38,122.38,122.38,on_time,0
DEL-001716,PO-001738,2025-01-03,SUP-006,WHC-KHI-01,ING-050,82238.72,82238.72,82238.72,on_time,0
DEL-001717,PO-001739,2025-01-07,SUP-006,WHC-KHI-01,ING-050,72330.23,72330.23,63855.89,on_time,0
DEL-001718,PO-001740,2025-01-11,SUP-006,WHC-KHI-01,ING-050,85309.34,85309.34,85309.34,on_time,0
DEL-001719,PO-001741,2025-01-15,SUP-006,WHC-KHI-01,ING-050,68533.69,68533.69,68533.69,on_time,0
DEL-001720,PO-001742,2025-01-20,SUP-006,WHC-KHI-01,ING-050,81526.04,81526.04,81526.04,on_time,0
DEL-001721,PO-001743,2025-01-28,SUP-006,WHC-KHI-01,ING-050,76092.58,76092.58,76092.58,very_late,5
DEL-001722,PO-001744,2025-01-27,SUP-006,WHC-KHI-01,ING-050,65658.74,65658.74,65658.74,on_time,0
DEL-001723,PO-001745,2025-01-31,SUP-006,WHC-KHI-01,ING-050,79738.89,79738.89,69101.42,on_time,0
DEL-001724,PO-001746,2025-02-06,SUP-006,WHC-KHI-01,ING-050,78436.5,78436.5,78436.5,late,2
DEL-001725,PO-001747,2025-02-08,SUP-006,WHC-KHI-01,ING-050,84000.97,71649.66,71649.66,on_time,0
DEL-001726,PO-001748,2025-02-12,SUP-006,WHC-KHI-01,ING-050,73658.66,73658.66,73658.66,on_time,0
DEL-001727,PO-001749,2025-02-16,SUP-006,WHC-KHI-01,ING-050,77539.62,77539.62,77539.62,on_time,0
DEL-001728,PO-001750,2025-02-20,SUP-006,WHC-KHI-01,ING-050,72719.09,72719.09,72719.09,on_time,0
DEL-001729,PO-001751,2025-02-24,SUP-006,WHC-KHI-01,ING-050,65494.31,65494.31,65494.31,on_time,0
DEL-001730,PO-001752,2025-03-02,SUP-006,WHC-KHI-01,ING-050,93020.27,93020.27,93020.27,on_time,0
DEL-001731,PO-001753,2025-03-04,SUP-006,WHC-KHI-01,ING-050,97491.88,97491.88,97491.88,on_time,0
DEL-001732,PO-001754,2025-03-08,SUP-006,WHC-KHI-01,ING-050,103598.19,103598.19,103598.19,on_time,0
DEL-001733,PO-001755,2025-03-12,SUP-006,WHC-KHI-01,ING-050,93480.57,93480.57,93480.57,on_time,0
DEL-001734,PO-001756,2025-03-16,SUP-006,WHC-KHI-01,ING-050,95399.69,87703.23,87703.23,on_time,0
DEL-001735,PO-001757,2025-03-21,SUP-006,WHC-KHI-01,ING-050,98611.69,98611.69,98611.69,late,1
DEL-001736,PO-001758,2025-03-24,SUP-006,WHC-KHI-01,ING-050,90918.06,90918.06,90918.06,on_time,0
DEL-001737,PO-001759,2025-03-30,SUP-006,WHC-KHI-01,ING-050,116303.08,116303.08,116303.08,on_time,0
DEL-001738,PO-001761,2025-04-09,SUP-006,WHC-KHI-01,ING-050,82017.07,82017.07,82017.07,very_late,4
DEL-001739,PO-001762,2025-04-14,SUP-006,WHC-KHI-01,ING-050,67092.36,67092.36,67092.36,very_late,5
DEL-001740,PO-001763,2025-04-14,SUP-006,WHC-KHI-01,ING-050,89251.93,89251.93,89251.93,late,1
DEL-001741,PO-001764,2025-04-21,SUP-006,WHC-KHI-01,ING-050,83375.15,83375.15,83375.15,very_late,4
DEL-001742,PO-001765,2025-04-25,SUP-006,WHC-KHI-01,ING-050,84250.74,84250.74,84250.74,very_late,4
DEL-001743,PO-001766,2025-04-25,SUP-006,WHC-KHI-01,ING-050,100200.03,100200.03,100200.03,on_time,0
DEL-001744,PO-001767,2025-04-29,SUP-006,WHC-KHI-01,ING-050,82607.37,82607.37,82607.37,on_time,0
DEL-001745,PO-001768,2025-05-03,SUP-006,WHC-KHI-01,ING-050,88824.98,88824.98,88824.98,on_time,0
DEL-001746,PO-001769,2025-05-07,SUP-006,WHC-KHI-01,ING-050,80622.76,80622.76,80622.76,on_time,0
DEL-001747,PO-001770,2025-05-11,SUP-006,WHC-KHI-01,ING-050,82150.18,82150.18,82150.18,on_time,0
DEL-001748,PO-001771,2025-05-15,SUP-006,WHC-KHI-01,ING-050,85303.47,85303.47,85303.47,on_time,0
DEL-001749,PO-001772,2025-05-22,SUP-006,WHC-KHI-01,ING-050,71255.73,60852.48,60852.48,very_late,3
DEL-001750,PO-001773,2025-05-23,SUP-006,WHC-KHI-01,ING-050,85600.07,85600.07,85600.07,on_time,0
DEL-001751,PO-001774,2025-05-27,SUP-006,WHC-KHI-01,ING-050,74945.51,74945.51,74945.51,on_time,0
DEL-001752,PO-001775,2025-05-31,SUP-006,WHC-KHI-01,ING-050,82644.53,82644.53,82644.53,on_time,0
DEL-001753,PO-001776,2025-06-05,SUP-006,WHC-KHI-01,ING-050,71589.74,71589.74,71589.74,late,1
DEL-001754,PO-001777,2025-06-09,SUP-006,WHC-KHI-01,ING-050,79271.34,79271.34,79271.34,on_time,0
DEL-001755,PO-001778,2025-06-12,SUP-006,WHC-KHI-01,ING-050,79633.98,79633.98,79633.98,on_time,0
DEL-001756,PO-001779,2025-06-16,SUP-006,WHC-KHI-01,ING-050,69968.68,69968.68,69968.68,on_time,0
DEL-001757,PO-001780,2025-06-20,SUP-006,WHC-KHI-01,ING-050,81343.7,81343.7,81343.7,on_time,0
DEL-001758,PO-001781,2025-06-24,SUP-006,WHC-KHI-01,ING-050,68411.85,68411.85,68411.85,on_time,0
DEL-001759,PO-001782,2025-07-03,SUP-006,WHC-KHI-01,ING-050,83382.7,83382.7,83382.7,very_late,5
DEL-001760,PO-001783,2025-07-02,SUP-006,WHC-KHI-01,ING-050,14326.57,14326.57,14326.57,on_time,0
DEL-001761,PO-001784,2025-01-09,SUP-010,WHC-KHI-01,ING-060,15137.03,15137.03,15137.03,late,2
DEL-001762,PO-001785,2025-01-15,SUP-010,WHC-KHI-01,ING-060,15195.35,15195.35,15195.35,on_time,0
DEL-001763,PO-001786,2025-01-25,SUP-010,WHC-KHI-01,ING-060,14623.01,14623.01,14623.01,on_time,0
DEL-001764,PO-001787,2025-02-04,SUP-010,WHC-KHI-01,ING-060,15945.42,14275.85,14275.85,on_time,0
DEL-001765,PO-001788,2025-02-14,SUP-010,WHC-KHI-01,ING-060,15403.65,15403.65,15403.65,on_time,0
DEL-001766,PO-001789,2025-02-24,SUP-010,WHC-KHI-01,ING-060,16137.63,16137.63,16137.63,on_time,0
DEL-001767,PO-001790,2025-03-06,SUP-010,WHC-KHI-01,ING-060,19369.86,19369.86,19369.86,on_time,0
DEL-001768,PO-001791,2025-03-18,SUP-010,WHC-KHI-01,ING-060,19925.09,19925.09,19925.09,on_time,0
DEL-001769,PO-001792,2025-03-26,SUP-010,WHC-KHI-01,ING-060,20152.07,20152.07,20152.07,on_time,0
DEL-001770,PO-001793,2025-04-05,SUP-010,WHC-KHI-01,ING-060,15635.88,15635.88,15635.88,on_time,0
DEL-001771,PO-001794,2025-04-15,SUP-010,WHC-KHI-01,ING-060,18411.22,18411.22,18411.22,on_time,0
DEL-001772,PO-001795,2025-04-29,SUP-010,WHC-KHI-01,ING-060,17509.78,16621.15,16621.15,very_late,4
DEL-001773,PO-001796,2025-05-05,SUP-010,WHC-KHI-01,ING-060,18933.17,18933.17,18933.17,on_time,0
DEL-001774,PO-001797,2025-05-15,SUP-010,WHC-KHI-01,ING-060,15728.45,15728.45,15728.45,on_time,0
DEL-001775,PO-001798,2025-05-26,SUP-010,WHC-KHI-01,ING-060,15377.42,15377.42,15377.42,on_time,0
DEL-001776,PO-001799,2025-06-04,SUP-010,WHC-KHI-01,ING-060,15675.02,15675.02,15675.02,on_time,0
DEL-001777,PO-001800,2025-06-14,SUP-010,WHC-KHI-01,ING-060,15681.1,15681.1,15681.1,on_time,0
DEL-001778,PO-001801,2025-06-24,SUP-010,WHC-KHI-01,ING-060,15856.44,15856.44,15856.44,on_time,0
DEL-001779,PO-001802,2025-07-04,SUP-010,WHC-KHI-01,ING-060,1257.42,1257.42,1257.42,on_time,0
DEL-001780,PO-001803,2025-01-05,SUP-010,WHC-KHI-01,ING-061,10650.51,10650.51,10650.51,on_time,0
DEL-001781,PO-001804,2025-01-17,SUP-010,WHC-KHI-01,ING-061,10859.94,10859.94,10859.94,on_time,0
DEL-001782,PO-001805,2025-01-25,SUP-010,WHC-KHI-01,ING-061,10013.74,10013.74,10013.74,on_time,0
DEL-001783,PO-001806,2025-02-04,SUP-010,WHC-KHI-01,ING-061,11446.53,11446.53,11446.53,on_time,0
DEL-001784,PO-001807,2025-02-16,SUP-010,WHC-KHI-01,ING-061,9282.45,9282.45,9282.45,late,2
DEL-001785,PO-001808,2025-03-01,SUP-010,WHC-KHI-01,ING-061,10511.74,10511.74,10511.74,very_late,5
DEL-001786,PO-001809,2025-03-06,SUP-010,WHC-KHI-01,ING-061,12628.19,12628.19,12628.19,on_time,0
DEL-001787,PO-001810,2025-03-16,SUP-010,WHC-KHI-01,ING-061,14160.87,14160.87,14160.87,on_time,0
DEL-001788,PO-001811,2025-03-26,SUP-010,WHC-KHI-01,ING-061,13805.64,13805.64,13805.64,on_time,0
DEL-001789,PO-001812,2025-04-05,SUP-010,WHC-KHI-01,ING-061,11281.56,11281.56,11281.56,on_time,0
DEL-001790,PO-001813,2025-04-15,SUP-010,WHC-KHI-01,ING-061,13219.89,13219.89,13219.89,on_time,0
DEL-001791,PO-001814,2025-04-25,SUP-010,WHC-KHI-01,ING-061,11121.26,11121.26,11121.26,on_time,0
DEL-001792,PO-001815,2025-05-12,SUP-010,WHC-KHI-01,ING-061,12292.85,12292.85,12292.85,very_late,5
DEL-001793,PO-001816,2025-05-15,SUP-010,WHC-KHI-01,ING-061,9870.05,9870.05,9870.05,on_time,0
DEL-001794,PO-001817,2025-05-28,SUP-010,WHC-KHI-01,ING-061,10016.35,10016.35,10016.35,very_late,3
DEL-001795,PO-001818,2025-06-05,SUP-010,WHC-KHI-01,ING-061,10775.32,10775.32,10775.32,late,1
DEL-001796,PO-001819,2025-06-14,SUP-010,WHC-KHI-01,ING-061,9688.48,9688.48,9688.48,on_time,0
DEL-001797,PO-001820,2025-06-24,SUP-010,WHC-KHI-01,ING-061,11165.3,11165.3,11165.3,on_time,0
DEL-001798,PO-001821,2025-07-04,SUP-010,WHC-KHI-01,ING-061,794.12,794.12,794.12,on_time,0
DEL-001799,PO-001822,2025-01-06,SUP-012,WHC-KHI-01,ING-080,9837.16,9837.16,9837.16,on_time,0
DEL-001800,PO-001823,2025-01-27,SUP-012,WHC-KHI-01,ING-080,11024.05,11024.05,11024.05,on_time,0
DEL-001801,PO-001824,2025-02-17,SUP-012,WHC-KHI-01,ING-080,10536.98,10536.98,10536.98,on_time,0
DEL-001802,PO-001825,2025-03-10,SUP-012,WHC-KHI-01,ING-080,14476.94,14476.94,13525.76,on_time,0
DEL-001803,PO-001826,2025-03-31,SUP-012,WHC-KHI-01,ING-080,12242.12,12242.12,12242.12,on_time,0
DEL-001804,PO-001828,2025-05-12,SUP-012,WHC-KHI-01,ING-080,11207.56,11207.56,11207.56,on_time,0
DEL-001805,PO-001829,2025-06-02,SUP-012,WHC-KHI-01,ING-080,10785.05,10785.05,10785.05,on_time,0
DEL-001806,PO-001830,2025-06-23,SUP-012,WHC-KHI-01,ING-080,6726.56,6726.56,6726.56,on_time,0
DEL-001807,PO-001831,2025-01-08,SUP-007,WHD-KHI-01,ING-010,52023.79,52023.79,52023.79,on_time,0
DEL-001808,PO-001832,2025-02-07,SUP-007,WHD-KHI-01,ING-010,53063.25,46994.23,46994.23,on_time,0
DEL-001809,PO-001833,2025-03-07,SUP-007,WHD-KHI-01,ING-010,83350.67,83350.67,83350.67,on_time,0
DEL-001810,PO-001834,2025-04-06,SUP-007,WHD-KHI-01,ING-010,57465.37,57465.37,57465.37,on_time,0
DEL-001811,PO-001835,2025-05-06,SUP-007,WHD-KHI-01,ING-010,54558.34,54558.34,54558.34,on_time,0
DEL-001812,PO-001836,2025-06-06,SUP-007,WHD-KHI-01,ING-010,49548.98,49548.98,49548.98,late,1
DEL-001813,PO-001837,2025-07-05,SUP-007,WHD-KHI-01,ING-010,1297.17,1142.38,1142.38,on_time,0
DEL-001814,PO-001838,2025-01-06,SUP-007,WHD-KHI-01,ING-011,138289.93,138289.93,138289.93,on_time,0
DEL-001815,PO-001839,2025-01-27,SUP-007,WHD-KHI-01,ING-011,151581.09,151581.09,151581.09,on_time,0
DEL-001816,PO-001840,2025-02-17,SUP-007,WHD-KHI-01,ING-011,155116.77,155116.77,155116.77,on_time,0
DEL-001817,PO-001841,2025-03-10,SUP-007,WHD-KHI-01,ING-011,225046.32,203453.86,203453.86,on_time,0
DEL-001818,PO-001842,2025-03-31,SUP-007,WHD-KHI-01,ING-011,185640.92,185640.92,185640.92,on_time,0
DEL-001819,PO-001843,2025-04-21,SUP-007,WHD-KHI-01,ING-011,171313.77,171313.77,171313.77,on_time,0
DEL-001820,PO-001844,2025-05-12,SUP-007,WHD-KHI-01,ING-011,153957.38,153957.38,153957.38,on_time,0
DEL-001821,PO-001845,2025-06-04,SUP-007,WHD-KHI-01,ING-011,149399.77,149399.77,149399.77,on_time,0
DEL-001822,PO-001846,2025-06-23,SUP-007,WHD-KHI-01,ING-011,86452.04,86452.04,86452.04,on_time,0
DEL-001823,PO-001847,2025-01-04,SUP-003,WHD-KHI-01,ING-020,49668.74,49668.74,49668.74,on_time,0
DEL-001824,PO-001848,2025-01-18,SUP-003,WHD-KHI-01,ING-020,52110.22,52110.22,52110.22,on_time,0
DEL-001825,PO-001849,2025-02-02,SUP-003,WHD-KHI-01,ING-020,52470.49,52470.49,52470.49,late,1
DEL-001826,PO-001850,2025-02-15,SUP-003,WHD-KHI-01,ING-020,56020.7,56020.7,56020.7,on_time,0
DEL-001827,PO-001851,2025-03-01,SUP-003,WHD-KHI-01,ING-020,78875.89,78875.89,78875.89,on_time,0
DEL-001828,PO-001852,2025-03-18,SUP-003,WHD-KHI-01,ING-020,82245.99,82245.99,82245.99,very_late,3
DEL-001829,PO-001853,2025-03-29,SUP-003,WHD-KHI-01,ING-020,70576.13,70576.13,70576.13,on_time,0
DEL-001830,PO-001854,2025-04-12,SUP-003,WHD-KHI-01,ING-020,59245.86,59245.86,59245.86,on_time,0
DEL-001831,PO-001855,2025-04-26,SUP-003,WHD-KHI-01,ING-020,58854.49,58854.49,58854.49,on_time,0
DEL-001832,PO-001856,2025-05-10,SUP-003,WHD-KHI-01,ING-020,59272.9,59272.9,59272.9,on_time,0
DEL-001833,PO-001857,2025-05-31,SUP-003,WHD-KHI-01,ING-020,51927.65,48459.37,48459.37,very_late,5
DEL-001834,PO-001858,2025-06-10,SUP-003,WHD-KHI-01,ING-020,55538.63,55538.63,55538.63,very_late,3
DEL-001835,PO-001859,2025-06-21,SUP-003,WHD-KHI-01,ING-020,51814.65,51814.65,51814.65,on_time,0
DEL-001836,PO-001860,2025-01-02,SUP-004,WHD-KHI-01,ING-030,48600.02,48600.02,48600.02,on_time,0
DEL-001837,PO-001861,2025-01-04,SUP-004,WHD-KHI-01,ING-030,47333.15,47333.15,47333.15,on_time,0
DEL-001838,PO-001862,2025-01-06,SUP-004,WHD-KHI-01,ING-030,35203.68,35203.68,35203.68,on_time,0
DEL-001839,PO-001863,2025-01-08,SUP-004,WHD-KHI-01,ING-030,40351.45,40351.45,40351.45,on_time,0
DEL-001840,PO-001864,2025-01-10,SUP-004,WHD-KHI-01,ING-030,44755.54,44755.54,44755.54,on_time,0
DEL-001841,PO-001865,2025-01-12,SUP-004,WHD-KHI-01,ING-030,48543.31,48543.31,48543.31,on_time,0
DEL-001842,PO-001866,2025-01-15,SUP-004,WHD-KHI-01,ING-030,30556.77,30556.77,30556.77,late,1
DEL-001843,PO-001867,2025-01-16,SUP-004,WHD-KHI-01,ING-030,43685.78,43685.78,43685.78,on_time,0
DEL-001844,PO-001868,2025-01-20,SUP-004,WHD-KHI-01,ING-030,50215.34,50215.34,50215.34,late,2
DEL-001845,PO-001869,2025-01-20,SUP-004,WHD-KHI-01,ING-030,38854.22,38854.22,34157.78,on_time,0
DEL-001846,PO-001870,2025-01-22,SUP-004,WHD-KHI-01,ING-030,41378.31,41378.31,41378.31,on_time,0
DEL-001847,PO-001871,2025-01-26,SUP-004,WHD-KHI-01,ING-030,41384.98,41384.98,41384.98,late,2
DEL-001848,PO-001872,2025-01-26,SUP-004,WHD-KHI-01,ING-030,46505.42,46505.42,46505.42,on_time,0
DEL-001849,PO-001873,2025-01-29,SUP-004,WHD-KHI-01,ING-030,29482.91,29482.91,29482.91,on_time,0
DEL-001850,PO-001874,2025-01-30,SUP-004,WHD-KHI-01,ING-030,41957.5,41957.5,41957.5,on_time,0
DEL-001851,PO-001875,2025-02-01,SUP-004,WHD-KHI-01,ING-030,48546.95,48546.95,48546.95,on_time,0
DEL-001852,PO-001876,2025-02-03,SUP-004,WHD-KHI-01,ING-030,34843.74,34843.74,34843.74,on_time,0
DEL-001853,PO-001877,2025-02-05,SUP-004,WHD-KHI-01,ING-030,45674.67,45674.67,45674.67,on_time,0
DEL-001854,PO-001878,2025-02-07,SUP-004,WHD-KHI-01,ING-030,45623.98,45623.98,45623.98,on_time,0
DEL-001855,PO-001879,2025-02-14,SUP-004,WHD-KHI-01,ING-030,44568.21,44568.21,44568.21,very_late,5
DEL-001856,PO-001880,2025-02-13,SUP-004,WHD-KHI-01,ING-030,31289.83,31289.83,31289.83,late,2
DEL-001857,PO-001881,2025-02-15,SUP-004,WHD-KHI-01,ING-030,45126.78,45126.78,45126.78,late,2
DEL-001858,PO-001882,2025-02-18,SUP-004,WHD-KHI-01,ING-030,48358.28,48358.28,48358.28,late,2
DEL-001859,PO-001883,2025-02-17,SUP-004,WHD-KHI-01,ING-030,36944.53,36944.53,36944.53,on_time,0
DEL-001860,PO-001884,2025-02-20,SUP-004,WHD-KHI-01,ING-030,39879.04,39879.04,39879.04,on_time,0
DEL-001861,PO-001885,2025-02-21,SUP-004,WHD-KHI-01,ING-030,44872.37,44872.37,44872.37,on_time,0
DEL-001862,PO-001886,2025-02-24,SUP-004,WHD-KHI-01,ING-030,43666.84,43666.84,43666.84,on_time,0
DEL-001863,PO-001887,2025-02-25,SUP-004,WHD-KHI-01,ING-030,29167.89,29167.89,29167.89,on_time,0
DEL-001864,PO-001888,2025-02-27,SUP-004,WHD-KHI-01,ING-030,44532.15,44532.15,44532.15,on_time,0
DEL-001865,PO-001889,2025-03-02,SUP-004,WHD-KHI-01,ING-030,58556.06,54737.19,54737.19,late,1
DEL-001866,PO-001890,2025-03-05,SUP-004,WHD-KHI-01,ING-030,47133.87,47133.87,47133.87,on_time,0
DEL-001867,PO-001891,2025-03-07,SUP-004,WHD-KHI-01,ING-030,52105.95,52105.95,52105.95,on_time,0
DEL-001868,PO-001892,2025-03-07,SUP-004,WHD-KHI-01,ING-030,54244.85,54244.85,54244.85,on_time,0
DEL-001869,PO-001893,2025-03-11,SUP-004,WHD-KHI-01,ING-030,59651.61,59651.61,59651.61,on_time,0
DEL-001870,PO-001894,2025-03-13,SUP-004,WHD-KHI-01,ING-030,38003.52,38003.52,38003.52,late,2
DEL-001871,PO-001895,2025-03-13,SUP-004,WHD-KHI-01,ING-030,55788.81,55788.81,55788.81,on_time,0
DEL-001872,PO-001896,2025-03-16,SUP-004,WHD-KHI-01,ING-030,64586.6,64586.6,64586.6,late,1
DEL-001873,PO-001897,2025-03-17,SUP-004,WHD-KHI-01,ING-030,50611.86,50611.86,50611.86,on_time,0
DEL-001874,PO-001898,2025-03-19,SUP-004,WHD-KHI-01,ING-030,50609.52,50609.52,50609.52,on_time,0
DEL-001875,PO-001899,2025-03-21,SUP-004,WHD-KHI-01,ING-030,58622.25,58622.25,58622.25,on_time,0
DEL-001876,PO-001900,2025-03-23,SUP-004,WHD-KHI-01,ING-030,64376.1,64376.1,64376.1,on_time,0
DEL-001877,PO-001901,2025-03-25,SUP-004,WHD-KHI-01,ING-030,40827.36,40827.36,40827.36,on_time,0
DEL-001878,PO-001902,2025-03-30,SUP-004,WHD-KHI-01,ING-030,53424.85,53424.85,53424.85,very_late,3
DEL-001879,PO-001903,2025-03-30,SUP-004,WHD-KHI-01,ING-030,61199.58,61199.58,61199.58,late,1
DEL-001880,PO-001904,2025-03-31,SUP-004,WHD-KHI-01,ING-030,48808.85,48808.85,48808.85,on_time,0
DEL-001881,PO-001905,2025-04-02,SUP-004,WHD-KHI-01,ING-030,55836.62,55836.62,55836.62,on_time,0
DEL-001882,PO-001906,2025-04-04,SUP-004,WHD-KHI-01,ING-030,42153.52,42153.52,42153.52,on_time,0
DEL-001883,PO-001907,2025-04-08,SUP-004,WHD-KHI-01,ING-030,49879.88,49879.88,49879.88,on_time,0
DEL-001884,PO-001908,2025-04-08,SUP-004,WHD-KHI-01,ING-030,31042.37,31042.37,31042.37,on_time,0
DEL-001885,PO-001909,2025-04-10,SUP-004,WHD-KHI-01,ING-030,42798.82,42798.82,42798.82,on_time,0
DEL-001886,PO-001910,2025-04-12,SUP-004,WHD-KHI-01,ING-030,53100.04,53100.04,53100.04,on_time,0
DEL-001887,PO-001911,2025-04-14,SUP-004,WHD-KHI-01,ING-030,41086.82,41086.82,41086.82,on_time,0
DEL-001888,PO-001912,2025-04-16,SUP-004,WHD-KHI-01,ING-030,46243.85,46243.85,46243.85,on_time,0
DEL-001889,PO-001913,2025-04-20,SUP-004,WHD-KHI-01,ING-030,49602.73,49602.73,49602.73,on_time,0
DEL-001890,PO-001914,2025-04-22,SUP-004,WHD-KHI-01,ING-030,56595.97,56595.97,56595.97,on_time,0
DEL-001891,PO-001915,2025-04-22,SUP-004,WHD-KHI-01,ING-030,33962.21,33962.21,33962.21,on_time,0
DEL-001892,PO-001916,2025-04-24,SUP-004,WHD-KHI-01,ING-030,52474.0,52474.0,52474.0,on_time,0
DEL-001893,PO-001917,2025-04-26,SUP-004,WHD-KHI-01,ING-030,52076.49,52076.49,52076.49,on_time,0
DEL-001894,PO-001918,2025-04-28,SUP-004,WHD-KHI-01,ING-030,41601.77,41601.77,41601.77,on_time,0
DEL-001895,PO-001919,2025-05-02,SUP-004,WHD-KHI-01,ING-030,47214.1,47214.1,47214.1,on_time,0
DEL-001896,PO-001920,2025-05-02,SUP-004,WHD-KHI-01,ING-030,52209.43,52209.43,52209.43,on_time,0
DEL-001897,PO-001921,2025-05-06,SUP-004,WHD-KHI-01,ING-030,52683.99,52683.99,52683.99,on_time,0
DEL-001898,PO-001922,2025-05-06,SUP-004,WHD-KHI-01,ING-030,34282.16,34282.16,34282.16,on_time,0
DEL-001899,PO-001923,2025-05-08,SUP-004,WHD-KHI-01,ING-030,49641.03,49641.03,49641.03,on_time,0
DEL-001900,PO-001924,2025-05-10,SUP-004,WHD-KHI-01,ING-030,54897.08,54897.08,54897.08,on_time,0
DEL-001901,PO-001925,2025-05-12,SUP-004,WHD-KHI-01,ING-030,40764.28,40764.28,40764.28,on_time,0
DEL-001902,PO-001926,2025-05-14,SUP-004,WHD-KHI-01,ING-030,46922.56,46922.56,46922.56,on_time,0
DEL-001903,PO-001927,2025-05-17,SUP-004,WHD-KHI-01,ING-030,45759.27,45759.27,45759.27,on_time,0
DEL-001904,PO-001928,2025-05-18,SUP-004,WHD-KHI-01,ING-030,48479.65,48479.65,48479.65,on_time,0
DEL-001905,PO-001929,2025-05-21,SUP-004,WHD-KHI-01,ING-030,30796.14,30796.14,30796.14,late,1
DEL-001906,PO-001930,2025-05-22,SUP-004,WHD-KHI-01,ING-030,45884.97,45884.97,45884.97,on_time,0
DEL-001907,PO-001931,2025-05-24,SUP-004,WHD-KHI-01,ING-030,48480.79,48480.79,48480.79,on_time,0
DEL-001908,PO-001932,2025-05-26,SUP-004,WHD-KHI-01,ING-030,35806.67,35806.67,35806.67,on_time,0
DEL-001909,PO-001933,2025-05-28,SUP-004,WHD-KHI-01,ING-030,39940.04,39940.04,39940.04,on_time,0
DEL-001910,PO-001934,2025-05-30,SUP-004,WHD-KHI-01,ING-030,42478.98,42478.98,42478.98,on_time,0
DEL-001911,PO-001935,2025-06-01,SUP-004,WHD-KHI-01,ING-030,48465.49,48465.49,48465.49,on_time,0
DEL-001912,PO-001936,2025-06-03,SUP-004,WHD-KHI-01,ING-030,31793.61,31793.61,31793.61,on_time,0
DEL-001913,PO-001937,2025-06-05,SUP-004,WHD-KHI-01,ING-030,42837.11,42837.11,42837.11,on_time,0
DEL-001914,PO-001938,2025-06-07,SUP-004,WHD-KHI-01,ING-030,48147.48,48147.48,48147.48,on_time,0
DEL-001915,PO-001939,2025-06-11,SUP-004,WHD-KHI-01,ING-030,38643.67,38643.67,38643.67,on_time,0
DEL-001916,PO-001940,2025-06-11,SUP-004,WHD-KHI-01,ING-030,40350.03,40350.03,40350.03,on_time,0
DEL-001917,PO-001941,2025-06-13,SUP-004,WHD-KHI-01,ING-030,41440.3,41440.3,41440.3,on_time,0
DEL-001918,PO-001942,2025-06-15,SUP-004,WHD-KHI-01,ING-030,49408.28,49408.28,49408.28,on_time,0
DEL-001919,PO-001943,2025-06-17,SUP-004,WHD-KHI-01,ING-030,30885.89,30885.89,30885.89,on_time,0
DEL-001920,PO-001944,2025-06-19,SUP-004,WHD-KHI-01,ING-030,45292.56,42005.23,42005.23,on_time,0
DEL-001921,PO-001945,2025-06-21,SUP-004,WHD-KHI-01,ING-030,48007.41,43458.11,43458.11,on_time,0
DEL-001922,PO-001946,2025-06-23,SUP-004,WHD-KHI-01,ING-030,38936.72,38936.72,38936.72,on_time,0
DEL-001923,PO-001947,2025-06-25,SUP-004,WHD-KHI-01,ING-030,38957.38,38957.38,38957.38,on_time,0
DEL-001924,PO-001948,2025-06-28,SUP-004,WHD-KHI-01,ING-030,45581.63,45581.63,45581.63,late,1
DEL-001925,PO-001949,2025-06-30,SUP-004,WHD-KHI-01,ING-030,46694.1,46694.1,46694.1,late,1
DEL-001926,PO-001950,2025-07-01,SUP-004,WHD-KHI-01,ING-030,15589.29,15589.29,15589.29,on_time,0
DEL-001927,PO-001951,2025-01-02,SUP-004,WHD-KHI-01,ING-031,11942.17,11942.17,11942.17,on_time,0
DEL-001928,PO-001952,2025-01-08,SUP-004,WHD-KHI-01,ING-031,12298.6,12298.6,12298.6,very_late,4
DEL-001929,PO-001953,2025-01-09,SUP-004,WHD-KHI-01,ING-031,8704.47,8704.47,8704.47,very_late,3
DEL-001930,PO-001954,2025-01-08,SUP-004,WHD-KHI-01,ING-031,9771.63,9771.63,9771.63,on_time,0
DEL-001931,PO-001955,2025-01-11,SUP-004,WHD-KHI-01,ING-031,10832.42,10832.42,10832.42,on_time,0
DEL-001932,PO-001956,2025-01-12,SUP-004,WHD-KHI-01,ING-031,11976.41,11976.41,11976.41,on_time,0
DEL-001933,PO-001957,2025-01-14,SUP-004,WHD-KHI-01,ING-031,7048.42,7048.42,7048.42,on_time,0
DEL-001934,PO-001958,2025-01-16,SUP-004,WHD-KHI-01,ING-031,11473.19,11473.19,11473.19,on_time,0
DEL-001935,PO-001959,2025-01-18,SUP-004,WHD-KHI-01,ING-031,11483.09,11483.09,11483.09,on_time,0
DEL-001936,PO-001960,2025-01-23,SUP-004,WHD-KHI-01,ING-031,9018.47,9018.47,9018.47,late,1
DEL-001937,PO-001961,2025-01-22,SUP-004,WHD-KHI-01,ING-031,10080.15,10080.15,10080.15,on_time,0
DEL-001938,PO-001962,2025-01-24,SUP-004,WHD-KHI-01,ING-031,10114.23,10114.23,10114.23,on_time,0
DEL-001939,PO-001963,2025-01-31,SUP-004,WHD-KHI-01,ING-031,11026.59,11026.59,11026.59,very_late,4
DEL-001940,PO-001964,2025-01-28,SUP-004,WHD-KHI-01,ING-031,7743.34,7743.34,7743.34,on_time,0
DEL-001941,PO-001965,2025-01-30,SUP-004,WHD-KHI-01,ING-031,10967.38,9786.13,9786.13,on_time,0
DEL-001942,PO-001966,2025-02-03,SUP-004,WHD-KHI-01,ING-031,12234.82,12234.82,12234.82,on_time,0
DEL-001943,PO-001967,2025-02-03,SUP-004,WHD-KHI-01,ING-031,8619.08,8619.08,8619.08,on_time,0
DEL-001944,PO-001968,2025-02-05,SUP-004,WHD-KHI-01,ING-031,10922.32,10922.32,10922.32,on_time,0
DEL-001945,PO-001969,2025-02-08,SUP-004,WHD-KHI-01,ING-031,10127.92,10127.92,10127.92,on_time,0
DEL-001946,PO-001970,2025-02-10,SUP-004,WHD-KHI-01,ING-031,11638.19,11638.19,11638.19,late,1
DEL-001947,PO-001971,2025-02-11,SUP-004,WHD-KHI-01,ING-031,7947.26,7947.26,7947.26,on_time,0
DEL-001948,PO-001972,2025-02-13,SUP-004,WHD-KHI-01,ING-031,11749.19,11749.19,11749.19,on_time,0
DEL-001949,PO-001973,2025-02-17,SUP-004,WHD-KHI-01,ING-031,11436.28,11436.28,11436.28,on_time,0
DEL-001950,PO-001974,2025-02-17,SUP-004,WHD-KHI-01,ING-031,9249.95,9249.95,9249.95,on_time,0
DEL-001951,PO-001975,2025-02-19,SUP-004,WHD-KHI-01,ING-031,9783.73,9783.73,9783.73,on_time,0
DEL-001952,PO-001976,2025-02-21,SUP-004,WHD-KHI-01,ING-031,10952.33,10952.33,10952.33,on_time,0
DEL-001953,PO-001977,2025-02-23,SUP-004,WHD-KHI-01,ING-031,11369.83,11369.83,11369.83,on_time,0
DEL-001954,PO-001978,2025-03-01,SUP-004,WHD-KHI-01,ING-031,7420.46,7420.46,7420.46,late,2
DEL-001955,PO-001979,2025-02-27,SUP-004,WHD-KHI-01,ING-031,12098.31,12098.31,12098.31,on_time,0
DEL-001956,PO-001980,2025-03-04,SUP-004,WHD-KHI-01,ING-031,13629.06,13629.06,13629.06,late,2
DEL-001957,PO-001981,2025-03-03,SUP-004,WHD-KHI-01,ING-031,11405.62,11405.62,11405.62,on_time,0
DEL-001958,PO-001982,2025-03-07,SUP-004,WHD-KHI-01,ING-031,14099.91,14099.91,14099.91,late,2
DEL-001959,PO-001983,2025-03-07,SUP-004,WHD-KHI-01,ING-031,13380.92,13380.92,13380.92,on_time,0
DEL-001960,PO-001984,2025-03-09,SUP-004,WHD-KHI-01,ING-031,14742.57,14742.57,14742.57,on_time,0
DEL-001961,PO-001985,2025-03-11,SUP-004,WHD-KHI-01,ING-031,10475.75,10475.75,10475.75,on_time,0
DEL-001962,PO-001986,2025-03-13,SUP-004,WHD-KHI-01,ING-031,14545.5,14545.5,14545.5,on_time,0
DEL-001963,PO-001987,2025-03-15,SUP-004,WHD-KHI-01,ING-031,14700.87,14700.87,14700.87,on_time,0
DEL-001964,PO-001988,2025-03-17,SUP-004,WHD-KHI-01,ING-031,12771.59,12771.59,12771.59,on_time,0
DEL-001965,PO-001989,2025-03-19,SUP-004,WHD-KHI-01,ING-031,13994.06,13994.06,13994.06,on_time,0
DEL-001966,PO-001990,2025-03-21,SUP-004,WHD-KHI-01,ING-031,13953.89,13953.89,13953.89,on_time,0
DEL-001967,PO-001991,2025-03-23,SUP-004,WHD-KHI-01,ING-031,16048.48,16048.48,16048.48,on_time,0
DEL-001968,PO-001992,2025-03-26,SUP-004,WHD-KHI-01,ING-031,9539.87,9539.87,9539.87,late,1
DEL-001969,PO-001993,2025-03-27,SUP-004,WHD-KHI-01,ING-031,15153.49,15153.49,15153.49,on_time,0
DEL-001970,PO-001994,2025-03-29,SUP-004,WHD-KHI-01,ING-031,16647.17,16647.17,16647.17,on_time,0
DEL-001971,PO-001995,2025-04-01,SUP-004,WHD-KHI-01,ING-031,13075.11,12123.99,12123.99,late,1
DEL-001972,PO-001996,2025-04-04,SUP-004,WHD-KHI-01,ING-031,16753.26,16753.26,16753.26,late,2
DEL-001973,PO-001997,2025-04-04,SUP-004,WHD-KHI-01,ING-031,11605.41,11605.41,11605.41,on_time,0
DEL-001974,PO-001998,2025-04-06,SUP-004,WHD-KHI-01,ING-031,11379.14,11379.14,11379.14,on_time,0
DEL-001975,PO-001999,2025-04-09,SUP-004,WHD-KHI-01,ING-031,7577.34,7577.34,7577.34,late,1
DEL-001976,PO-002000,2025-04-10,SUP-004,WHD-KHI-01,ING-031,11852.42,11852.42,11852.42,on_time,0
DEL-001977,PO-002001,2025-04-12,SUP-004,WHD-KHI-01,ING-031,13289.61,13289.61,13289.61,on_time,0
DEL-001978,PO-002002,2025-04-14,SUP-004,WHD-KHI-01,ING-031,10399.25,10399.25,10399.25,on_time,0
DEL-001979,PO-002003,2025-04-16,SUP-004,WHD-KHI-01,ING-031,12574.0,12574.0,12574.0,on_time,0
DEL-001980,PO-002004,2025-04-20,SUP-004,WHD-KHI-01,ING-031,12455.62,12455.62,12455.62,late,2
DEL-001981,PO-002005,2025-04-20,SUP-004,WHD-KHI-01,ING-031,12790.85,12790.85,12790.85,on_time,0
DEL-001982,PO-002006,2025-04-23,SUP-004,WHD-KHI-01,ING-031,8627.58,8627.58,8627.58,on_time,0
DEL-001983,PO-002007,2025-04-24,SUP-004,WHD-KHI-01,ING-031,14167.3,14167.3,14167.3,on_time,0
DEL-001984,PO-002008,2025-04-27,SUP-004,WHD-KHI-01,ING-031,13167.23,13167.23,13167.23,on_time,0
DEL-001985,PO-002009,2025-04-28,SUP-004,WHD-KHI-01,ING-031,10719.01,10719.01,10719.01,on_time,0
DEL-001986,PO-002010,2025-05-01,SUP-004,WHD-KHI-01,ING-031,12982.1,12982.1,12982.1,on_time,0
DEL-001987,PO-002011,2025-05-04,SUP-004,WHD-KHI-01,ING-031,11937.6,10541.15,10541.15,on_time,0
DEL-001988,PO-002012,2025-05-06,SUP-004,WHD-KHI-01,ING-031,13600.1,11841.98,11841.98,on_time,0
DEL-001989,PO-002013,2025-05-06,SUP-004,WHD-KHI-01,ING-031,8576.9,8576.9,8576.9,on_time,0
DEL-001990,PO-002014,2025-05-09,SUP-004,WHD-KHI-01,ING-031,13067.52,13067.52,13067.52,late,1
DEL-001991,PO-002015,2025-05-12,SUP-004,WHD-KHI-01,ING-031,13938.78,13938.78,13938.78,on_time,0
DEL-001992,PO-002016,2025-05-12,SUP-004,WHD-KHI-01,ING-031,10667.87,10667.87,10667.87,on_time,0
DEL-001993,PO-002017,2025-05-15,SUP-004,WHD-KHI-01,ING-031,11552.89,11552.89,11552.89,late,1
DEL-001994,PO-002018,2025-05-16,SUP-004,WHD-KHI-01,ING-031,11289.78,11289.78,11289.78,on_time,0
DEL-001995,PO-002019,2025-05-18,SUP-004,WHD-KHI-01,ING-031,11732.82,11732.82,11732.82,on_time,0
DEL-001996,PO-002020,2025-05-22,SUP-004,WHD-KHI-01,ING-031,7592.1,7592.1,7592.1,late,2
DEL-001997,PO-002021,2025-05-23,SUP-004,WHD-KHI-01,ING-031,11061.88,11061.88,11061.88,late,1
DEL-001998,PO-002022,2025-05-26,SUP-004,WHD-KHI-01,ING-031,12397.88,12397.88,12397.88,late,2
DEL-001999,PO-002023,2025-05-26,SUP-004,WHD-KHI-01,ING-031,9003.62,9003.62,9003.62,on_time,0
DEL-002000,PO-002024,2025-05-28,SUP-004,WHD-KHI-01,ING-031,10051.03,10051.03,10051.03,on_time,0
DEL-002001,PO-002025,2025-06-04,SUP-004,WHD-KHI-01,ING-031,11108.01,11108.01,11108.01,very_late,3
DEL-002002,PO-002026,2025-06-01,SUP-004,WHD-KHI-01,ING-031,11529.46,11529.46,11529.46,on_time,0
DEL-002003,PO-002027,2025-06-03,SUP-004,WHD-KHI-01,ING-031,8045.7,8045.7,8045.7,on_time,0
DEL-002004,PO-002028,2025-06-07,SUP-004,WHD-KHI-01,ING-031,11160.04,11160.04,11160.04,on_time,0
DEL-002005,PO-002030,2025-06-11,SUP-004,WHD-KHI-01,ING-031,8804.62,8804.62,8804.62,late,2
DEL-002006,PO-002031,2025-06-11,SUP-004,WHD-KHI-01,ING-031,10795.96,10795.96,10795.96,on_time,0
DEL-002007,PO-002032,2025-06-13,SUP-004,WHD-KHI-01,ING-031,10676.34,10676.34,10676.34,on_time,0
DEL-002008,PO-002033,2025-06-16,SUP-004,WHD-KHI-01,ING-031,11987.54,11987.54,11987.54,on_time,0
DEL-002009,PO-002034,2025-06-17,SUP-004,WHD-KHI-01,ING-031,7614.61,7614.61,7614.61,on_time,0
DEL-002010,PO-002035,2025-06-19,SUP-004,WHD-KHI-01,ING-031,11446.73,11446.73,11446.73,on_time,0
DEL-002011,PO-002036,2025-06-22,SUP-004,WHD-KHI-01,ING-031,12788.51,12788.51,12788.51,late,1
DEL-002012,PO-002037,2025-06-23,SUP-004,WHD-KHI-01,ING-031,9627.97,9627.97,8188.04,on_time,0
DEL-002013,PO-002038,2025-06-30,SUP-004,WHD-KHI-01,ING-031,10849.62,10849.62,10849.62,very_late,5
DEL-002014,PO-002039,2025-06-27,SUP-004,WHD-KHI-01,ING-031,10339.63,10339.63,10339.63,on_time,0
DEL-002015,PO-002040,2025-06-29,SUP-004,WHD-KHI-01,ING-031,12499.06,12499.06,12499.06,on_time,0
DEL-002016,PO-002041,2025-07-01,SUP-004,WHD-KHI-01,ING-031,3686.73,3686.73,3686.73,on_time,0
DEL-002017,PO-002042,2025-01-02,SUP-004,WHD-KHI-01,ING-032,13479.56,13479.56,13479.56,on_time,0
DEL-002018,PO-002043,2025-01-06,SUP-004,WHD-KHI-01,ING-032,16299.31,14679.03,14679.03,late,2
DEL-002019,PO-002044,2025-01-06,SUP-004,WHD-KHI-01,ING-032,12127.47,12127.47,12127.47,on_time,0
DEL-002020,PO-002045,2025-01-08,SUP-004,WHD-KHI-01,ING-032,11068.31,11068.31,11068.31,on_time,0
DEL-002021,PO-002046,2025-01-10,SUP-004,WHD-KHI-01,ING-032,15258.85,15258.85,15258.85,on_time,0
DEL-002022,PO-002047,2025-01-12,SUP-004,WHD-KHI-01,ING-032,15957.05,15957.05,15957.05,on_time,0
DEL-002023,PO-002048,2025-01-18,SUP-004,WHD-KHI-01,ING-032,10190.15,10190.15,10190.15,very_late,4
DEL-002024,PO-002049,2025-01-16,SUP-004,WHD-KHI-01,ING-032,12372.44,12372.44,12372.44,on_time,0
DEL-002025,PO-002050,2025-01-18,SUP-004,WHD-KHI-01,ING-032,17057.82,17057.82,17057.82,on_time,0
DEL-002026,PO-002051,2025-01-20,SUP-004,WHD-KHI-01,ING-032,13261.81,13261.81,13261.81,on_time,0
DEL-002027,PO-002052,2025-01-22,SUP-004,WHD-KHI-01,ING-032,11192.73,10036.98,10036.98,on_time,0
DEL-002028,PO-002053,2025-01-25,SUP-004,WHD-KHI-01,ING-032,14493.25,14493.25,14493.25,late,1
DEL-002029,PO-002054,2025-01-26,SUP-004,WHD-KHI-01,ING-032,16133.27,16133.27,16133.27,on_time,0
DEL-002030,PO-002055,2025-01-29,SUP-004,WHD-KHI-01,ING-032,10823.87,10823.87,10823.87,late,1
DEL-002031,PO-002056,2025-02-01,SUP-004,WHD-KHI-01,ING-032,12617.55,12617.55,12617.55,on_time,0
DEL-002032,PO-002057,2025-02-01,SUP-004,WHD-KHI-01,ING-032,16617.28,16617.28,16617.28,on_time,0
DEL-002033,PO-002058,2025-02-03,SUP-004,WHD-KHI-01,ING-032,13030.92,13030.92,13030.92,on_time,0
DEL-002034,PO-002059,2025-02-05,SUP-004,WHD-KHI-01,ING-032,12173.24,12173.24,12173.24,on_time,0
DEL-002035,PO-002060,2025-02-11,SUP-004,WHD-KHI-01,ING-032,13846.95,13846.95,13846.95,very_late,4
DEL-002036,PO-002061,2025-02-09,SUP-004,WHD-KHI-01,ING-032,16013.19,16013.19,16013.19,on_time,0
DEL-002037,PO-002063,2025-02-13,SUP-004,WHD-KHI-01,ING-032,12029.8,12029.8,12029.8,on_time,0
DEL-002038,PO-002064,2025-02-16,SUP-004,WHD-KHI-01,ING-032,15816.97,15816.97,15816.97,on_time,0
DEL-002039,PO-002065,2025-02-17,SUP-004,WHD-KHI-01,ING-032,13061.73,13061.73,13061.73,on_time,0
DEL-002040,PO-002066,2025-02-19,SUP-004,WHD-KHI-01,ING-032,11278.63,11278.63,11278.63,on_time,0
DEL-002041,PO-002067,2025-02-21,SUP-004,WHD-KHI-01,ING-032,15323.37,15323.37,15323.37,on_time,0
DEL-002042,PO-002068,2025-02-23,SUP-004,WHD-KHI-01,ING-032,16061.73,14320.04,14320.04,on_time,0
DEL-002043,PO-002070,2025-02-27,SUP-004,WHD-KHI-01,ING-032,12059.07,12059.07,12059.07,on_time,0
DEL-002044,PO-002071,2025-03-06,SUP-004,WHD-KHI-01,ING-032,19807.6,19807.6,19807.6,very_late,4
DEL-002045,PO-002072,2025-03-03,SUP-004,WHD-KHI-01,ING-032,15883.92,15883.92,15883.92,on_time,0
DEL-002046,PO-002073,2025-03-05,SUP-004,WHD-KHI-01,ING-032,13809.81,13809.81,13809.81,on_time,0
DEL-002047,PO-002074,2025-03-07,SUP-004,WHD-KHI-01,ING-032,18874.16,18874.16,18874.16,on_time,0
DEL-002048,PO-002075,2025-03-09,SUP-004,WHD-KHI-01,ING-032,21597.59,21597.59,21597.59,on_time,0
DEL-002049,PO-002076,2025-03-13,SUP-004,WHD-KHI-01,ING-032,14328.01,14328.01,14328.01,on_time,0
DEL-002050,PO-002077,2025-03-13,SUP-004,WHD-KHI-01,ING-032,17162.89,17162.89,17162.89,on_time,0
DEL-002051,PO-002078,2025-03-17,SUP-004,WHD-KHI-01,ING-032,22306.51,22306.51,22306.51,late,2
DEL-002052,PO-002079,2025-03-17,SUP-004,WHD-KHI-01,ING-032,16802.32,16802.32,16802.32,on_time,0
DEL-002053,PO-002080,2025-03-21,SUP-004,WHD-KHI-01,ING-032,14753.7,14753.7,14753.7,on_time,0
DEL-002054,PO-002081,2025-03-22,SUP-004,WHD-KHI-01,ING-032,20061.49,17602.93,17602.93,on_time,0
DEL-002055,PO-002082,2025-03-27,SUP-004,WHD-KHI-01,ING-032,22903.19,22903.19,22903.19,late,2
DEL-002056,PO-002083,2025-03-25,SUP-004,WHD-KHI-01,ING-032,13040.78,13040.78,13040.78,on_time,0
DEL-002057,PO-002084,2025-03-30,SUP-004,WHD-KHI-01,ING-032,15671.27,15671.27,15671.27,very_late,3
DEL-002058,PO-002085,2025-03-31,SUP-004,WHD-KHI-01,ING-032,21193.72,21193.72,21193.72,late,2
DEL-002059,PO-002086,2025-04-02,SUP-004,WHD-KHI-01,ING-032,18295.68,18295.68,18295.68,late,2
DEL-002060,PO-002087,2025-04-02,SUP-004,WHD-KHI-01,ING-032,15734.43,15734.43,15734.43,on_time,0
DEL-002061,PO-002088,2025-04-08,SUP-004,WHD-KHI-01,ING-032,14788.3,14788.3,14788.3,very_late,4
DEL-002062,PO-002089,2025-04-07,SUP-004,WHD-KHI-01,ING-032,16253.66,16253.66,16253.66,on_time,0
DEL-002063,PO-002090,2025-04-08,SUP-004,WHD-KHI-01,ING-032,10343.79,10343.79,10343.79,on_time,0
DEL-002064,PO-002091,2025-04-11,SUP-004,WHD-KHI-01,ING-032,13538.39,13538.39,13538.39,on_time,0
DEL-002065,PO-002092,2025-04-12,SUP-004,WHD-KHI-01,ING-032,19874.82,19874.82,19874.82,on_time,0
DEL-002066,PO-002093,2025-04-14,SUP-004,WHD-KHI-01,ING-032,14853.62,14853.62,13534.42,on_time,0
DEL-002067,PO-002094,2025-04-16,SUP-004,WHD-KHI-01,ING-032,12252.22,12252.22,12252.22,on_time,0
DEL-002068,PO-002095,2025-04-18,SUP-004,WHD-KHI-01,ING-032,16747.71,16747.71,16747.71,on_time,0
DEL-002069,PO-002096,2025-04-22,SUP-004,WHD-KHI-01,ING-032,19515.82,19515.82,19515.82,late,2
DEL-002070,PO-002097,2025-04-23,SUP-004,WHD-KHI-01,ING-032,12709.05,12709.05,12709.05,on_time,0
DEL-002071,PO-002098,2025-04-25,SUP-004,WHD-KHI-01,ING-032,14200.92,14200.92,14200.92,on_time,0
DEL-002072,PO-002099,2025-04-26,SUP-004,WHD-KHI-01,ING-032,18112.4,18112.4,18112.4,on_time,0
DEL-002073,PO-002100,2025-04-28,SUP-004,WHD-KHI-01,ING-032,15046.23,15046.23,15046.23,on_time,0
DEL-002074,PO-002101,2025-05-05,SUP-004,WHD-KHI-01,ING-032,13571.12,13571.12,13571.12,very_late,5
DEL-002075,PO-002102,2025-05-03,SUP-004,WHD-KHI-01,ING-032,17523.36,17523.36,17523.36,on_time,0
DEL-002076,PO-002103,2025-05-04,SUP-004,WHD-KHI-01,ING-032,17075.0,17075.0,17075.0,on_time,0
DEL-002077,PO-002104,2025-05-06,SUP-004,WHD-KHI-01,ING-032,11433.95,11433.95,11433.95,on_time,0
DEL-002078,PO-002105,2025-05-08,SUP-004,WHD-KHI-01,ING-032,13784.61,13784.61,12377.48,on_time,0
DEL-002079,PO-002106,2025-05-10,SUP-004,WHD-KHI-01,ING-032,18311.66,18311.66,18311.66,on_time,0
DEL-002080,PO-002107,2025-05-12,SUP-004,WHD-KHI-01,ING-032,15142.89,15142.89,15142.89,on_time,0
DEL-002081,PO-002108,2025-05-14,SUP-004,WHD-KHI-01,ING-032,13296.23,13296.23,13296.23,on_time,0
DEL-002082,PO-002109,2025-05-16,SUP-004,WHD-KHI-01,ING-032,15393.6,15393.6,15393.6,on_time,0
DEL-002083,PO-002110,2025-05-18,SUP-004,WHD-KHI-01,ING-032,15461.57,15461.57,15461.57,on_time,0
DEL-002084,PO-002111,2025-05-20,SUP-004,WHD-KHI-01,ING-032,10308.99,9497.08,9497.08,on_time,0
DEL-002085,PO-002112,2025-05-22,SUP-004,WHD-KHI-01,ING-032,12652.79,12652.79,12652.79,on_time,0
DEL-002086,PO-002113,2025-05-24,SUP-004,WHD-KHI-01,ING-032,16000.03,16000.03,16000.03,on_time,0
DEL-002087,PO-002114,2025-05-26,SUP-004,WHD-KHI-01,ING-032,12441.57,11561.59,11561.59,on_time,0
DEL-002088,PO-002115,2025-05-28,SUP-004,WHD-KHI-01,ING-032,11242.24,11242.24,11242.24,on_time,0
DEL-002089,PO-002116,2025-05-30,SUP-004,WHD-KHI-01,ING-032,14006.21,14006.21,14006.21,on_time,0
DEL-002090,PO-002117,2025-06-01,SUP-004,WHD-KHI-01,ING-032,15753.99,15753.99,15753.99,on_time,0
DEL-002091,PO-002118,2025-06-03,SUP-004,WHD-KHI-01,ING-032,10529.63,10529.63,10529.63,on_time,0
DEL-002092,PO-002119,2025-06-05,SUP-004,WHD-KHI-01,ING-032,12930.17,11459.51,11459.51,on_time,0
DEL-002093,PO-002120,2025-06-09,SUP-004,WHD-KHI-01,ING-032,16225.11,16225.11,16225.11,late,2
DEL-002094,PO-002121,2025-06-09,SUP-004,WHD-KHI-01,ING-032,13116.8,13116.8,13116.8,on_time,0
DEL-002095,PO-002122,2025-06-11,SUP-004,WHD-KHI-01,ING-032,11375.65,11375.65,11375.65,on_time,0
DEL-002096,PO-002123,2025-06-18,SUP-004,WHD-KHI-01,ING-032,14641.1,14641.1,14641.1,very_late,5
DEL-002097,PO-002124,2025-06-15,SUP-004,WHD-KHI-01,ING-032,15491.79,15491.79,15491.79,on_time,0
DEL-002098,PO-002125,2025-06-17,SUP-004,WHD-KHI-01,ING-032,11257.65,11257.65,11257.65,on_time,0
DEL-002099,PO-002126,2025-06-19,SUP-004,WHD-KHI-01,ING-032,12451.67,12451.67,12451.67,on_time,0
DEL-002100,PO-002127,2025-06-21,SUP-004,WHD-KHI-01,ING-032,17551.63,17551.63,17551.63,on_time,0
DEL-002101,PO-002128,2025-06-23,SUP-004,WHD-KHI-01,ING-032,13263.69,13263.69,13263.69,on_time,0
DEL-002102,PO-002129,2025-06-25,SUP-004,WHD-KHI-01,ING-032,11866.46,11866.46,11866.46,on_time,0
DEL-002103,PO-002130,2025-06-27,SUP-004,WHD-KHI-01,ING-032,15092.68,15092.68,15092.68,on_time,0
DEL-002104,PO-002131,2025-06-29,SUP-004,WHD-KHI-01,ING-032,15777.5,15777.5,15777.5,on_time,0
DEL-002105,PO-002132,2025-07-01,SUP-004,WHD-KHI-01,ING-032,5260.63,5260.63,5260.63,on_time,0
DEL-002106,PO-002133,2025-01-02,SUP-005,WHD-KHI-01,ING-042,244.34,244.34,244.34,on_time,0
DEL-002107,PO-002134,2025-01-06,SUP-005,WHD-KHI-01,ING-042,282.54,282.54,282.54,late,1
DEL-002108,PO-002135,2025-01-06,SUP-005,WHD-KHI-01,ING-042,235.88,235.88,235.88,on_time,0
DEL-002109,PO-002136,2025-01-08,SUP-005,WHD-KHI-01,ING-042,184.95,184.95,184.95,on_time,0
DEL-002110,PO-002137,2025-01-10,SUP-005,WHD-KHI-01,ING-042,267.69,267.69,267.69,on_time,0
DEL-002111,PO-002138,2025-01-14,SUP-005,WHD-KHI-01,ING-042,303.64,303.64,303.64,on_time,0
DEL-002112,PO-002139,2025-01-14,SUP-005,WHD-KHI-01,ING-042,187.5,187.5,187.5,on_time,0
DEL-002113,PO-002140,2025-01-16,SUP-005,WHD-KHI-01,ING-042,227.87,227.87,227.87,on_time,0
DEL-002114,PO-002141,2025-01-18,SUP-005,WHD-KHI-01,ING-042,315.98,315.98,315.98,on_time,0
DEL-002115,PO-002142,2025-01-20,SUP-005,WHD-KHI-01,ING-042,233.99,233.99,233.99,on_time,0
DEL-002116,PO-002143,2025-01-22,SUP-005,WHD-KHI-01,ING-042,203.64,203.64,203.64,on_time,0
DEL-002117,PO-002144,2025-01-24,SUP-005,WHD-KHI-01,ING-042,268.19,268.19,234.52,on_time,0
DEL-002118,PO-002145,2025-01-26,SUP-005,WHD-KHI-01,ING-042,290.79,290.79,290.79,on_time,0
DEL-002119,PO-002146,2025-01-28,SUP-005,WHD-KHI-01,ING-042,177.04,177.04,177.04,on_time,0
DEL-002120,PO-002147,2025-02-04,SUP-005,WHD-KHI-01,ING-042,233.25,233.25,233.25,very_late,5
DEL-002121,PO-002148,2025-02-03,SUP-005,WHD-KHI-01,ING-042,291.42,291.42,291.42,on_time,0
DEL-002122,PO-002149,2025-02-05,SUP-005,WHD-KHI-01,ING-042,221.49,221.49,221.49,late,2
DEL-002123,PO-002150,2025-02-05,SUP-005,WHD-KHI-01,ING-042,212.93,212.93,212.93,on_time,0
DEL-002124,PO-002151,2025-02-07,SUP-005,WHD-KHI-01,ING-042,256.35,256.35,256.35,on_time,0
DEL-002125,PO-002152,2025-02-09,SUP-005,WHD-KHI-01,ING-042,280.52,280.52,280.52,on_time,0
DEL-002126,PO-002153,2025-02-12,SUP-005,WHD-KHI-01,ING-042,194.69,194.69,194.69,on_time,0
DEL-002127,PO-002154,2025-02-13,SUP-005,WHD-KHI-01,ING-042,234.63,234.63,234.63,on_time,0
DEL-002128,PO-002155,2025-02-17,SUP-005,WHD-KHI-01,ING-042,287.47,287.47,287.47,late,2
DEL-002129,PO-002156,2025-02-17,SUP-005,WHD-KHI-01,ING-042,224.27,224.27,224.27,on_time,0
DEL-002130,PO-002157,2025-02-19,SUP-005,WHD-KHI-01,ING-042,203.65,203.65,203.65,on_time,0
DEL-002131,PO-002158,2025-02-21,SUP-005,WHD-KHI-01,ING-042,268.22,268.22,268.22,on_time,0
DEL-002132,PO-002159,2025-02-26,SUP-005,WHD-KHI-01,ING-042,274.89,274.89,274.89,late,1
DEL-002133,PO-002160,2025-02-25,SUP-005,WHD-KHI-01,ING-042,176.42,176.42,176.42,on_time,0
DEL-002134,PO-002161,2025-02-27,SUP-005,WHD-KHI-01,ING-042,210.22,210.22,210.22,on_time,0
DEL-002135,PO-002162,2025-03-01,SUP-005,WHD-KHI-01,ING-042,392.49,392.49,392.49,on_time,0
DEL-002136,PO-002163,2025-03-03,SUP-005,WHD-KHI-01,ING-042,369.37,369.37,369.37,on_time,0
DEL-002137,PO-002164,2025-03-06,SUP-005,WHD-KHI-01,ING-042,323.24,323.24,323.24,late,1
DEL-002138,PO-002165,2025-03-07,SUP-005,WHD-KHI-01,ING-042,416.4,416.4,416.4,on_time,0
DEL-002139,PO-002166,2025-03-09,SUP-005,WHD-KHI-01,ING-042,487.08,487.08,487.08,on_time,0
DEL-002140,PO-002167,2025-03-12,SUP-005,WHD-KHI-01,ING-042,325.79,325.79,325.79,late,1
DEL-002141,PO-002168,2025-03-17,SUP-005,WHD-KHI-01,ING-042,353.1,353.1,353.1,very_late,3
DEL-002142,PO-002169,2025-03-15,SUP-005,WHD-KHI-01,ING-042,477.34,477.34,477.34,on_time,0
DEL-002143,PO-002170,2025-03-17,SUP-005,WHD-KHI-01,ING-042,411.53,411.53,411.53,on_time,0
DEL-002144,PO-002171,2025-03-19,SUP-005,WHD-KHI-01,ING-042,357.36,357.36,357.36,on_time,0
DEL-002145,PO-002172,2025-03-21,SUP-005,WHD-KHI-01,ING-042,436.62,436.62,436.62,on_time,0
DEL-002146,PO-002173,2025-03-23,SUP-005,WHD-KHI-01,ING-042,487.47,487.47,487.47,on_time,0
DEL-002147,PO-002174,2025-03-25,SUP-005,WHD-KHI-01,ING-042,313.67,313.67,313.67,on_time,0
DEL-002148,PO-002175,2025-03-27,SUP-005,WHD-KHI-01,ING-042,358.35,358.35,358.35,on_time,0
DEL-002149,PO-002176,2025-03-29,SUP-005,WHD-KHI-01,ING-042,478.56,478.56,478.56,on_time,0
DEL-002150,PO-002177,2025-03-31,SUP-005,WHD-KHI-01,ING-042,358.5,358.5,358.5,on_time,0
DEL-002151,PO-002178,2025-04-03,SUP-005,WHD-KHI-01,ING-042,316.73,316.73,316.73,late,1
DEL-002152,PO-002179,2025-04-04,SUP-005,WHD-KHI-01,ING-042,262.3,262.3,262.3,on_time,0
DEL-002153,PO-002180,2025-04-07,SUP-005,WHD-KHI-01,ING-042,295.6,295.6,295.6,late,1
DEL-002154,PO-002181,2025-04-08,SUP-005,WHD-KHI-01,ING-042,182.12,164.52,164.52,on_time,0
DEL-002155,PO-002182,2025-04-12,SUP-005,WHD-KHI-01,ING-042,229.26,229.26,229.26,late,2
DEL-002156,PO-002183,2025-04-15,SUP-005,WHD-KHI-01,ING-042,364.71,364.71,364.71,very_late,3
DEL-002157,PO-002184,2025-04-16,SUP-005,WHD-KHI-01,ING-042,252.77,252.77,252.77,on_time,0
DEL-002158,PO-002185,2025-04-16,SUP-005,WHD-KHI-01,ING-042,232.78,232.78,232.78,on_time,0
DEL-002159,PO-002187,2025-04-20,SUP-005,WHD-KHI-01,ING-042,328.64,328.64,328.64,on_time,0
DEL-002160,PO-002188,2025-04-22,SUP-005,WHD-KHI-01,ING-042,216.59,216.59,216.59,on_time,0
DEL-002161,PO-002189,2025-04-26,SUP-005,WHD-KHI-01,ING-042,252.46,252.46,252.46,late,2
DEL-002162,PO-002190,2025-04-26,SUP-005,WHD-KHI-01,ING-042,345.78,345.78,345.78,on_time,0
DEL-002163,PO-002191,2025-04-28,SUP-005,WHD-KHI-01,ING-042,266.04,266.04,266.04,on_time,0
DEL-002164,PO-002192,2025-04-30,SUP-005,WHD-KHI-01,ING-042,219.79,219.79,219.79,on_time,0
DEL-002165,PO-002193,2025-05-02,SUP-005,WHD-KHI-01,ING-042,291.18,291.18,291.18,on_time,0
DEL-002166,PO-002194,2025-05-04,SUP-005,WHD-KHI-01,ING-042,330.16,330.16,330.16,on_time,0
DEL-002167,PO-002195,2025-05-11,SUP-005,WHD-KHI-01,ING-042,207.26,207.26,207.26,very_late,5
DEL-002168,PO-002196,2025-05-08,SUP-005,WHD-KHI-01,ING-042,257.14,257.14,257.14,on_time,0
DEL-002169,PO-002197,2025-05-10,SUP-005,WHD-KHI-01,ING-042,319.17,275.63,275.63,on_time,0
DEL-002170,PO-002198,2025-05-12,SUP-005,WHD-KHI-01,ING-042,257.52,257.52,257.52,on_time,0
DEL-002171,PO-002199,2025-05-14,SUP-005,WHD-KHI-01,ING-042,213.36,213.36,213.36,on_time,0
DEL-002172,PO-002200,2025-05-17,SUP-005,WHD-KHI-01,ING-042,267.68,267.68,267.68,late,1
DEL-002173,PO-002201,2025-05-18,SUP-005,WHD-KHI-01,ING-042,275.38,275.38,275.38,on_time,0
DEL-002174,PO-002202,2025-05-20,SUP-005,WHD-KHI-01,ING-042,189.0,189.0,189.0,on_time,0
DEL-002175,PO-002203,2025-05-22,SUP-005,WHD-KHI-01,ING-042,215.59,195.33,195.33,on_time,0
DEL-002176,PO-002204,2025-05-24,SUP-005,WHD-KHI-01,ING-042,311.47,311.47,311.47,on_time,0
DEL-002177,PO-002205,2025-05-27,SUP-005,WHD-KHI-01,ING-042,239.99,239.99,239.99,late,1
DEL-002178,PO-002206,2025-05-28,SUP-005,WHD-KHI-01,ING-042,202.56,202.56,202.56,on_time,0
DEL-002179,PO-002207,2025-06-01,SUP-005,WHD-KHI-01,ING-042,247.04,247.04,247.04,on_time,0
DEL-002180,PO-002208,2025-06-02,SUP-005,WHD-KHI-01,ING-042,293.7,253.37,253.37,on_time,0
DEL-002181,PO-002209,2025-06-06,SUP-005,WHD-KHI-01,ING-042,179.82,179.82,179.82,very_late,3
DEL-002182,PO-002210,2025-06-06,SUP-005,WHD-KHI-01,ING-042,226.87,226.87,226.87,late,1
DEL-002183,PO-002211,2025-06-08,SUP-005,WHD-KHI-01,ING-042,303.38,303.38,303.38,late,1
DEL-002184,PO-002212,2025-06-09,SUP-005,WHD-KHI-01,ING-042,219.1,219.1,219.1,on_time,0
DEL-002185,PO-002213,2025-06-12,SUP-005,WHD-KHI-01,ING-042,207.38,207.38,189.8,on_time,0
DEL-002186,PO-002214,2025-06-13,SUP-005,WHD-KHI-01,ING-042,273.05,273.05,273.05,on_time,0
DEL-002187,PO-002215,2025-06-15,SUP-005,WHD-KHI-01,ING-042,291.48,291.48,291.48,on_time,0
DEL-002188,PO-002216,2025-06-19,SUP-005,WHD-KHI-01,ING-042,188.13,188.13,188.13,late,2
DEL-002189,PO-002217,2025-06-21,SUP-005,WHD-KHI-01,ING-042,212.88,212.88,212.88,on_time,0
DEL-002190,PO-002218,2025-06-21,SUP-005,WHD-KHI-01,ING-042,299.48,299.48,299.48,on_time,0
DEL-002191,PO-002219,2025-06-24,SUP-005,WHD-KHI-01,ING-042,234.75,234.75,234.75,late,1
DEL-002192,PO-002220,2025-06-26,SUP-005,WHD-KHI-01,ING-042,193.11,193.11,193.11,on_time,0
DEL-002193,PO-002221,2025-06-27,SUP-005,WHD-KHI-01,ING-042,277.88,277.88,277.88,on_time,0
DEL-002194,PO-002222,2025-06-29,SUP-005,WHD-KHI-01,ING-042,295.67,295.67,295.67,on_time,0
DEL-002195,PO-002223,2025-07-01,SUP-005,WHD-KHI-01,ING-042,102.14,92.94,92.94,on_time,0
DEL-002196,PO-002224,2025-01-06,SUP-011,WHD-KHI-01,ING-070,11242.47,11242.47,11242.47,on_time,0
DEL-002197,PO-002225,2025-02-10,SUP-011,WHD-KHI-01,ING-070,12957.56,11676.63,11676.63,very_late,5
DEL-002198,PO-002226,2025-03-09,SUP-011,WHD-KHI-01,ING-070,24281.26,24281.26,24281.26,late,2
DEL-002199,PO-002227,2025-04-06,SUP-011,WHD-KHI-01,ING-070,12730.82,12730.82,11373.67,on_time,0
DEL-002200,PO-002228,2025-05-06,SUP-011,WHD-KHI-01,ING-070,12920.81,11683.2,11683.2,on_time,0
DEL-002201,PO-002229,2025-06-05,SUP-011,WHD-KHI-01,ING-070,11757.56,11757.56,11757.56,on_time,0
DEL-002202,PO-002231,2025-01-08,SUP-012,WHD-KHI-01,ING-081,683260.22,683260.22,683260.22,on_time,0
DEL-002203,PO-002232,2025-01-27,SUP-012,WHD-KHI-01,ING-081,702895.17,702895.17,702895.17,on_time,0
DEL-002204,PO-002233,2025-02-20,SUP-012,WHD-KHI-01,ING-081,802214.17,802214.17,735222.05,very_late,3
DEL-002205,PO-002234,2025-03-10,SUP-012,WHD-KHI-01,ING-081,1168425.72,1168425.72,1168425.72,on_time,0
DEL-002206,PO-002235,2025-04-04,SUP-012,WHD-KHI-01,ING-081,830726.63,830726.63,830726.63,very_late,4
DEL-002207,PO-002236,2025-04-21,SUP-012,WHD-KHI-01,ING-081,738699.24,738699.24,738699.24,on_time,0
DEL-002208,PO-002237,2025-05-12,SUP-012,WHD-KHI-01,ING-081,723121.99,723121.99,684432.44,on_time,0
DEL-002209,PO-002238,2025-06-02,SUP-012,WHD-KHI-01,ING-081,638355.15,638355.15,638355.15,on_time,0
DEL-002210,PO-002239,2025-06-24,SUP-012,WHD-KHI-01,ING-081,399478.46,399478.46,399478.46,on_time,0
DEL-002211,PO-002240,2025-01-06,SUP-009,WHD-KHI-01,ING-100,13948.49,13948.49,13948.49,on_time,0
DEL-002212,PO-002241,2025-01-22,SUP-009,WHD-KHI-01,ING-100,13099.95,13099.95,13099.95,very_late,4
DEL-002213,PO-002242,2025-02-03,SUP-009,WHD-KHI-01,ING-100,13589.77,11560.07,11560.07,on_time,0
DEL-002214,PO-002243,2025-02-15,SUP-009,WHD-KHI-01,ING-100,12608.92,12608.92,12608.92,on_time,0
DEL-002215,PO-002244,2025-03-01,SUP-009,WHD-KHI-01,ING-100,16552.0,16552.0,16552.0,on_time,0
DEL-002216,PO-002245,2025-03-15,SUP-009,WHD-KHI-01,ING-100,16440.63,16440.63,16440.63,on_time,0
DEL-002217,PO-002246,2025-03-29,SUP-009,WHD-KHI-01,ING-100,15917.27,15917.27,15917.27,on_time,0
DEL-002218,PO-002247,2025-04-13,SUP-009,WHD-KHI-01,ING-100,15236.27,15236.27,15236.27,late,1
DEL-002219,PO-002248,2025-04-26,SUP-009,WHD-KHI-01,ING-100,15301.69,15301.69,15301.69,on_time,0
DEL-002220,PO-002249,2025-05-15,SUP-009,WHD-KHI-01,ING-100,14925.08,14925.08,14925.08,very_late,5
DEL-002221,PO-002250,2025-05-24,SUP-009,WHD-KHI-01,ING-100,14155.03,14155.03,14155.03,on_time,0
DEL-002222,PO-002251,2025-06-07,SUP-009,WHD-KHI-01,ING-100,14503.28,14503.28,14503.28,on_time,0
DEL-002223,PO-002252,2025-06-21,SUP-009,WHD-KHI-01,ING-100,13669.33,13669.33,13669.33,on_time,0
DEL-002224,PO-002253,2025-01-07,SUP-009,WHD-KHI-01,ING-101,3417.03,3417.03,3154.67,very_late,3
DEL-002225,PO-002254,2025-01-19,SUP-009,WHD-KHI-01,ING-101,3601.74,3601.74,3601.74,on_time,0
DEL-002226,PO-002255,2025-02-01,SUP-009,WHD-KHI-01,ING-101,3695.15,3695.15,3695.15,on_time,0
DEL-002227,PO-002256,2025-02-15,SUP-009,WHD-KHI-01,ING-101,3636.09,3636.09,3636.09,on_time,0
DEL-002228,PO-002257,2025-03-01,SUP-009,WHD-KHI-01,ING-101,4384.16,4384.16,4384.16,on_time,0
DEL-002229,PO-002258,2025-03-15,SUP-009,WHD-KHI-01,ING-101,4518.91,4518.91,4518.91,on_time,0
DEL-002230,PO-002259,2025-03-29,SUP-009,WHD-KHI-01,ING-101,4518.47,4518.47,4518.47,on_time,0
DEL-002231,PO-002260,2025-04-17,SUP-009,WHD-KHI-01,ING-101,4091.03,3593.81,3593.81,very_late,5
DEL-002232,PO-002261,2025-04-29,SUP-009,WHD-KHI-01,ING-101,4255.55,4255.55,4255.55,very_late,3
DEL-002233,PO-002262,2025-05-10,SUP-009,WHD-KHI-01,ING-101,4362.06,4362.06,4362.06,on_time,0
DEL-002234,PO-002263,2025-05-24,SUP-009,WHD-KHI-01,ING-101,3712.58,3712.58,3712.58,on_time,0
DEL-002235,PO-002264,2025-06-07,SUP-009,WHD-KHI-01,ING-101,3759.29,3759.29,3759.29,on_time,0
DEL-002236,PO-002265,2025-06-22,SUP-009,WHD-KHI-01,ING-101,3492.14,3492.14,3492.14,on_time,0
DEL-002237,PO-002266,2025-01-04,SUP-009,WHD-KHI-01,ING-102,3997.63,3997.63,3997.63,on_time,0
DEL-002238,PO-002267,2025-01-18,SUP-009,WHD-KHI-01,ING-102,3850.41,3850.41,3850.41,on_time,0
DEL-002239,PO-002268,2025-02-03,SUP-009,WHD-KHI-01,ING-102,3962.75,3381.21,3381.21,late,1
DEL-002240,PO-002269,2025-02-15,SUP-009,WHD-KHI-01,ING-102,4037.77,4037.77,4037.77,on_time,0
DEL-002241,PO-002270,2025-03-03,SUP-009,WHD-KHI-01,ING-102,5146.99,5146.99,5146.99,late,2
DEL-002242,PO-002271,2025-03-15,SUP-009,WHD-KHI-01,ING-102,5346.57,5346.57,5346.57,on_time,0
DEL-002243,PO-002272,2025-03-29,SUP-009,WHD-KHI-01,ING-102,5062.34,5062.34,5062.34,on_time,0
DEL-002244,PO-002273,2025-04-14,SUP-009,WHD-KHI-01,ING-102,4555.26,4555.26,4555.26,late,2
DEL-002245,PO-002274,2025-04-28,SUP-009,WHD-KHI-01,ING-102,5086.4,5086.4,5086.4,late,2
DEL-002246,PO-002275,2025-05-10,SUP-009,WHD-KHI-01,ING-102,4758.91,4758.91,4758.91,on_time,0
DEL-002247,PO-002276,2025-05-27,SUP-009,WHD-KHI-01,ING-102,4505.42,4505.42,4505.42,late,2
DEL-002248,PO-002277,2025-06-07,SUP-009,WHD-KHI-01,ING-102,4200.8,4200.8,4200.8,on_time,0
DEL-002249,PO-002278,2025-06-21,SUP-009,WHD-KHI-01,ING-102,4241.08,4241.08,4241.08,on_time,0
DEL-002250,PO-002279,2025-01-08,SUP-008,WHD-KHI-01,ING-200,246760.47,246760.47,246760.47,on_time,0
DEL-002251,PO-002280,2025-02-07,SUP-008,WHD-KHI-01,ING-200,285304.06,255599.17,255599.17,on_time,0
DEL-002252,PO-002281,2025-03-09,SUP-008,WHD-KHI-01,ING-200,513917.58,513917.58,513917.58,on_time,0
DEL-002253,PO-002282,2025-04-08,SUP-008,WHD-KHI-01,ING-200,304301.47,304301.47,304301.47,on_time,0
DEL-002254,PO-002283,2025-05-08,SUP-008,WHD-KHI-01,ING-200,301454.42,301454.42,301454.42,on_time,0
DEL-002255,PO-002284,2025-06-08,SUP-008,WHD-KHI-01,ING-200,261029.93,261029.93,261029.93,late,1
DEL-002256,PO-002285,2025-07-07,SUP-008,WHD-KHI-01,ING-200,6355.47,6355.47,6355.47,on_time,0
DEL-002257,PO-002286,2025-01-08,SUP-008,WHD-KHI-01,ING-201,774367.62,774367.62,774367.62,on_time,0
DEL-002258,PO-002287,2025-02-08,SUP-008,WHD-KHI-01,ING-201,784349.77,784349.77,784349.77,on_time,0
DEL-002259,PO-002288,2025-03-09,SUP-008,WHD-KHI-01,ING-201,1071487.32,974122.64,974122.64,on_time,0
DEL-002260,PO-002289,2025-04-08,SUP-008,WHD-KHI-01,ING-201,832746.31,712984.64,712984.64,on_time,0
DEL-002261,PO-002290,2025-05-09,SUP-008,WHD-KHI-01,ING-201,779809.56,779809.56,779809.56,late,1
DEL-002262,PO-002291,2025-06-08,SUP-008,WHD-KHI-01,ING-201,747026.91,747026.91,747026.91,late,1
DEL-002263,PO-002292,2025-07-07,SUP-008,WHD-KHI-01,ING-201,18772.89,18772.89,18772.89,on_time,0
DEL-002264,PO-002293,2025-01-08,SUP-008,WHD-KHI-01,ING-202,1004178.29,1004178.29,1004178.29,on_time,0
DEL-002265,PO-002294,2025-02-07,SUP-008,WHD-KHI-01,ING-202,938718.85,938718.85,938718.85,on_time,0
DEL-002266,PO-002295,2025-03-09,SUP-008,WHD-KHI-01,ING-202,1371087.76,1371087.76,1371087.76,on_time,0
DEL-002267,PO-002296,2025-04-08,SUP-008,WHD-KHI-01,ING-202,1079609.0,995712.18,995712.18,on_time,0
DEL-002268,PO-002297,2025-05-09,SUP-008,WHD-KHI-01,ING-202,1048072.51,1048072.51,1048072.51,on_time,0
DEL-002269,PO-002298,2025-06-07,SUP-008,WHD-KHI-01,ING-202,988421.75,988421.75,988421.75,on_time,0
DEL-002270,PO-002299,2025-07-07,SUP-008,WHD-KHI-01,ING-202,26812.5,26812.5,26812.5,on_time,0
DEL-002271,PO-002300,2025-01-08,SUP-008,WHD-KHI-01,ING-203,674634.47,674634.47,674634.47,on_time,0
DEL-002272,PO-002301,2025-02-07,SUP-008,WHD-KHI-01,ING-203,664019.47,664019.47,664019.47,on_time,0
DEL-002273,PO-002302,2025-03-09,SUP-008,WHD-KHI-01,ING-203,940348.83,940348.83,940348.83,on_time,0
DEL-002274,PO-002303,2025-04-10,SUP-008,WHD-KHI-01,ING-203,815516.36,815516.36,815516.36,late,2
DEL-002275,PO-002304,2025-05-08,SUP-008,WHD-KHI-01,ING-203,851252.79,851252.79,851252.79,on_time,0
DEL-002276,PO-002305,2025-06-07,SUP-008,WHD-KHI-01,ING-203,846097.86,846097.86,846097.86,on_time,0
DEL-002277,PO-002306,2025-07-08,SUP-008,WHD-KHI-01,ING-203,22584.15,22584.15,22584.15,on_time,0
DEL-002278,PO-002307,2025-01-08,SUP-008,WHD-KHI-01,ING-204,609702.83,522399.7,522399.7,on_time,0
DEL-002279,PO-002308,2025-02-07,SUP-008,WHD-KHI-01,ING-204,632317.8,632317.8,632317.8,on_time,0
DEL-002280,PO-002309,2025-03-09,SUP-008,WHD-KHI-01,ING-204,856704.95,856704.95,856704.95,on_time,0
DEL-002281,PO-002310,2025-04-08,SUP-008,WHD-KHI-01,ING-204,734329.13,734329.13,734329.13,on_time,0
DEL-002282,PO-002311,2025-05-08,SUP-008,WHD-KHI-01,ING-204,770958.12,770958.12,770958.12,on_time,0
DEL-002283,PO-002312,2025-06-07,SUP-008,WHD-KHI-01,ING-204,775079.91,775079.91,775079.91,on_time,0
DEL-002284,PO-002313,2025-07-07,SUP-008,WHD-KHI-01,ING-204,20717.33,20717.33,20717.33,on_time,0
DEL-002285,PO-002314,2025-01-08,SUP-008,WHD-KHI-01,ING-205,377835.68,377835.68,377835.68,on_time,0
DEL-002286,PO-002315,2025-02-07,SUP-008,WHD-KHI-01,ING-205,393504.65,393504.65,393504.65,on_time,0
DEL-002287,PO-002316,2025-03-11,SUP-008,WHD-KHI-01,ING-205,476732.03,476732.03,476732.03,on_time,0
DEL-002288,PO-002317,2025-04-08,SUP-008,WHD-KHI-01,ING-205,444683.41,444683.41,444683.41,on_time,0
DEL-002289,PO-002318,2025-05-08,SUP-008,WHD-KHI-01,ING-205,401246.86,356997.18,356997.18,on_time,0
DEL-002290,PO-002319,2025-06-07,SUP-008,WHD-KHI-01,ING-205,381811.49,381811.49,381811.49,on_time,0
DEL-002291,PO-002320,2025-07-07,SUP-008,WHD-KHI-01,ING-205,9540.87,9540.87,9540.87,on_time,0
