invoice_id,po_id,delivery_id,supplier_id,invoice_date,due_date,amount_pkr,payment_terms_days
INV-000001,PO-000001,DEL-000001,SUP-001,2025-01-07,2025-02-06,2755569.2,30
INV-000002,PO-000002,DEL-000002,SUP-001,2025-01-11,2025-02-10,2501800.43,30
INV-000003,PO-000003,DEL-000003,SUP-001,2025-01-09,2025-02-08,2585508.16,30
INV-000004,PO-000004,DEL-000004,SUP-001,2025-01-15,2025-02-14,3068143.08,30
INV-000005,PO-000005,DEL-000005,SUP-001,2025-01-15,2025-02-14,2352379.23,30
INV-000006,PO-000006,DEL-000006,SUP-001,2025-01-18,2025-02-17,3043450.65,30
INV-000007,PO-000007,DEL-000007,SUP-001,2025-01-22,2025-02-21,2012709.14,30
INV-000008,PO-000008,DEL-000008,SUP-001,2025-01-24,2025-02-23,2841216.96,30
INV-000009,PO-000009,DEL-000009,SUP-001,2025-01-29,2025-02-28,2188778.54,30
INV-000010,PO-000010,DEL-000010,SUP-001,2025-02-01,2025-03-03,2615244.71,30
INV-000011,PO-000011,DEL-000011,SUP-001,2025-02-04,2025-03-06,2962007.01,30
INV-000012,PO-000012,DEL-000012,SUP-001,2025-02-07,2025-03-09,2726720.85,30
INV-000013,PO-000013,DEL-000013,SUP-001,2025-02-09,2025-03-11,2657278.65,30
INV-000014,PO-000014,DEL-000014,SUP-001,2025-02-13,2025-03-15,2156358.52,30
INV-000015,PO-000015,DEL-000015,SUP-001,2025-02-15,2025-03-17,2895973.77,30
INV-000016,PO-000016,DEL-000016,SUP-001,2025-02-17,2025-03-19,2980428.45,30
INV-000017,PO-000017,DEL-000017,SUP-001,2025-02-22,2025-03-24,2101643.8,30
INV-000018,PO-000018,DEL-000018,SUP-001,2025-02-25,2025-03-27,3398137.02,30
INV-000019,PO-000019,DEL-000019,SUP-001,2025-02-26,2025-03-28,2338699.33,30
INV-000020,PO-000020,DEL-000020,SUP-001,2025-03-01,2025-03-31,3514552.73,30
INV-000021,PO-000021,DEL-000021,SUP-001,2025-03-05,2025-04-04,3463119.57,30
INV-000022,PO-000022,DEL-000022,SUP-001,2025-03-08,2025-04-07,4018502.37,30
INV-000023,PO-000023,DEL-000023,SUP-001,2025-03-10,2025-04-09,3347039.55,30
INV-000024,PO-000024,DEL-000024,SUP-001,2025-03-14,2025-04-13,3936415.79,30
INV-000025,PO-000025,DEL-000025,SUP-001,2025-03-20,2025-04-19,4740442.14,30
INV-000026,PO-000026,DEL-000026,SUP-001,2025-03-19,2025-04-18,3035668.1,30
INV-000027,PO-000027,DEL-000027,SUP-001,2025-03-23,2025-04-22,4418746.14,30
INV-000028,PO-000028,DEL-000028,SUP-001,2025-03-25,2025-04-24,3743937.97,30
INV-000029,PO-000029,DEL-000029,SUP-001,2025-03-28,2025-04-27,4964974.8,30
INV-000030,PO-000030,DEL-000030,SUP-001,2025-03-31,2025-04-30,3650433.57,30
INV-000031,PO-000031,DEL-000031,SUP-001,2025-04-06,2025-05-06,3849814.61,30
INV-000032,PO-000032,DEL-000032,SUP-001,2025-04-08,2025-05-08,2867865.63,30
INV-000033,PO-000033,DEL-000033,SUP-001,2025-04-11,2025-05-11,2613676.17,30
INV-000034,PO-000034,DEL-000034,SUP-001,2025-04-15,2025-05-15,3594235.49,30
INV-000035,PO-000035,DEL-000035,SUP-001,2025-04-17,2025-05-17,2290013.12,30
INV-000036,PO-000036,DEL-000036,SUP-001,2025-04-19,2025-05-19,3716604.65,30
INV-000037,PO-000037,DEL-000037,SUP-001,2025-04-21,2025-05-21,3336684.64,30
INV-000038,PO-000038,DEL-000038,SUP-001,2025-04-24,2025-05-24,3209417.84,30
INV-000039,PO-000039,DEL-000039,SUP-001,2025-04-28,2025-05-28,3833614.31,30
INV-000040,PO-000040,DEL-000040,SUP-001,2025-04-30,2025-05-30,3099379.23,30
INV-000041,PO-000041,DEL-000041,SUP-001,2025-05-07,2025-06-06,3099024.78,30
INV-000042,PO-000042,DEL-000042,SUP-001,2025-05-08,2025-06-07,2408624.19,30
INV-000043,PO-000043,DEL-000043,SUP-001,2025-05-11,2025-06-10,3068872.89,30
INV-000044,PO-000044,DEL-000044,SUP-001,2025-05-12,2025-06-11,2880699.16,30
INV-000045,PO-000045,DEL-000045,SUP-001,2025-05-18,2025-06-17,2499113.95,30
INV-000046,PO-000046,DEL-000046,SUP-001,2025-05-19,2025-06-18,2730162.27,30
INV-000047,PO-000047,DEL-000047,SUP-001,2025-05-21,2025-06-20,2292555.85,30
INV-000048,PO-000048,DEL-000048,SUP-001,2025-05-25,2025-06-24,2717024.18,30
INV-000049,PO-000049,DEL-000049,SUP-001,2025-05-30,2025-06-29,1930773.37,30
INV-000050,PO-000050,DEL-000050,SUP-001,2025-05-31,2025-06-30,2407131.31,30
INV-000051,PO-000051,DEL-000051,SUP-001,2025-06-06,2025-07-06,2486793.84,30
INV-000052,PO-000052,DEL-000052,SUP-001,2025-06-07,2025-07-07,2226983.93,30
INV-000053,PO-000053,DEL-000053,SUP-001,2025-06-10,2025-07-10,2611572.55,30
INV-000054,PO-000054,DEL-000054,SUP-001,2025-06-13,2025-07-13,2182247.95,30
INV-000055,PO-000055,DEL-000055,SUP-001,2025-06-14,2025-07-14,2652021.18,30
INV-000056,PO-000056,DEL-000056,SUP-001,2025-06-18,2025-07-18,2002790.66,30
INV-000057,PO-000057,DEL-000057,SUP-001,2025-06-21,2025-07-21,2624882.59,30
INV-000058,PO-000058,DEL-000058,SUP-001,2025-06-29,2025-07-29,2196255.89,30
INV-000059,PO-000059,DEL-000059,SUP-001,2025-06-29,2025-07-29,2133147.1,30
INV-000060,PO-000060,DEL-000060,SUP-001,2025-06-30,2025-07-30,2550981.35,30
INV-000061,PO-000061,DEL-000061,SUP-001,2025-07-02,2025-08-01,595765.93,30
INV-000062,PO-000062,DEL-000062,SUP-001,2025-01-03,2025-02-02,3328638.52,30
INV-000063,PO-000063,DEL-000063,SUP-001,2025-01-10,2025-02-09,2664333.56,30
INV-000064,PO-000064,DEL-000064,SUP-001,2025-01-12,2025-02-11,2285021.91,30
INV-000065,PO-000065,DEL-000065,SUP-001,2025-01-18,2025-02-17,2951963.2,30
INV-000066,PO-000066,DEL-000066,SUP-001,2025-01-17,2025-02-16,2069443.29,30
INV-000067,PO-000067,DEL-000067,SUP-001,2025-01-18,2025-02-17,3897719.44,30
INV-000068,PO-000068,DEL-000068,SUP-001,2025-01-23,2025-02-22,2419824.21,30
INV-000069,PO-000069,DEL-000069,SUP-001,2025-01-26,2025-02-25,3015551.24,30
INV-000070,PO-000070,DEL-000070,SUP-001,2025-01-27,2025-02-26,3210430.29,30
INV-000071,PO-000071,DEL-000071,SUP-001,2025-02-02,2025-03-04,2419360.54,30
INV-000072,PO-000072,DEL-000072,SUP-001,2025-02-03,2025-03-05,3910582.06,30
INV-000073,PO-000073,DEL-000073,SUP-001,2025-02-06,2025-03-08,2481903.22,30
INV-000074,PO-000074,DEL-000074,SUP-001,2025-02-09,2025-03-11,3931701.51,30
INV-000075,PO-000075,DEL-000075,SUP-001,2025-02-12,2025-03-14,2680873.49,30
INV-000076,PO-000076,DEL-000076,SUP-001,2025-02-16,2025-03-18,3346285.88,30
INV-000077,PO-000077,DEL-000077,SUP-001,2025-02-17,2025-03-19,3161559.55,30
INV-000078,PO-000078,DEL-000078,SUP-001,2025-02-20,2025-03-22,2637885.84,30
INV-000079,PO-000079,DEL-000079,SUP-001,2025-02-24,2025-03-26,4256750.45,30
INV-000080,PO-000080,DEL-000080,SUP-001,2025-02-27,2025-03-29,2571466.19,30
INV-000081,PO-000081,DEL-000081,SUP-001,2025-03-03,2025-04-02,5041414.68,30
INV-000082,PO-000082,DEL-000082,SUP-001,2025-03-05,2025-04-04,4860641.35,30
INV-000083,PO-000083,DEL-000083,SUP-001,2025-03-09,2025-04-08,6062463.29,30
INV-000084,PO-000084,DEL-000084,SUP-001,2025-03-14,2025-04-13,7089606.35,30
INV-000085,PO-000085,DEL-000085,SUP-001,2025-03-15,2025-04-14,4904407.18,30
INV-000086,PO-000086,DEL-000086,SUP-001,2025-03-16,2025-04-15,7699303.36,30
INV-000087,PO-000087,DEL-000087,SUP-001,2025-03-21,2025-04-20,5052445.1,30
INV-000088,PO-000088,DEL-000088,SUP-001,2025-03-23,2025-04-22,8007214.39,30
INV-000089,PO-000089,DEL-000089,SUP-001,2025-03-28,2025-04-27,4993118.92,30
INV-000090,PO-000090,DEL-000090,SUP-001,2025-03-29,2025-04-28,5655552.34,30
INV-000091,PO-000091,DEL-000091,SUP-001,2025-04-04,2025-05-04,6296920.54,30
INV-000092,PO-000092,DEL-000092,SUP-001,2025-04-06,2025-05-06,3594943.04,30
INV-000093,PO-000093,DEL-000093,SUP-001,2025-04-13,2025-05-13,4309159.1,30
INV-000094,PO-000094,DEL-000094,SUP-001,2025-04-10,2025-05-10,2464257.1,30
INV-000095,PO-000095,DEL-000095,SUP-001,2025-04-16,2025-05-16,4549124.58,30
INV-000096,PO-000096,DEL-000096,SUP-001,2025-04-15,2025-05-15,3192505.82,30
INV-000097,PO-000097,DEL-000097,SUP-001,2025-04-18,2025-05-18,3911883.95,30
INV-000098,PO-000098,DEL-000098,SUP-001,2025-04-23,2025-05-23,4266159.77,30
INV-000099,PO-000099,DEL-000099,SUP-001,2025-04-25,2025-05-25,2810670.62,30
INV-000100,PO-000100,DEL-000100,SUP-001,2025-04-29,2025-05-29,5012278.1,30
INV-000101,PO-000101,DEL-000101,SUP-001,2025-04-30,2025-05-30,2906226.11,30
INV-000102,PO-000102,DEL-000102,SUP-001,2025-05-03,2025-06-02,4120187.42,30
INV-000103,PO-000103,DEL-000103,SUP-001,2025-05-06,2025-06-05,2687847.16,30
INV-000104,PO-000104,DEL-000104,SUP-001,2025-05-10,2025-06-09,2984188.78,30
INV-000105,PO-000105,DEL-000105,SUP-001,2025-05-14,2025-06-13,3276650.67,30
INV-000106,PO-000106,DEL-000106,SUP-001,2025-05-17,2025-06-16,2681785.69,30
INV-000107,PO-000107,DEL-000107,SUP-001,2025-05-19,2025-06-18,3666744.12,30
INV-000108,PO-000108,DEL-000108,SUP-001,2025-05-21,2025-06-20,2036164.43,30
INV-000109,PO-000109,DEL-000109,SUP-001,2025-05-30,2025-06-29,3419345.96,30
INV-000110,PO-000110,DEL-000110,SUP-001,2025-05-28,2025-06-27,2342936.13,30
INV-000111,PO-000111,DEL-000111,SUP-001,2025-05-31,2025-06-30,2986170.67,30
INV-000112,PO-000112,DEL-000112,SUP-001,2025-06-02,2025-07-02,2791289.41,30
INV-000113,PO-000113,DEL-000113,SUP-001,2025-06-05,2025-07-05,2209839.19,30
INV-000114,PO-000114,DEL-000114,SUP-001,2025-06-09,2025-07-09,3210481.33,30
INV-000115,PO-000115,DEL-000115,SUP-001,2025-06-11,2025-07-11,2285677.41,30
INV-000116,PO-000116,DEL-000116,SUP-001,2025-06-14,2025-07-14,3389989.89,30
INV-000117,PO-000117,DEL-000117,SUP-001,2025-06-19,2025-07-19,2466582.98,30
INV-000118,PO-000118,DEL-000118,SUP-001,2025-06-23,2025-07-23,2999949.88,30
INV-000119,PO-000119,DEL-000119,SUP-001,2025-06-25,2025-07-25,2988267.5,30
INV-000120,PO-000120,DEL-000120,SUP-001,2025-06-27,2025-07-27,2330428.91,30
INV-000121,PO-000121,DEL-000121,SUP-001,2025-07-01,2025-07-31,3861513.12,30
INV-000122,PO-000122,DEL-000122,SUP-001,2025-07-03,2025-08-02,617640.65,30
INV-000123,PO-000123,DEL-000123,SUP-002,2025-01-05,2025-02-04,877848.82,30
INV-000124,PO-000124,DEL-000124,SUP-002,2025-01-11,2025-02-10,959720.51,30
INV-000125,PO-000125,DEL-000125,SUP-002,2025-01-11,2025-02-10,830360.16,30
INV-000126,PO-000126,DEL-000126,SUP-002,2025-01-17,2025-02-16,1162272.51,30
INV-000127,PO-000127,DEL-000127,SUP-002,2025-01-19,2025-02-18,696482.33,30
INV-000128,PO-000128,DEL-000128,SUP-002,2025-01-21,2025-02-20,1093371.59,30
INV-000129,PO-000129,DEL-000129,SUP-002,2025-01-23,2025-02-22,809543.11,30
INV-000130,PO-000130,DEL-000130,SUP-002,2025-01-24,2025-02-23,929989.54,30
INV-000131,PO-000131,DEL-000131,SUP-002,2025-01-27,2025-02-26,944810.82,30
INV-000132,PO-000132,DEL-000132,SUP-002,2025-01-31,2025-03-02,746875.05,30
INV-000133,PO-000133,DEL-000133,SUP-002,2025-02-03,2025-03-05,1171240.16,30
INV-000134,PO-000134,DEL-000134,SUP-002,2025-02-05,2025-03-07,746140.94,30
INV-000135,PO-000135,DEL-000135,SUP-002,2025-02-09,2025-03-11,1176475.47,30
INV-000136,PO-000136,DEL-000136,SUP-002,2025-02-12,2025-03-14,880279.79,30
INV-000137,PO-000137,DEL-000137,SUP-002,2025-02-15,2025-03-17,1003333.82,30
INV-000138,PO-000138,DEL-000138,SUP-002,2025-02-19,2025-03-21,846716.98,30
INV-000139,PO-000139,DEL-000139,SUP-002,2025-02-21,2025-03-23,775714.33,30
INV-000140,PO-000140,DEL-000140,SUP-002,2025-02-23,2025-03-25,1190025.96,30
INV-000141,PO-000141,DEL-000141,SUP-002,2025-02-27,2025-03-29,770168.11,30
INV-000142,PO-000142,DEL-000142,SUP-002,2025-03-04,2025-04-03,1182047.33,30
INV-000143,PO-000143,DEL-000143,SUP-002,2025-03-05,2025-04-04,1331467.45,30
INV-000144,PO-000144,DEL-000144,SUP-002,2025-03-09,2025-04-08,1412371.77,30
INV-000145,PO-000145,DEL-000145,SUP-002,2025-03-11,2025-04-10,1512292.62,30
INV-000146,PO-000146,DEL-000146,SUP-002,2025-03-13,2025-04-12,1300621.91,30
INV-000147,PO-000147,DEL-000147,SUP-002,2025-03-16,2025-04-15,1829601.98,30
INV-000148,PO-000148,DEL-000148,SUP-002,2025-03-21,2025-04-20,1147266.5,30
INV-000149,PO-000149,DEL-000149,SUP-002,2025-03-24,2025-04-23,1630720.02,30
INV-000150,PO-000150,DEL-000150,SUP-002,2025-03-30,2025-04-29,1463242.0,30
INV-000151,PO-000151,DEL-000151,SUP-002,2025-03-30,2025-04-29,1237378.43,30
INV-000152,PO-000152,DEL-000152,SUP-002,2025-04-03,2025-05-03,1661514.73,30
INV-000153,PO-000153,DEL-000153,SUP-002,2025-04-03,2025-05-03,1197834.65,30
INV-000154,PO-000154,DEL-000154,SUP-002,2025-04-08,2025-05-08,1052604.63,30
INV-000155,PO-000155,DEL-000155,SUP-002,2025-04-13,2025-05-13,806495.19,30
INV-000156,PO-000156,DEL-000156,SUP-002,2025-04-14,2025-05-14,1240405.54,30
INV-000157,PO-000157,DEL-000157,SUP-002,2025-04-16,2025-05-16,1042630.3,30
INV-000158,PO-000158,DEL-000158,SUP-002,2025-04-18,2025-05-18,1295035.48,30
INV-000159,PO-000159,DEL-000159,SUP-002,2025-04-23,2025-05-23,1212257.14,30
INV-000160,PO-000160,DEL-000160,SUP-002,2025-04-29,2025-05-29,1015497.37,30
INV-000161,PO-000161,DEL-000161,SUP-002,2025-04-27,2025-05-27,1418019.31,30
INV-000162,PO-000162,DEL-000162,SUP-002,2025-05-01,2025-05-31,933968.46,30
INV-000163,PO-000163,DEL-000163,SUP-002,2025-05-04,2025-06-03,1075805.41,30
INV-000164,PO-000164,DEL-000164,SUP-002,2025-05-08,2025-06-07,898969.05,30
INV-000165,PO-000165,DEL-000165,SUP-002,2025-05-16,2025-06-15,1027122.46,30
INV-000166,PO-000166,DEL-000166,SUP-002,2025-05-14,2025-06-13,1098952.15,30
INV-000167,PO-000168,DEL-000167,SUP-002,2025-05-18,2025-06-17,1115792.5,30
INV-000168,PO-000169,DEL-000168,SUP-002,2025-05-22,2025-06-21,774509.26,30
INV-000169,PO-000170,DEL-000169,SUP-002,2025-05-26,2025-06-25,951529.41,30
INV-000170,PO-000171,DEL-000170,SUP-002,2025-05-29,2025-06-28,846255.93,30
INV-000171,PO-000172,DEL-000171,SUP-002,2025-05-31,2025-06-30,939738.34,30
INV-000172,PO-000173,DEL-000172,SUP-002,2025-06-02,2025-07-02,921534.2,30
INV-000173,PO-000174,DEL-000173,SUP-002,2025-06-06,2025-07-06,703315.2,30
INV-000174,PO-000175,DEL-000174,SUP-002,2025-06-09,2025-07-09,980355.96,30
INV-000175,PO-000176,DEL-000175,SUP-002,2025-06-14,2025-07-14,661150.75,30
INV-000176,PO-000177,DEL-000176,SUP-002,2025-06-15,2025-07-15,929304.09,30
INV-000177,PO-000178,DEL-000177,SUP-002,2025-06-17,2025-07-17,753593.08,30
INV-000178,PO-000179,DEL-000178,SUP-002,2025-06-21,2025-07-21,839065.36,30
INV-000179,PO-000180,DEL-000179,SUP-002,2025-06-24,2025-07-24,874249.96,30
INV-000180,PO-000181,DEL-000180,SUP-002,2025-06-29,2025-07-29,743912.36,30
INV-000181,PO-000182,DEL-000181,SUP-002,2025-07-02,2025-08-01,975913.31,30
INV-000182,PO-000183,DEL-000182,SUP-002,2025-07-03,2025-08-02,234918.41,30
INV-000183,PO-000184,DEL-000183,SUP-001,2025-01-07,2025-02-06,4180250.23,30
INV-000184,PO-000185,DEL-000184,SUP-001,2025-01-09,2025-02-08,3534206.24,30
INV-000185,PO-000186,DEL-000185,SUP-001,2025-01-11,2025-02-10,2520871.18,30
INV-000186,PO-000187,DEL-000186,SUP-001,2025-01-14,2025-02-13,4576682.2,30
INV-000187,PO-000188,DEL-000187,SUP-001,2025-01-15,2025-02-14,2625518.69,30
INV-000188,PO-000189,DEL-000188,SUP-001,2025-01-18,2025-02-17,4939619.89,30
INV-000189,PO-000190,DEL-000189,SUP-001,2025-01-23,2025-02-22,2934882.38,30
INV-000190,PO-000192,DEL-000190,SUP-001,2025-01-31,2025-03-02,3686069.47,30
INV-000191,PO-000193,DEL-000191,SUP-001,2025-02-01,2025-03-03,3022791.59,30
INV-000192,PO-000194,DEL-000192,SUP-001,2025-02-06,2025-03-08,5133780.07,30
INV-000193,PO-000196,DEL-000193,SUP-001,2025-02-09,2025-03-11,4593917.88,30
INV-000194,PO-000197,DEL-000194,SUP-001,2025-02-11,2025-03-13,3538648.16,30
INV-000195,PO-000198,DEL-000195,SUP-001,2025-02-20,2025-03-22,4428881.77,30
INV-000196,PO-000199,DEL-000196,SUP-001,2025-02-19,2025-03-21,4250952.04,30
INV-000197,PO-000200,DEL-000197,SUP-001,2025-02-21,2025-03-23,3340695.35,30
INV-000198,PO-000201,DEL-000198,SUP-001,2025-02-25,2025-03-27,5620465.92,30
INV-000199,PO-000202,DEL-000199,SUP-001,2025-02-28,2025-03-30,3049165.02,30
INV-000200,PO-000203,DEL-000200,SUP-001,2025-03-03,2025-04-02,7204154.77,30
INV-000201,PO-000204,DEL-000201,SUP-001,2025-03-05,2025-04-04,5779087.47,30
INV-000202,PO-000205,DEL-000202,SUP-001,2025-03-08,2025-04-07,8573816.28,30
INV-000203,PO-000206,DEL-000203,SUP-001,2025-03-10,2025-04-09,8200716.49,30
INV-000204,PO-000207,DEL-000204,SUP-001,2025-03-14,2025-04-13,6086775.61,30
INV-000205,PO-000208,DEL-000205,SUP-001,2025-03-17,2025-04-16,9788357.41,30
INV-000206,PO-000209,DEL-000206,SUP-001,2025-03-23,2025-04-22,5762644.19,30
INV-000207,PO-000210,DEL-000207,SUP-001,2025-03-24,2025-04-23,9655850.33,30
INV-000208,PO-000211,DEL-000208,SUP-001,2025-03-26,2025-04-25,7091652.14,30
INV-000209,PO-000212,DEL-000209,SUP-001,2025-03-30,2025-04-29,8096819.43,30
INV-000210,PO-000213,DEL-000210,SUP-001,2025-04-01,2025-05-01,7914717.69,30
INV-000211,PO-000214,DEL-000211,SUP-001,2025-04-04,2025-05-04,4021008.97,30
INV-000212,PO-000215,DEL-000212,SUP-001,2025-04-07,2025-05-07,5117411.48,30
INV-000213,PO-000216,DEL-000213,SUP-001,2025-04-09,2025-05-09,3107174.89,30
INV-000214,PO-000217,DEL-000214,SUP-001,2025-04-16,2025-05-16,5430732.53,30
INV-000215,PO-000218,DEL-000215,SUP-001,2025-04-16,2025-05-16,3987767.67,30
INV-000216,PO-000219,DEL-000216,SUP-001,2025-04-21,2025-05-21,4157062.2,30
INV-000217,PO-000220,DEL-000217,SUP-001,2025-04-24,2025-05-24,5026596.74,30
INV-000218,PO-000221,DEL-000218,SUP-001,2025-04-26,2025-05-26,4048247.11,30
INV-000219,PO-000222,DEL-000219,SUP-001,2025-04-28,2025-05-28,6453741.82,30
INV-000220,PO-000223,DEL-000220,SUP-001,2025-05-02,2025-06-01,3330015.67,30
INV-000221,PO-000224,DEL-000221,SUP-001,2025-05-04,2025-06-03,5192090.82,30
INV-000222,PO-000225,DEL-000222,SUP-001,2025-05-08,2025-06-07,3440684.26,30
INV-000223,PO-000226,DEL-000223,SUP-001,2025-05-10,2025-06-09,4067743.68,30
INV-000224,PO-000227,DEL-000224,SUP-001,2025-05-15,2025-06-14,4149105.65,30
INV-000225,PO-000228,DEL-000225,SUP-001,2025-05-19,2025-06-18,2992479.04,30
INV-000226,PO-000229,DEL-000226,SUP-001,2025-05-21,2025-06-20,4333956.79,30
INV-000227,PO-000230,DEL-000227,SUP-001,2025-05-23,2025-06-22,2754801.55,30
INV-000228,PO-000231,DEL-000228,SUP-001,2025-05-24,2025-06-23,4816893.84,30
INV-000229,PO-000232,DEL-000229,SUP-001,2025-05-29,2025-06-28,2981091.6,30
INV-000230,PO-000233,DEL-000230,SUP-001,2025-06-02,2025-07-02,3199100.14,30
INV-000231,PO-000234,DEL-000231,SUP-001,2025-06-04,2025-07-04,3992729.75,30
INV-000232,PO-000235,DEL-000232,SUP-001,2025-06-07,2025-07-07,2826765.09,30
INV-000233,PO-000236,DEL-000233,SUP-001,2025-06-10,2025-07-10,4328537.53,30
INV-000234,PO-000237,DEL-000234,SUP-001,2025-06-11,2025-07-11,2679609.94,30
INV-000235,PO-000239,DEL-000235,SUP-001,2025-06-19,2025-07-19,2883176.03,30
INV-000236,PO-000240,DEL-000236,SUP-001,2025-06-21,2025-07-21,3972884.17,30
INV-000237,PO-000241,DEL-000237,SUP-001,2025-06-25,2025-07-25,3936671.68,30
INV-000238,PO-000242,DEL-000238,SUP-001,2025-06-27,2025-07-27,2997068.06,30
INV-000239,PO-000243,DEL-000239,SUP-001,2025-06-30,2025-07-30,4605619.04,30
INV-000240,PO-000244,DEL-000240,SUP-001,2025-07-04,2025-08-03,719418.97,30
INV-000241,PO-000245,DEL-000241,SUP-001,2025-01-05,2025-02-04,3393036.96,30
INV-000242,PO-000246,DEL-000242,SUP-001,2025-01-08,2025-02-07,3433137.62,30
INV-000243,PO-000247,DEL-000243,SUP-001,2025-01-11,2025-02-10,2653518.86,30
INV-000244,PO-000248,DEL-000244,SUP-001,2025-01-14,2025-02-13,4405357.99,30
INV-000245,PO-000249,DEL-000245,SUP-001,2025-01-16,2025-02-15,2318067.98,30
INV-000246,PO-000250,DEL-000246,SUP-001,2025-01-19,2025-02-18,4121750.26,30
INV-000247,PO-000251,DEL-000247,SUP-001,2025-01-21,2025-02-20,2869700.15,30
INV-000248,PO-000252,DEL-000248,SUP-001,2025-01-24,2025-02-23,3036306.83,30
INV-000249,PO-000253,DEL-000249,SUP-001,2025-01-28,2025-02-27,3365526.0,30
INV-000250,PO-000254,DEL-000250,SUP-001,2025-02-04,2025-03-06,2592091.74,30
INV-000251,PO-000255,DEL-000251,SUP-001,2025-02-05,2025-03-07,4281487.95,30
INV-000252,PO-000256,DEL-000252,SUP-001,2025-02-07,2025-03-09,2710956.16,30
INV-000253,PO-000257,DEL-000253,SUP-001,2025-02-09,2025-03-11,4405939.24,30
INV-000254,PO-000258,DEL-000254,SUP-001,2025-02-11,2025-03-13,2573880.89,30
INV-000255,PO-000259,DEL-000255,SUP-001,2025-02-15,2025-03-17,3423309.74,30
INV-000256,PO-000260,DEL-000256,SUP-001,2025-02-19,2025-03-21,3631653.35,30
INV-000257,PO-000261,DEL-000257,SUP-001,2025-02-21,2025-03-23,2605650.14,30
INV-000258,PO-000262,DEL-000258,SUP-001,2025-02-23,2025-03-25,4605877.64,30
INV-000259,PO-000263,DEL-000259,SUP-001,2025-02-27,2025-03-29,2622654.47,30
INV-000260,PO-000264,DEL-000260,SUP-001,2025-03-03,2025-04-02,4758251.77,30
INV-000261,PO-000265,DEL-000261,SUP-001,2025-03-04,2025-04-03,4966983.35,30
INV-000262,PO-000266,DEL-000262,SUP-001,2025-03-10,2025-04-09,7187202.82,30
INV-000263,PO-000267,DEL-000263,SUP-001,2025-03-12,2025-04-11,7206899.48,30
INV-000264,PO-000268,DEL-000264,SUP-001,2025-03-13,2025-04-12,5736206.73,30
INV-000265,PO-000269,DEL-000265,SUP-001,2025-03-17,2025-04-16,8225894.5,30
INV-000266,PO-000270,DEL-000266,SUP-001,2025-03-21,2025-04-20,4585015.68,30
INV-000267,PO-000271,DEL-000267,SUP-001,2025-03-23,2025-04-22,8164167.0,30
INV-000268,PO-000272,DEL-000268,SUP-001,2025-03-26,2025-04-25,5560978.47,30
INV-000269,PO-000273,DEL-000269,SUP-001,2025-03-29,2025-04-28,7081680.71,30
INV-000270,PO-000274,DEL-000270,SUP-001,2025-03-31,2025-04-30,6545585.91,30
INV-000271,PO-000275,DEL-000271,SUP-001,2025-04-05,2025-05-05,3649823.24,30
INV-000272,PO-000276,DEL-000272,SUP-001,2025-04-08,2025-05-08,4780035.39,30
INV-000273,PO-000277,DEL-000273,SUP-001,2025-04-09,2025-05-09,2816823.11,30
INV-000274,PO-000278,DEL-000274,SUP-001,2025-04-12,2025-05-12,4594613.94,30
INV-000275,PO-000279,DEL-000275,SUP-001,2025-04-15,2025-05-15,3571616.36,30
INV-000276,PO-000280,DEL-000276,SUP-001,2025-04-18,2025-05-18,4188705.24,30
INV-000277,PO-000281,DEL-000277,SUP-001,2025-04-23,2025-05-23,4432477.08,30
INV-000278,PO-000282,DEL-000278,SUP-001,2025-04-26,2025-05-26,3174388.06,30
INV-000279,PO-000283,DEL-000279,SUP-001,2025-04-28,2025-05-28,5149415.33,30
INV-000280,PO-000284,DEL-000280,SUP-001,2025-05-02,2025-06-01,2904291.86,30
INV-000281,PO-000285,DEL-000281,SUP-001,2025-05-03,2025-06-02,3770018.64,30
INV-000282,PO-000286,DEL-000282,SUP-001,2025-05-06,2025-06-05,2852342.8,30
INV-000283,PO-000287,DEL-000283,SUP-001,2025-05-10,2025-06-09,3508026.1,30
INV-000284,PO-000288,DEL-000284,SUP-001,2025-05-14,2025-06-13,3324434.17,30
INV-000285,PO-000289,DEL-000285,SUP-001,2025-05-16,2025-06-15,2494897.75,30
INV-000286,PO-000290,DEL-000286,SUP-001,2025-05-20,2025-06-19,4200395.66,30
INV-000287,PO-000292,DEL-000287,SUP-001,2025-05-27,2025-06-26,3177119.55,30
INV-000288,PO-000293,DEL-000288,SUP-001,2025-05-31,2025-06-30,2407319.09,30
INV-000289,PO-000294,DEL-000289,SUP-001,2025-05-31,2025-06-30,2961965.84,30
INV-000290,PO-000295,DEL-000290,SUP-001,2025-06-04,2025-07-04,2793992.1,30
INV-000291,PO-000296,DEL-000291,SUP-001,2025-06-08,2025-07-08,2480204.71,30
INV-000292,PO-000297,DEL-000292,SUP-001,2025-06-09,2025-07-09,3678360.14,30
INV-000293,PO-000298,DEL-000293,SUP-001,2025-06-11,2025-07-11,2155419.16,30
INV-000294,PO-000299,DEL-000294,SUP-001,2025-06-16,2025-07-16,3914698.61,30
INV-000295,PO-000300,DEL-000295,SUP-001,2025-06-20,2025-07-20,2450950.31,30
INV-000296,PO-000301,DEL-000296,SUP-001,2025-06-20,2025-07-20,3099307.66,30
INV-000297,PO-000302,DEL-000297,SUP-001,2025-06-24,2025-07-24,3103980.69,30
INV-000298,PO-000303,DEL-000298,SUP-001,2025-06-26,2025-07-26,2533215.1,30
INV-000299,PO-000304,DEL-000299,SUP-001,2025-06-30,2025-07-30,3318230.38,30
INV-000300,PO-000305,DEL-000300,SUP-001,2025-07-02,2025-08-01,755466.86,30
INV-000301,PO-000306,DEL-000301,SUP-001,2025-01-03,2025-02-02,1730755.63,30
INV-000302,PO-000307,DEL-000302,SUP-001,2025-01-08,2025-02-07,1717279.93,30
INV-000303,PO-000308,DEL-000303,SUP-001,2025-01-10,2025-02-09,1435925.17,30
INV-000304,PO-000309,DEL-000304,SUP-001,2025-01-14,2025-02-13,2006294.61,30
INV-000305,PO-000310,DEL-000305,SUP-001,2025-01-17,2025-02-16,1325821.93,30
INV-000306,PO-000311,DEL-000306,SUP-001,2025-01-19,2025-02-18,2045838.6,30
INV-000307,PO-000312,DEL-000307,SUP-001,2025-01-23,2025-02-22,1440405.01,30
INV-000308,PO-000313,DEL-000308,SUP-001,2025-01-26,2025-02-25,1567851.63,30
INV-000309,PO-000314,DEL-000309,SUP-001,2025-01-27,2025-02-26,1770844.54,30
INV-000310,PO-000315,DEL-000310,SUP-001,2025-02-03,2025-03-05,1318230.86,30
INV-000311,PO-000316,DEL-000311,SUP-001,2025-02-04,2025-03-06,1997536.61,30
INV-000312,PO-000317,DEL-000312,SUP-001,2025-02-06,2025-03-08,1405311.32,30
INV-000313,PO-000318,DEL-000313,SUP-001,2025-02-09,2025-03-11,2058859.15,30
INV-000314,PO-000319,DEL-000314,SUP-001,2025-02-12,2025-03-14,1563969.65,30
INV-000315,PO-000320,DEL-000315,SUP-001,2025-02-14,2025-03-16,1738943.53,30
INV-000316,PO-000321,DEL-000316,SUP-001,2025-02-19,2025-03-21,1787535.62,30
INV-000317,PO-000322,DEL-000317,SUP-001,2025-02-21,2025-03-23,1415710.86,30
INV-000318,PO-000323,DEL-000318,SUP-001,2025-02-24,2025-03-26,2188675.48,30
INV-000319,PO-000324,DEL-000319,SUP-001,2025-02-27,2025-03-29,1367152.46,30
INV-000320,PO-000325,DEL-000320,SUP-001,2025-03-05,2025-04-04,2565956.2,30
INV-000321,PO-000326,DEL-000321,SUP-001,2025-03-05,2025-04-04,2504346.32,30
INV-000322,PO-000327,DEL-000322,SUP-001,2025-03-09,2025-04-08,3005232.37,30
INV-000323,PO-000328,DEL-000323,SUP-001,2025-03-12,2025-04-11,3082096.46,30
INV-000324,PO-000329,DEL-000324,SUP-001,2025-03-15,2025-04-14,2614476.8,30
INV-000325,PO-000330,DEL-000325,SUP-001,2025-03-18,2025-04-17,4028200.05,30
INV-000326,PO-000331,DEL-000326,SUP-001,2025-03-20,2025-04-19,2357166.01,30
INV-000327,PO-000332,DEL-000327,SUP-001,2025-03-28,2025-04-27,3492793.12,30
INV-000328,PO-000333,DEL-000328,SUP-001,2025-03-27,2025-04-26,2908422.73,30
INV-000329,PO-000334,DEL-000329,SUP-001,2025-03-28,2025-04-27,3166484.03,30
INV-000330,PO-000335,DEL-000330,SUP-001,2025-03-31,2025-04-30,3179046.0,30
INV-000331,PO-000336,DEL-000331,SUP-001,2025-04-05,2025-05-05,1884565.42,30
INV-000332,PO-000337,DEL-000332,SUP-001,2025-04-07,2025-05-07,2231295.15,30
INV-000333,PO-000338,DEL-000333,SUP-001,2025-04-13,2025-05-13,1523977.1,30
INV-000334,PO-000339,DEL-000334,SUP-001,2025-04-14,2025-05-14,2501632.01,30
INV-000335,PO-000340,DEL-000335,SUP-001,2025-04-16,2025-05-16,1731988.49,30
INV-000336,PO-000341,DEL-000336,SUP-001,2025-04-20,2025-05-20,2109569.14,30
INV-000337,PO-000342,DEL-000337,SUP-001,2025-04-25,2025-05-25,2290848.63,30
INV-000338,PO-000343,DEL-000338,SUP-001,2025-04-25,2025-05-25,1728301.84,30
INV-000339,PO-000344,DEL-000339,SUP-001,2025-04-29,2025-05-29,2660250.58,30
INV-000340,PO-000345,DEL-000340,SUP-001,2025-05-01,2025-05-31,1629727.84,30
INV-000341,PO-000346,DEL-000341,SUP-001,2025-05-03,2025-06-02,2229826.92,30
INV-000342,PO-000347,DEL-000342,SUP-001,2025-05-09,2025-06-08,1506816.08,30
INV-000343,PO-000348,DEL-000343,SUP-001,2025-05-10,2025-06-09,1970692.6,30
INV-000344,PO-000349,DEL-000344,SUP-001,2025-05-12,2025-06-11,1733984.66,30
INV-000345,PO-000350,DEL-000345,SUP-001,2025-05-19,2025-06-18,1157029.34,30
INV-000346,PO-000351,DEL-000346,SUP-001,2025-05-20,2025-06-19,2055681.38,30
INV-000347,PO-000352,DEL-000347,SUP-001,2025-05-23,2025-06-22,1190036.87,30
INV-000348,PO-000353,DEL-000348,SUP-001,2025-05-27,2025-06-26,1771561.51,30
INV-000349,PO-000354,DEL-000349,SUP-001,2025-05-29,2025-06-28,1262298.46,30
INV-000350,PO-000355,DEL-000350,SUP-001,2025-05-31,2025-06-30,1724747.21,30
INV-000351,PO-000356,DEL-000351,SUP-001,2025-06-04,2025-07-04,1673295.46,30
INV-000352,PO-000357,DEL-000352,SUP-001,2025-06-06,2025-07-06,1178243.89,30
INV-000353,PO-000358,DEL-000353,SUP-001,2025-06-09,2025-07-09,2001628.3,30
INV-000354,PO-000359,DEL-000354,SUP-001,2025-06-11,2025-07-11,1149187.3,30
INV-000355,PO-000360,DEL-000355,SUP-001,2025-06-17,2025-07-17,1978013.47,30
INV-000356,PO-000361,DEL-000356,SUP-001,2025-06-19,2025-07-19,1228783.5,30
INV-000357,PO-000362,DEL-000357,SUP-001,2025-06-21,2025-07-21,1622684.25,30
INV-000358,PO-000363,DEL-000358,SUP-001,2025-06-24,2025-07-24,1620216.49,30
INV-000359,PO-000364,DEL-000359,SUP-001,2025-06-28,2025-07-28,1239581.31,30
INV-000360,PO-000365,DEL-000360,SUP-001,2025-07-01,2025-07-31,2074813.66,30
INV-000361,PO-000366,DEL-000361,SUP-001,2025-07-02,2025-08-01,342399.9,30
INV-000362,PO-000367,DEL-000362,SUP-001,2025-01-06,2025-02-05,737896.93,30
INV-000363,PO-000368,DEL-000363,SUP-001,2025-01-07,2025-02-06,644994.9,30
INV-000364,PO-000369,DEL-000364,SUP-001,2025-01-11,2025-02-10,586094.32,30
INV-000365,PO-000370,DEL-000365,SUP-001,2025-01-16,2025-02-15,739706.67,30
INV-000366,PO-000371,DEL-000366,SUP-001,2025-01-17,2025-02-16,587466.98,30
INV-000367,PO-000372,DEL-000367,SUP-001,2025-01-21,2025-02-20,681632.12,30
INV-000368,PO-000373,DEL-000368,SUP-001,2025-01-22,2025-02-21,498993.58,30
INV-000369,PO-000374,DEL-000369,SUP-001,2025-01-26,2025-02-25,720099.28,30
INV-000370,PO-000375,DEL-000370,SUP-001,2025-01-29,2025-02-28,617598.23,30
INV-000371,PO-000376,DEL-000371,SUP-001,2025-01-31,2025-03-02,663089.65,30
INV-000372,PO-000377,DEL-000372,SUP-001,2025-02-08,2025-03-10,727370.54,30
INV-000373,PO-000378,DEL-000373,SUP-001,2025-02-06,2025-03-08,623491.84,30
INV-000374,PO-000379,DEL-000374,SUP-001,2025-02-12,2025-03-14,718028.06,30
INV-000375,PO-000380,DEL-000375,SUP-001,2025-02-14,2025-03-16,626497.46,30
INV-000376,PO-000381,DEL-000376,SUP-001,2025-02-18,2025-03-20,827690.81,30
INV-000377,PO-000382,DEL-000377,SUP-001,2025-02-20,2025-03-22,683835.41,30
INV-000378,PO-000383,DEL-000378,SUP-001,2025-02-22,2025-03-24,685670.21,30
INV-000379,PO-000384,DEL-000379,SUP-001,2025-02-25,2025-03-27,791016.03,30
INV-000380,PO-000385,DEL-000380,SUP-001,2025-02-26,2025-03-28,607515.41,30
INV-000381,PO-000386,DEL-000381,SUP-001,2025-03-01,2025-03-31,866409.2,30
INV-000382,PO-000387,DEL-000382,SUP-001,2025-03-05,2025-04-04,932587.03,30
INV-000383,PO-000388,DEL-000383,SUP-001,2025-03-11,2025-04-10,1258406.76,30
INV-000384,PO-000389,DEL-000384,SUP-001,2025-03-16,2025-04-15,980256.75,30
INV-000385,PO-000390,DEL-000385,SUP-001,2025-03-16,2025-04-15,922175.65,30
INV-000386,PO-000391,DEL-000386,SUP-001,2025-03-17,2025-04-16,1225912.61,30
INV-000387,PO-000392,DEL-000387,SUP-001,2025-03-21,2025-04-20,982855.67,30
INV-000388,PO-000393,DEL-000388,SUP-001,2025-03-23,2025-04-22,1019703.2,30
INV-000389,PO-000394,DEL-000389,SUP-001,2025-03-27,2025-04-26,999447.96,30
INV-000390,PO-000395,DEL-000390,SUP-001,2025-03-28,2025-04-27,1079362.21,30
INV-000391,PO-000396,DEL-000391,SUP-001,2025-04-01,2025-05-01,1023013.22,30
INV-000392,PO-000397,DEL-000392,SUP-001,2025-04-03,2025-05-03,885373.5,30
INV-000393,PO-000398,DEL-000393,SUP-001,2025-04-07,2025-05-07,857883.6,30
INV-000394,PO-000399,DEL-000394,SUP-001,2025-04-12,2025-05-12,755731.06,30
INV-000395,PO-000400,DEL-000395,SUP-001,2025-04-16,2025-05-16,850384.3,30
INV-000396,PO-000401,DEL-000396,SUP-001,2025-04-17,2025-05-17,639724.46,30
INV-000397,PO-000402,DEL-000397,SUP-001,2025-04-19,2025-05-19,947908.63,30
INV-000398,PO-000403,DEL-000398,SUP-001,2025-04-23,2025-05-23,809240.01,30
INV-000399,PO-000404,DEL-000399,SUP-001,2025-04-24,2025-05-24,819604.3,30
INV-000400,PO-000405,DEL-000400,SUP-001,2025-04-28,2025-05-28,948168.49,30
INV-000401,PO-000406,DEL-000401,SUP-001,2025-05-03,2025-06-02,766888.32,30
INV-000402,PO-000407,DEL-000402,SUP-001,2025-05-04,2025-06-03,762281.35,30
INV-000403,PO-000408,DEL-000403,SUP-001,2025-05-12,2025-06-11,561219.91,30
INV-000404,PO-000409,DEL-000404,SUP-001,2025-05-09,2025-06-08,731521.48,30
INV-000405,PO-000410,DEL-000405,SUP-001,2025-05-13,2025-06-12,661122.25,30
INV-000406,PO-000411,DEL-000406,SUP-001,2025-05-17,2025-06-16,630269.95,30
INV-000407,PO-000412,DEL-000407,SUP-001,2025-05-19,2025-06-18,680974.44,30
INV-000408,PO-000413,DEL-000408,SUP-001,2025-05-21,2025-06-20,527635.19,30
INV-000409,PO-000414,DEL-000409,SUP-001,2025-05-26,2025-06-25,652793.26,30
INV-000410,PO-000415,DEL-000410,SUP-001,2025-05-27,2025-06-26,487527.8,30
INV-000411,PO-000416,DEL-000411,SUP-001,2025-06-01,2025-07-01,705320.57,30
INV-000412,PO-000417,DEL-000412,SUP-001,2025-06-03,2025-07-03,641522.28,30
INV-000413,PO-000418,DEL-000413,SUP-001,2025-06-05,2025-07-05,557359.61,30
INV-000414,PO-000419,DEL-000414,SUP-001,2025-06-08,2025-07-08,721175.88,30
INV-000415,PO-000420,DEL-000415,SUP-001,2025-06-13,2025-07-13,539552.87,30
INV-000416,PO-000421,DEL-000416,SUP-001,2025-06-14,2025-07-14,658985.6,30
INV-000417,PO-000422,DEL-000417,SUP-001,2025-06-20,2025-07-20,440489.19,30
INV-000418,PO-000423,DEL-000418,SUP-001,2025-06-21,2025-07-21,640496.88,30
INV-000419,PO-000424,DEL-000419,SUP-001,2025-06-25,2025-07-25,576523.41,30
INV-000420,PO-000425,DEL-000420,SUP-001,2025-06-30,2025-07-30,595048.96,30
INV-000421,PO-000426,DEL-000421,SUP-001,2025-06-29,2025-07-29,726571.28,30
INV-000422,PO-000427,DEL-000422,SUP-001,2025-07-03,2025-08-02,156556.69,30
INV-000423,PO-000428,DEL-000423,SUP-001,2025-01-05,2025-02-04,866436.39,30
INV-000424,PO-000429,DEL-000424,SUP-001,2025-01-07,2025-02-06,830550.98,30
INV-000425,PO-000430,DEL-000425,SUP-001,2025-01-10,2025-02-09,593145.02,30
INV-000426,PO-000431,DEL-000426,SUP-001,2025-01-15,2025-02-14,922744.28,30
INV-000427,PO-000432,DEL-000427,SUP-001,2025-01-17,2025-02-16,581028.05,30
INV-000428,PO-000433,DEL-000428,SUP-001,2025-01-20,2025-02-19,981689.1,30
INV-000429,PO-000434,DEL-000429,SUP-001,2025-01-23,2025-02-22,642259.21,30
INV-000430,PO-000435,DEL-000430,SUP-001,2025-01-25,2025-02-24,793882.18,30
INV-000431,PO-000436,DEL-000431,SUP-001,2025-01-30,2025-03-01,775868.0,30
INV-000432,PO-000437,DEL-000432,SUP-001,2025-01-31,2025-03-02,588819.65,30
INV-000433,PO-000438,DEL-000433,SUP-001,2025-02-02,2025-03-04,961139.91,30
INV-000434,PO-000439,DEL-000434,SUP-001,2025-02-09,2025-03-11,644949.06,30
INV-000435,PO-000440,DEL-000435,SUP-001,2025-02-10,2025-03-12,1044559.28,30
INV-000436,PO-000441,DEL-000436,SUP-001,2025-02-12,2025-03-14,675703.71,30
INV-000437,PO-000442,DEL-000437,SUP-001,2025-02-14,2025-03-16,847731.06,30
INV-000438,PO-000443,DEL-000438,SUP-001,2025-02-19,2025-03-21,877695.63,30
INV-000439,PO-000444,DEL-000439,SUP-001,2025-02-20,2025-03-22,649759.68,30
INV-000440,PO-000445,DEL-000440,SUP-001,2025-02-24,2025-03-26,945303.0,30
INV-000441,PO-000446,DEL-000441,SUP-001,2025-03-04,2025-04-03,561752.91,30
INV-000442,PO-000447,DEL-000442,SUP-001,2025-03-01,2025-03-31,1229520.29,30
INV-000443,PO-000448,DEL-000443,SUP-001,2025-03-06,2025-04-05,1213858.05,30
INV-000444,PO-000449,DEL-000444,SUP-001,2025-03-07,2025-04-06,1580411.58,30
INV-000445,PO-000450,DEL-000445,SUP-001,2025-03-13,2025-04-12,1661104.28,30
INV-000446,PO-000451,DEL-000446,SUP-001,2025-03-13,2025-04-12,1240664.43,30
INV-000447,PO-000452,DEL-000447,SUP-001,2025-03-18,2025-04-17,2017439.49,30
INV-000448,PO-000453,DEL-000448,SUP-001,2025-03-20,2025-04-19,1074948.62,30
INV-000449,PO-000454,DEL-000449,SUP-001,2025-03-23,2025-04-22,1884257.55,30
INV-000450,PO-000455,DEL-000450,SUP-001,2025-03-28,2025-04-27,1416346.29,30
INV-000451,PO-000456,DEL-000451,SUP-001,2025-03-30,2025-04-29,1637575.01,30
INV-000452,PO-000457,DEL-000452,SUP-001,2025-04-01,2025-05-01,1486469.84,30
INV-000453,PO-000458,DEL-000453,SUP-001,2025-04-05,2025-05-05,843545.52,30
INV-000454,PO-000459,DEL-000454,SUP-001,2025-04-13,2025-05-13,1168645.44,30
INV-000455,PO-000460,DEL-000455,SUP-001,2025-04-11,2025-05-11,689401.46,30
INV-000456,PO-000461,DEL-000456,SUP-001,2025-04-13,2025-05-13,1161876.2,30
INV-000457,PO-000462,DEL-000457,SUP-001,2025-04-17,2025-05-17,805440.88,30
INV-000458,PO-000463,DEL-000458,SUP-001,2025-04-20,2025-05-20,969781.61,30
INV-000459,PO-000464,DEL-000459,SUP-001,2025-04-23,2025-05-23,960512.65,30
INV-000460,PO-000465,DEL-000460,SUP-001,2025-04-25,2025-05-25,787821.17,30
INV-000461,PO-000466,DEL-000461,SUP-001,2025-04-29,2025-05-29,1275854.52,30
INV-000462,PO-000467,DEL-000462,SUP-001,2025-05-01,2025-05-31,735470.19,30
INV-000463,PO-000468,DEL-000463,SUP-001,2025-05-07,2025-06-06,1070082.8,30
INV-000464,PO-000469,DEL-000464,SUP-001,2025-05-08,2025-06-07,641413.05,30
INV-000465,PO-000470,DEL-000465,SUP-001,2025-05-14,2025-06-13,830516.11,30
INV-000466,PO-000471,DEL-000466,SUP-001,2025-05-15,2025-06-14,927641.53,30
INV-000467,PO-000472,DEL-000467,SUP-001,2025-05-18,2025-06-17,675388.26,30
INV-000468,PO-000473,DEL-000468,SUP-001,2025-05-22,2025-06-21,920732.06,30
INV-000469,PO-000474,DEL-000469,SUP-001,2025-05-22,2025-06-21,500687.74,30
INV-000470,PO-000475,DEL-000470,SUP-001,2025-05-24,2025-06-23,824722.61,30
INV-000471,PO-000476,DEL-000471,SUP-001,2025-05-27,2025-06-26,558167.26,30
INV-000472,PO-000477,DEL-000472,SUP-001,2025-05-30,2025-06-29,735775.1,30
INV-000473,PO-000478,DEL-000473,SUP-001,2025-06-07,2025-07-07,740418.87,30
INV-000474,PO-000479,DEL-000474,SUP-001,2025-06-06,2025-07-06,528982.11,30
INV-000475,PO-000480,DEL-000475,SUP-001,2025-06-11,2025-07-11,921041.64,30
INV-000476,PO-000481,DEL-000476,SUP-001,2025-06-11,2025-07-11,535973.12,30
INV-000477,PO-000482,DEL-000477,SUP-001,2025-06-14,2025-07-14,852407.35,30
INV-000478,PO-000483,DEL-000478,SUP-001,2025-06-18,2025-07-18,591702.48,30
INV-000479,PO-000484,DEL-000479,SUP-001,2025-06-20,2025-07-20,754280.61,30
INV-000480,PO-000485,DEL-000480,SUP-001,2025-06-24,2025-07-24,721636.68,30
INV-000481,PO-000486,DEL-000481,SUP-001,2025-06-29,2025-07-29,627157.38,30
INV-000482,PO-000487,DEL-000482,SUP-001,2025-06-30,2025-07-30,916105.55,30
INV-000483,PO-000488,DEL-000483,SUP-001,2025-07-04,2025-08-03,156011.89,30
INV-000484,PO-000489,DEL-000484,SUP-002,2025-01-03,2025-02-02,233010.94,30
INV-000485,PO-000490,DEL-000485,SUP-002,2025-01-07,2025-02-06,245001.89,30
INV-000486,PO-000491,DEL-000486,SUP-002,2025-01-09,2025-02-08,196994.69,30
INV-000487,PO-000492,DEL-000487,SUP-002,2025-01-12,2025-02-11,277835.21,30
INV-000488,PO-000493,DEL-000488,SUP-002,2025-01-16,2025-02-15,196602.78,30
INV-000489,PO-000494,DEL-000489,SUP-002,2025-01-20,2025-02-19,278854.11,30
INV-000490,PO-000495,DEL-000490,SUP-002,2025-01-23,2025-02-22,203998.16,30
INV-000491,PO-000496,DEL-000491,SUP-002,2025-01-29,2025-02-28,236460.26,30
INV-000492,PO-000497,DEL-000492,SUP-002,2025-01-27,2025-02-26,219516.09,30
INV-000493,PO-000498,DEL-000493,SUP-002,2025-01-31,2025-03-02,212588.38,30
INV-000494,PO-000499,DEL-000494,SUP-002,2025-02-07,2025-03-09,296541.57,30
INV-000495,PO-000500,DEL-000495,SUP-002,2025-02-07,2025-03-09,213410.09,30
INV-000496,PO-000501,DEL-000496,SUP-002,2025-02-09,2025-03-11,279794.98,30
INV-000497,PO-000502,DEL-000497,SUP-002,2025-02-15,2025-03-17,232520.94,30
INV-000498,PO-000503,DEL-000498,SUP-002,2025-02-16,2025-03-18,285205.05,30
INV-000499,PO-000504,DEL-000499,SUP-002,2025-02-18,2025-03-20,239621.02,30
INV-000500,PO-000505,DEL-000500,SUP-002,2025-02-20,2025-03-22,210243.17,30
INV-000501,PO-000506,DEL-000501,SUP-002,2025-02-25,2025-03-27,311522.47,30
INV-000502,PO-000507,DEL-000502,SUP-002,2025-02-27,2025-03-29,212120.44,30
INV-000503,PO-000508,DEL-000503,SUP-002,2025-03-01,2025-03-31,307206.87,30
INV-000504,PO-000509,DEL-000504,SUP-002,2025-03-07,2025-04-06,353909.67,30
INV-000505,PO-000510,DEL-000505,SUP-002,2025-03-07,2025-04-06,349182.52,30
INV-000506,PO-000512,DEL-000506,SUP-002,2025-03-13,2025-04-12,302508.93,30
INV-000507,PO-000513,DEL-000507,SUP-002,2025-03-19,2025-04-18,426383.86,30
INV-000508,PO-000514,DEL-000508,SUP-002,2025-03-20,2025-04-19,317805.43,30
INV-000509,PO-000515,DEL-000509,SUP-002,2025-03-25,2025-04-24,410487.38,30
INV-000510,PO-000516,DEL-000510,SUP-002,2025-03-27,2025-04-26,337732.47,30
INV-000511,PO-000517,DEL-000511,SUP-002,2025-03-28,2025-04-27,392213.7,30
INV-000512,PO-000518,DEL-000512,SUP-002,2025-04-02,2025-05-02,388027.36,30
INV-000513,PO-000519,DEL-000513,SUP-002,2025-04-04,2025-05-04,279707.93,30
INV-000514,PO-000520,DEL-000514,SUP-002,2025-04-13,2025-05-13,317239.34,30
INV-000515,PO-000521,DEL-000515,SUP-002,2025-04-09,2025-05-09,218168.34,30
INV-000516,PO-000522,DEL-000516,SUP-002,2025-04-14,2025-05-14,323608.01,30
INV-000517,PO-000523,DEL-000517,SUP-002,2025-04-16,2025-05-16,266804.15,30
INV-000518,PO-000524,DEL-000518,SUP-002,2025-04-21,2025-05-21,282653.02,30
INV-000519,PO-000525,DEL-000519,SUP-002,2025-04-23,2025-05-23,326340.09,30
INV-000520,PO-000526,DEL-000520,SUP-002,2025-05-01,2025-05-31,259297.28,30
INV-000521,PO-000527,DEL-000521,SUP-002,2025-04-28,2025-05-28,366320.34,30
INV-000522,PO-000528,DEL-000522,SUP-002,2025-05-01,2025-05-31,263623.75,30
INV-000523,PO-000529,DEL-000523,SUP-002,2025-05-03,2025-06-02,308431.74,30
INV-000524,PO-000530,DEL-000524,SUP-002,2025-05-08,2025-06-07,230177.94,30
INV-000525,PO-000531,DEL-000525,SUP-002,2025-05-11,2025-06-10,246365.75,30
INV-000526,PO-000532,DEL-000526,SUP-002,2025-05-13,2025-06-12,243626.2,30
INV-000527,PO-000533,DEL-000527,SUP-002,2025-05-15,2025-06-14,227249.76,30
INV-000528,PO-000534,DEL-000528,SUP-002,2025-05-20,2025-06-19,269211.01,30
INV-000529,PO-000535,DEL-000529,SUP-002,2025-05-23,2025-06-22,167522.04,30
INV-000530,PO-000536,DEL-000530,SUP-002,2025-05-26,2025-06-25,279195.44,30
INV-000531,PO-000537,DEL-000531,SUP-002,2025-05-29,2025-06-28,207244.4,30
INV-000532,PO-000538,DEL-000532,SUP-002,2025-05-30,2025-06-29,205382.0,30
INV-000533,PO-000539,DEL-000533,SUP-002,2025-06-03,2025-07-03,209851.7,30
INV-000534,PO-000540,DEL-000534,SUP-002,2025-06-05,2025-07-05,194768.54,30
INV-000535,PO-000541,DEL-000535,SUP-002,2025-06-08,2025-07-08,254179.84,30
INV-000536,PO-000542,DEL-000536,SUP-002,2025-06-13,2025-07-13,176112.49,30
INV-000537,PO-000543,DEL-000537,SUP-002,2025-06-16,2025-07-16,236755.84,30
INV-000538,PO-000544,DEL-000538,SUP-002,2025-06-17,2025-07-17,186575.16,30
INV-000539,PO-000545,DEL-000539,SUP-002,2025-06-21,2025-07-21,216883.01,30
INV-000540,PO-000546,DEL-000540,SUP-002,2025-06-27,2025-07-27,223656.61,30
INV-000541,PO-000547,DEL-000541,SUP-002,2025-06-28,2025-07-28,189774.99,30
INV-000542,PO-000549,DEL-000542,SUP-002,2025-07-04,2025-08-03,58653.88,30
INV-000543,PO-000551,DEL-000543,SUP-001,2025-01-08,2025-02-07,900827.89,30
INV-000544,PO-000552,DEL-000544,SUP-001,2025-01-10,2025-02-09,724959.5,30
INV-000545,PO-000553,DEL-000545,SUP-001,2025-01-13,2025-02-12,1260237.66,30
INV-000546,PO-000554,DEL-000546,SUP-001,2025-01-15,2025-02-14,689901.22,30
INV-000547,PO-000555,DEL-000547,SUP-001,2025-01-18,2025-02-17,1141322.02,30
INV-000548,PO-000556,DEL-000548,SUP-001,2025-01-21,2025-02-20,717528.34,30
INV-000549,PO-000557,DEL-000549,SUP-001,2025-01-26,2025-02-25,931209.91,30
INV-000550,PO-000558,DEL-000550,SUP-001,2025-01-29,2025-02-28,977394.17,30
INV-000551,PO-000559,DEL-000551,SUP-001,2025-01-31,2025-03-02,710700.62,30
INV-000552,PO-000560,DEL-000552,SUP-001,2025-02-04,2025-03-06,1192492.49,30
INV-000553,PO-000561,DEL-000553,SUP-001,2025-02-07,2025-03-09,748771.28,30
INV-000554,PO-000562,DEL-000554,SUP-001,2025-02-09,2025-03-11,1265607.19,30
INV-000555,PO-000563,DEL-000555,SUP-001,2025-02-12,2025-03-14,857208.46,30
INV-000556,PO-000564,DEL-000556,SUP-001,2025-02-16,2025-03-18,958588.2,30
INV-000557,PO-000565,DEL-000557,SUP-001,2025-02-18,2025-03-20,951655.96,30
INV-000558,PO-000566,DEL-000558,SUP-001,2025-02-22,2025-03-24,778503.13,30
INV-000559,PO-000567,DEL-000559,SUP-001,2025-02-25,2025-03-27,1158945.69,30
INV-000560,PO-000568,DEL-000560,SUP-001,2025-02-26,2025-03-28,787191.36,30
INV-000561,PO-000569,DEL-000561,SUP-001,2025-03-03,2025-04-02,1635946.26,30
INV-000562,PO-000570,DEL-000562,SUP-001,2025-03-04,2025-04-03,1665878.06,30
INV-000563,PO-000571,DEL-000563,SUP-001,2025-03-09,2025-04-08,2184190.42,30
INV-000564,PO-000572,DEL-000564,SUP-001,2025-03-12,2025-04-11,2101184.93,30
INV-000565,PO-000573,DEL-000565,SUP-001,2025-03-14,2025-04-13,1523980.7,30
INV-000566,PO-000574,DEL-000566,SUP-001,2025-03-16,2025-04-15,2544369.32,30
INV-000567,PO-000575,DEL-000567,SUP-001,2025-03-21,2025-04-20,1436721.47,30
INV-000568,PO-000576,DEL-000568,SUP-001,2025-03-23,2025-04-22,2319573.59,30
INV-000569,PO-000577,DEL-000569,SUP-001,2025-03-25,2025-04-24,1783203.16,30
INV-000570,PO-000578,DEL-000570,SUP-001,2025-03-29,2025-04-28,2144024.99,30
INV-000571,PO-000579,DEL-000571,SUP-001,2025-04-01,2025-05-01,2072299.83,30
INV-000572,PO-000580,DEL-000572,SUP-001,2025-04-03,2025-05-03,1061679.55,30
INV-000573,PO-000581,DEL-000573,SUP-001,2025-04-07,2025-05-07,1454729.62,30
INV-000574,PO-000582,DEL-000574,SUP-001,2025-04-13,2025-05-13,833996.32,30
INV-000575,PO-000583,DEL-000575,SUP-001,2025-04-13,2025-05-13,1508768.08,30
INV-000576,PO-000584,DEL-000576,SUP-001,2025-04-21,2025-05-21,874666.1,30
INV-000577,PO-000585,DEL-000577,SUP-001,2025-04-18,2025-05-18,1246339.51,30
INV-000578,PO-000586,DEL-000578,SUP-001,2025-04-23,2025-05-23,1339557.57,30
INV-000579,PO-000587,DEL-000579,SUP-001,2025-04-26,2025-05-26,951682.84,30
INV-000580,PO-000588,DEL-000580,SUP-001,2025-04-29,2025-05-29,1645741.9,30
INV-000581,PO-000589,DEL-000581,SUP-001,2025-05-01,2025-05-31,850631.54,30
INV-000582,PO-000590,DEL-000582,SUP-001,2025-05-05,2025-06-04,1211439.07,30
INV-000583,PO-000591,DEL-000583,SUP-001,2025-05-08,2025-06-07,833120.42,30
INV-000584,PO-000592,DEL-000584,SUP-001,2025-05-11,2025-06-10,1055677.92,30
INV-000585,PO-000593,DEL-000585,SUP-001,2025-05-13,2025-06-12,969416.82,30
INV-000586,PO-000594,DEL-000586,SUP-001,2025-05-18,2025-06-17,845780.02,30
INV-000587,PO-000595,DEL-000587,SUP-001,2025-05-23,2025-06-22,1224483.53,30
INV-000588,PO-000596,DEL-000588,SUP-001,2025-05-23,2025-06-22,655869.83,30
INV-000589,PO-000597,DEL-000589,SUP-001,2025-05-24,2025-06-23,1175472.76,30
INV-000590,PO-000598,DEL-000590,SUP-001,2025-05-29,2025-06-28,729036.84,30
INV-000591,PO-000599,DEL-000591,SUP-001,2025-06-05,2025-07-05,921749.71,30
INV-000592,PO-000600,DEL-000592,SUP-001,2025-06-03,2025-07-03,775946.85,30
INV-000593,PO-000601,DEL-000593,SUP-001,2025-06-07,2025-07-07,750957.4,30
INV-000594,PO-000602,DEL-000594,SUP-001,2025-06-09,2025-07-09,1062457.99,30
INV-000595,PO-000603,DEL-000595,SUP-001,2025-06-14,2025-07-14,627168.72,30
INV-000596,PO-000604,DEL-000596,SUP-001,2025-06-15,2025-07-15,1053164.08,30
INV-000597,PO-000605,DEL-000597,SUP-001,2025-06-17,2025-07-17,699522.08,30
INV-000598,PO-000606,DEL-000598,SUP-001,2025-06-21,2025-07-21,925407.44,30
INV-000599,PO-000607,DEL-000599,SUP-001,2025-06-25,2025-07-25,858784.62,30
INV-000600,PO-000608,DEL-000600,SUP-001,2025-07-01,2025-07-31,737446.97,30
INV-000601,PO-000609,DEL-000601,SUP-001,2025-06-29,2025-07-29,1248551.66,30
INV-000602,PO-000610,DEL-000602,SUP-001,2025-07-03,2025-08-02,213770.06,30
INV-000603,PO-000611,DEL-000603,SUP-001,2025-01-05,2025-02-04,847833.26,30
INV-000604,PO-000612,DEL-000604,SUP-001,2025-01-06,2025-02-05,861615.63,30
INV-000605,PO-000613,DEL-000605,SUP-001,2025-01-12,2025-02-11,610736.38,30
INV-000606,PO-000614,DEL-000606,SUP-001,2025-01-13,2025-02-12,1010620.87,30
INV-000607,PO-000615,DEL-000607,SUP-001,2025-01-17,2025-02-16,652780.74,30
INV-000608,PO-000616,DEL-000608,SUP-001,2025-01-20,2025-02-19,949475.03,30
INV-000609,PO-000617,DEL-000609,SUP-001,2025-01-27,2025-02-26,614569.02,30
INV-000610,PO-000618,DEL-000610,SUP-001,2025-01-26,2025-02-25,866693.38,30
INV-000611,PO-000619,DEL-000611,SUP-001,2025-01-29,2025-02-28,821432.64,30
INV-000612,PO-000620,DEL-000612,SUP-001,2025-01-31,2025-03-02,672419.9,30
INV-000613,PO-000621,DEL-000613,SUP-001,2025-02-04,2025-03-06,1039523.79,30
INV-000614,PO-000622,DEL-000614,SUP-001,2025-02-07,2025-03-09,644911.21,30
INV-000615,PO-000623,DEL-000615,SUP-001,2025-02-10,2025-03-12,1069646.56,30
INV-000616,PO-000624,DEL-000616,SUP-001,2025-02-11,2025-03-13,645198.05,30
INV-000617,PO-000625,DEL-000617,SUP-001,2025-02-14,2025-03-16,971170.27,30
INV-000618,PO-000626,DEL-000618,SUP-001,2025-02-17,2025-03-19,943111.41,30
INV-000619,PO-000627,DEL-000619,SUP-001,2025-02-22,2025-03-24,633666.14,30
INV-000620,PO-000628,DEL-000620,SUP-001,2025-02-26,2025-03-28,1091771.97,30
INV-000621,PO-000629,DEL-000621,SUP-001,2025-02-28,2025-03-30,636172.97,30
INV-000622,PO-000630,DEL-000622,SUP-001,2025-03-01,2025-03-31,1376062.32,30
INV-000623,PO-000631,DEL-000623,SUP-001,2025-03-06,2025-04-05,1304192.44,30
INV-000624,PO-000632,DEL-000624,SUP-001,2025-03-11,2025-04-10,1855219.0,30
INV-000625,PO-000633,DEL-000625,SUP-001,2025-03-12,2025-04-11,1874581.18,30
INV-000626,PO-000634,DEL-000626,SUP-001,2025-03-15,2025-04-14,1123888.48,30
INV-000627,PO-000635,DEL-000627,SUP-001,2025-03-21,2025-04-20,2256478.57,30
INV-000628,PO-000636,DEL-000628,SUP-001,2025-03-21,2025-04-20,1247864.46,30
INV-000629,PO-000637,DEL-000629,SUP-001,2025-03-22,2025-04-21,2102115.54,30
INV-000630,PO-000638,DEL-000630,SUP-001,2025-03-25,2025-04-24,1570356.43,30
INV-000631,PO-000639,DEL-000631,SUP-001,2025-03-29,2025-04-28,1650268.54,30
INV-000632,PO-000640,DEL-000632,SUP-001,2025-04-01,2025-05-01,1729988.02,30
INV-000633,PO-000641,DEL-000633,SUP-001,2025-04-04,2025-05-04,925360.85,30
INV-000634,PO-000642,DEL-000634,SUP-001,2025-04-12,2025-05-12,1154459.98,30
INV-000635,PO-000643,DEL-000635,SUP-001,2025-04-11,2025-05-11,741275.38,30
INV-000636,PO-000644,DEL-000636,SUP-001,2025-04-14,2025-05-14,1273237.26,30
INV-000637,PO-000645,DEL-000637,SUP-001,2025-04-16,2025-05-16,835965.24,30
INV-000638,PO-000646,DEL-000638,SUP-001,2025-04-18,2025-05-18,1046928.66,30
INV-000639,PO-000647,DEL-000639,SUP-001,2025-04-22,2025-05-22,1166942.05,30
INV-000640,PO-000648,DEL-000640,SUP-001,2025-04-24,2025-05-24,870199.5,30
INV-000641,PO-000649,DEL-000641,SUP-001,2025-04-27,2025-05-27,1294957.2,30
INV-000642,PO-000650,DEL-000642,SUP-001,2025-05-01,2025-05-31,787773.4,30
INV-000643,PO-000651,DEL-000643,SUP-001,2025-05-05,2025-06-04,1200373.18,30
INV-000644,PO-000652,DEL-000644,SUP-001,2025-05-06,2025-06-05,689961.28,30
INV-000645,PO-000653,DEL-000645,SUP-001,2025-05-11,2025-06-10,829542.09,30
INV-000646,PO-000654,DEL-000646,SUP-001,2025-05-13,2025-06-12,903087.86,30
INV-000647,PO-000655,DEL-000647,SUP-001,2025-05-17,2025-06-16,741632.9,30
INV-000648,PO-000656,DEL-000648,SUP-001,2025-05-18,2025-06-17,1031099.07,30
INV-000649,PO-000657,DEL-000649,SUP-001,2025-05-21,2025-06-20,560991.49,30
INV-000650,PO-000658,DEL-000650,SUP-001,2025-05-24,2025-06-23,994064.97,30
INV-000651,PO-000659,DEL-000651,SUP-001,2025-05-27,2025-06-26,665461.6,30
INV-000652,PO-000660,DEL-000652,SUP-001,2025-05-31,2025-06-30,720843.29,30
INV-000653,PO-000661,DEL-000653,SUP-001,2025-06-04,2025-07-04,767216.47,30
INV-000654,PO-000662,DEL-000654,SUP-001,2025-06-05,2025-07-05,592939.43,30
INV-000655,PO-000663,DEL-000655,SUP-001,2025-06-11,2025-07-11,1006651.58,30
INV-000656,PO-000664,DEL-000656,SUP-001,2025-06-12,2025-07-12,588586.64,30
INV-000657,PO-000665,DEL-000657,SUP-001,2025-06-16,2025-07-16,1000640.72,30
INV-000658,PO-000666,DEL-000658,SUP-001,2025-06-19,2025-07-19,606034.48,30
INV-000659,PO-000667,DEL-000659,SUP-001,2025-06-22,2025-07-22,842192.64,30
INV-000660,PO-000668,DEL-000660,SUP-001,2025-06-26,2025-07-26,819208.17,30
INV-000661,PO-000669,DEL-000661,SUP-001,2025-06-27,2025-07-27,651582.8,30
INV-000662,PO-000670,DEL-000662,SUP-001,2025-07-01,2025-07-31,997274.23,30
INV-000663,PO-000671,DEL-000663,SUP-001,2025-07-04,2025-08-03,169300.87,30
INV-000664,PO-000672,DEL-000664,SUP-001,2025-01-05,2025-02-04,449459.84,30
INV-000665,PO-000673,DEL-000665,SUP-001,2025-01-08,2025-02-07,464003.12,30
INV-000666,PO-000674,DEL-000666,SUP-001,2025-01-09,2025-02-08,345080.77,30
INV-000667,PO-000675,DEL-000667,SUP-001,2025-01-14,2025-02-13,458048.71,30
INV-000668,PO-000676,DEL-000668,SUP-001,2025-01-18,2025-02-17,319837.92,30
INV-000669,PO-000677,DEL-000669,SUP-001,2025-01-21,2025-02-20,532665.29,30
INV-000670,PO-000679,DEL-000670,SUP-001,2025-01-26,2025-02-25,434789.17,30
INV-000671,PO-000680,DEL-000671,SUP-001,2025-01-29,2025-02-28,436137.02,30
INV-000672,PO-000681,DEL-000672,SUP-001,2025-01-30,2025-03-01,391854.7,30
INV-000673,PO-000682,DEL-000673,SUP-001,2025-02-05,2025-03-07,523148.35,30
INV-000674,PO-000683,DEL-000674,SUP-001,2025-02-07,2025-03-09,378347.61,30
INV-000675,PO-000684,DEL-000675,SUP-001,2025-02-09,2025-03-11,551675.02,30
INV-000676,PO-000685,DEL-000676,SUP-001,2025-02-13,2025-03-15,336967.66,30
INV-000677,PO-000686,DEL-000677,SUP-001,2025-02-14,2025-03-16,458221.69,30
INV-000678,PO-000687,DEL-000678,SUP-001,2025-02-17,2025-03-19,468327.97,30
INV-000679,PO-000688,DEL-000679,SUP-001,2025-02-20,2025-03-22,395028.45,30
INV-000680,PO-000689,DEL-000680,SUP-001,2025-03-02,2025-04-01,533609.47,30
INV-000681,PO-000690,DEL-000681,SUP-001,2025-02-26,2025-03-28,337405.56,30
INV-000682,PO-000691,DEL-000682,SUP-001,2025-03-03,2025-04-02,617407.85,30
INV-000683,PO-000692,DEL-000683,SUP-001,2025-03-07,2025-04-06,738160.04,30
INV-000684,PO-000693,DEL-000684,SUP-001,2025-03-08,2025-04-07,779210.64,30
INV-000685,PO-000694,DEL-000685,SUP-001,2025-03-11,2025-04-10,795609.71,30
INV-000686,PO-000695,DEL-000686,SUP-001,2025-03-15,2025-04-14,616085.38,30
INV-000687,PO-000696,DEL-000687,SUP-001,2025-03-19,2025-04-18,1029894.98,30
INV-000688,PO-000697,DEL-000688,SUP-001,2025-03-19,2025-04-18,600222.6,30
INV-000689,PO-000698,DEL-000689,SUP-001,2025-03-23,2025-04-22,920996.02,30
INV-000690,PO-000699,DEL-000690,SUP-001,2025-03-28,2025-04-27,662867.57,30
INV-000691,PO-000700,DEL-000691,SUP-001,2025-04-01,2025-05-01,751197.47,30
INV-000692,PO-000702,DEL-000692,SUP-001,2025-04-03,2025-05-03,528884.01,30
INV-000693,PO-000703,DEL-000693,SUP-001,2025-04-10,2025-05-10,560429.61,30
INV-000694,PO-000704,DEL-000694,SUP-001,2025-04-09,2025-05-09,345440.39,30
INV-000695,PO-000705,DEL-000695,SUP-001,2025-04-16,2025-05-16,637992.42,30
INV-000696,PO-000706,DEL-000696,SUP-001,2025-04-17,2025-05-17,445398.72,30
INV-000697,PO-000707,DEL-000697,SUP-001,2025-04-20,2025-05-20,529116.35,30
INV-000698,PO-000708,DEL-000698,SUP-001,2025-04-21,2025-05-21,516806.68,30
INV-000699,PO-000709,DEL-000699,SUP-001,2025-04-24,2025-05-24,448856.87,30
INV-000700,PO-000710,DEL-000700,SUP-001,2025-05-03,2025-06-02,698695.53,30
INV-000701,PO-000711,DEL-000701,SUP-001,2025-05-04,2025-06-03,429404.84,30
INV-000702,PO-000712,DEL-000702,SUP-001,2025-05-04,2025-06-03,549111.61,30
INV-000703,PO-000713,DEL-000703,SUP-001,2025-05-09,2025-06-08,394761.4,30
INV-000704,PO-000714,DEL-000704,SUP-001,2025-05-12,2025-06-11,449711.84,30
INV-000705,PO-000715,DEL-000705,SUP-001,2025-05-13,2025-06-12,443846.95,30
INV-000706,PO-000716,DEL-000706,SUP-001,2025-05-17,2025-06-16,380365.7,30
INV-000707,PO-000717,DEL-000707,SUP-001,2025-05-18,2025-06-17,467966.46,30
INV-000708,PO-000718,DEL-000708,SUP-001,2025-05-23,2025-06-22,301162.81,30
INV-000709,PO-000719,DEL-000709,SUP-001,2025-05-26,2025-06-25,487642.68,30
INV-000710,PO-000720,DEL-000710,SUP-001,2025-05-29,2025-06-28,330096.43,30
INV-000711,PO-000721,DEL-000711,SUP-001,2025-05-31,2025-06-30,391873.97,30
INV-000712,PO-000722,DEL-000712,SUP-001,2025-06-04,2025-07-04,427450.95,30
INV-000713,PO-000723,DEL-000713,SUP-001,2025-06-07,2025-07-07,315408.88,30
INV-000714,PO-000724,DEL-000714,SUP-001,2025-06-09,2025-07-09,448040.34,30
INV-000715,PO-000725,DEL-000715,SUP-001,2025-06-11,2025-07-11,294861.68,30
INV-000716,PO-000726,DEL-000716,SUP-001,2025-06-14,2025-07-14,435305.57,30
INV-000717,PO-000727,DEL-000717,SUP-001,2025-06-19,2025-07-19,339293.61,30
INV-000718,PO-000728,DEL-000718,SUP-001,2025-06-21,2025-07-21,411873.4,30
INV-000719,PO-000729,DEL-000719,SUP-001,2025-06-24,2025-07-24,414777.51,30
INV-000720,PO-000730,DEL-000720,SUP-001,2025-06-28,2025-07-28,339103.15,30
INV-000721,PO-000731,DEL-000721,SUP-001,2025-06-30,2025-07-30,521537.51,30
INV-000722,PO-000732,DEL-000722,SUP-001,2025-07-04,2025-08-03,99507.32,30
INV-000723,PO-000733,DEL-000723,SUP-001,2025-01-03,2025-02-02,384232.48,30
INV-000724,PO-000734,DEL-000724,SUP-001,2025-01-07,2025-02-06,362429.59,30
INV-000725,PO-000735,DEL-000725,SUP-001,2025-01-12,2025-02-11,308764.86,30
INV-000726,PO-000736,DEL-000726,SUP-001,2025-01-12,2025-02-11,402523.15,30
INV-000727,PO-000737,DEL-000727,SUP-001,2025-01-17,2025-02-16,336453.0,30
INV-000728,PO-000738,DEL-000728,SUP-001,2025-01-18,2025-02-17,390499.09,30
INV-000729,PO-000739,DEL-000729,SUP-001,2025-01-21,2025-02-20,294906.15,30
INV-000730,PO-000740,DEL-000730,SUP-001,2025-01-24,2025-02-23,399653.58,30
INV-000731,PO-000741,DEL-000731,SUP-001,2025-02-02,2025-03-04,309923.36,30
INV-000732,PO-000742,DEL-000732,SUP-001,2025-01-31,2025-03-02,326619.83,30
INV-000733,PO-000743,DEL-000733,SUP-001,2025-02-03,2025-03-05,362887.24,30
INV-000734,PO-000744,DEL-000734,SUP-001,2025-02-06,2025-03-08,333663.46,30
INV-000735,PO-000745,DEL-000735,SUP-001,2025-02-09,2025-03-11,412290.33,30
INV-000736,PO-000746,DEL-000736,SUP-001,2025-02-12,2025-03-14,293769.97,30
INV-000737,PO-000747,DEL-000737,SUP-001,2025-02-14,2025-03-16,431339.98,30
INV-000738,PO-000748,DEL-000738,SUP-001,2025-02-18,2025-03-20,351909.95,30
INV-000739,PO-000749,DEL-000739,SUP-001,2025-02-21,2025-03-23,374775.06,30
INV-000740,PO-000750,DEL-000740,SUP-001,2025-02-23,2025-03-25,362903.98,30
INV-000741,PO-000751,DEL-000741,SUP-001,2025-02-27,2025-03-29,321842.49,30
INV-000742,PO-000752,DEL-000742,SUP-001,2025-03-04,2025-04-03,454315.46,30
INV-000743,PO-000753,DEL-000743,SUP-001,2025-03-11,2025-04-10,496969.05,30
INV-000744,PO-000754,DEL-000744,SUP-001,2025-03-07,2025-04-06,610641.23,30
INV-000745,PO-000755,DEL-000745,SUP-001,2025-03-11,2025-04-10,533907.06,30
INV-000746,PO-000756,DEL-000746,SUP-001,2025-03-14,2025-04-13,503533.0,30
INV-000747,PO-000757,DEL-000747,SUP-001,2025-03-18,2025-04-17,637746.6,30
INV-000748,PO-000758,DEL-000748,SUP-001,2025-03-24,2025-04-23,461501.31,30
INV-000749,PO-000759,DEL-000749,SUP-001,2025-03-23,2025-04-22,581407.62,30
INV-000750,PO-000760,DEL-000750,SUP-001,2025-03-25,2025-04-24,503737.74,30
INV-000751,PO-000761,DEL-000751,SUP-001,2025-03-29,2025-04-28,631664.68,30
INV-000752,PO-000762,DEL-000752,SUP-001,2025-04-02,2025-05-02,564061.12,30
INV-000753,PO-000763,DEL-000753,SUP-001,2025-04-04,2025-05-04,470426.93,30
INV-000754,PO-000764,DEL-000754,SUP-001,2025-04-07,2025-05-07,416500.1,30
INV-000755,PO-000765,DEL-000755,SUP-001,2025-04-09,2025-05-09,350340.09,30
INV-000756,PO-000766,DEL-000756,SUP-001,2025-04-16,2025-05-16,500550.79,30
INV-000757,PO-000767,DEL-000757,SUP-001,2025-04-17,2025-05-17,352972.57,30
INV-000758,PO-000768,DEL-000758,SUP-001,2025-04-19,2025-05-19,454329.17,30
INV-000759,PO-000769,DEL-000759,SUP-001,2025-04-21,2025-05-21,432428.46,30
INV-000760,PO-000770,DEL-000760,SUP-001,2025-04-27,2025-05-27,431082.72,30
INV-000761,PO-000771,DEL-000761,SUP-001,2025-04-29,2025-05-29,500255.32,30
INV-000762,PO-000772,DEL-000762,SUP-001,2025-05-03,2025-06-02,397524.72,30
INV-000763,PO-000773,DEL-000763,SUP-001,2025-05-05,2025-06-04,410700.75,30
INV-000764,PO-000774,DEL-000764,SUP-001,2025-05-08,2025-06-07,296879.5,30
INV-000765,PO-000775,DEL-000765,SUP-001,2025-05-11,2025-06-10,408032.16,30
INV-000766,PO-000776,DEL-000766,SUP-001,2025-05-16,2025-06-15,295872.53,30
INV-000767,PO-000777,DEL-000767,SUP-001,2025-05-15,2025-06-14,381513.63,30
INV-000768,PO-000778,DEL-000768,SUP-001,2025-05-18,2025-06-17,357677.19,30
INV-000769,PO-000779,DEL-000769,SUP-001,2025-05-27,2025-06-26,310333.27,30
INV-000770,PO-000780,DEL-000770,SUP-001,2025-05-26,2025-06-25,358858.06,30
INV-000771,PO-000781,DEL-000771,SUP-001,2025-05-29,2025-06-28,259757.41,30
INV-000772,PO-000782,DEL-000772,SUP-001,2025-05-31,2025-06-30,356110.29,30
INV-000773,PO-000783,DEL-000773,SUP-001,2025-06-04,2025-07-04,346209.74,30
INV-000774,PO-000784,DEL-000774,SUP-001,2025-06-06,2025-07-06,294076.55,30
INV-000775,PO-000785,DEL-000775,SUP-001,2025-06-08,2025-07-08,324577.46,30
INV-000776,PO-000786,DEL-000776,SUP-001,2025-06-14,2025-07-14,277208.02,30
INV-000777,PO-000787,DEL-000777,SUP-001,2025-06-16,2025-07-16,343986.17,30
INV-000778,PO-000788,DEL-000778,SUP-001,2025-06-19,2025-07-19,249680.76,30
INV-000779,PO-000789,DEL-000779,SUP-001,2025-06-21,2025-07-21,328631.21,30
INV-000780,PO-000790,DEL-000780,SUP-001,2025-06-24,2025-07-24,315805.38,30
INV-000781,PO-000791,DEL-000781,SUP-001,2025-06-27,2025-07-27,310768.71,30
INV-000782,PO-000792,DEL-000782,SUP-001,2025-07-01,2025-07-31,339359.91,30
INV-000783,PO-000793,DEL-000783,SUP-001,2025-07-02,2025-08-01,78669.18,30
INV-000784,PO-000794,DEL-000784,SUP-001,2025-01-04,2025-02-03,391123.91,30
INV-000785,PO-000795,DEL-000785,SUP-001,2025-01-08,2025-02-07,395570.9,30
INV-000786,PO-000796,DEL-000786,SUP-001,2025-01-12,2025-02-11,318091.58,30
INV-000787,PO-000797,DEL-000787,SUP-001,2025-01-14,2025-02-13,463923.19,30
INV-000788,PO-000798,DEL-000788,SUP-001,2025-01-15,2025-02-14,287317.75,30
INV-000789,PO-000799,DEL-000789,SUP-001,2025-01-21,2025-02-20,479905.31,30
INV-000790,PO-000800,DEL-000790,SUP-001,2025-01-21,2025-02-20,291050.72,30
INV-000791,PO-000801,DEL-000791,SUP-001,2025-01-24,2025-02-23,379658.51,30
INV-000792,PO-000802,DEL-000792,SUP-001,2025-01-27,2025-02-26,453265.03,30
INV-000793,PO-000803,DEL-000793,SUP-001,2025-02-01,2025-03-03,281135.5,30
INV-000794,PO-000804,DEL-000794,SUP-001,2025-02-03,2025-03-05,486006.64,30
INV-000795,PO-000805,DEL-000795,SUP-001,2025-02-08,2025-03-10,338582.79,30
INV-000796,PO-000806,DEL-000796,SUP-001,2025-02-09,2025-03-11,509846.03,30
INV-000797,PO-000807,DEL-000797,SUP-001,2025-02-13,2025-03-15,328876.28,30
INV-000798,PO-000808,DEL-000798,SUP-001,2025-02-20,2025-03-22,398869.61,30
INV-000799,PO-000809,DEL-000799,SUP-001,2025-02-19,2025-03-21,452472.87,30
INV-000800,PO-000810,DEL-000800,SUP-001,2025-02-22,2025-03-24,354666.31,30
INV-000801,PO-000811,DEL-000801,SUP-001,2025-02-28,2025-03-30,448994.25,30
INV-000802,PO-000812,DEL-000802,SUP-001,2025-02-26,2025-03-28,274375.09,30
INV-000803,PO-000813,DEL-000803,SUP-001,2025-03-01,2025-03-31,622991.17,30
INV-000804,PO-000814,DEL-000804,SUP-001,2025-03-08,2025-04-07,718853.7,30
INV-000805,PO-000815,DEL-000805,SUP-001,2025-03-09,2025-04-08,768334.85,30
INV-000806,PO-000816,DEL-000806,SUP-001,2025-03-11,2025-04-10,837022.6,30
INV-000807,PO-000817,DEL-000807,SUP-001,2025-03-14,2025-04-13,641749.81,30
INV-000808,PO-000818,DEL-000808,SUP-001,2025-03-16,2025-04-15,949458.75,30
INV-000809,PO-000819,DEL-000809,SUP-001,2025-03-22,2025-04-21,631795.37,30
INV-000810,PO-000820,DEL-000810,SUP-001,2025-03-22,2025-04-21,1077543.02,30
INV-000811,PO-000821,DEL-000811,SUP-001,2025-03-26,2025-04-25,693536.23,30
INV-000812,PO-000822,DEL-000812,SUP-001,2025-03-30,2025-04-29,804511.16,30
INV-000813,PO-000823,DEL-000813,SUP-001,2025-04-02,2025-05-02,677338.87,30
INV-000814,PO-000824,DEL-000814,SUP-001,2025-04-07,2025-05-07,469843.42,30
INV-000815,PO-000825,DEL-000815,SUP-001,2025-04-06,2025-05-06,516457.25,30
INV-000816,PO-000826,DEL-000816,SUP-001,2025-04-12,2025-05-12,317985.56,30
INV-000817,PO-000827,DEL-000817,SUP-001,2025-04-17,2025-05-17,620628.36,30
INV-000818,PO-000828,DEL-000818,SUP-001,2025-04-17,2025-05-17,398825.73,30
INV-000819,PO-000829,DEL-000819,SUP-001,2025-04-18,2025-05-18,493238.47,30
INV-000820,PO-000830,DEL-000820,SUP-001,2025-04-22,2025-05-22,561048.35,30
INV-000821,PO-000831,DEL-000821,SUP-001,2025-04-25,2025-05-25,386833.96,30
INV-000822,PO-000832,DEL-000822,SUP-001,2025-04-29,2025-05-29,650721.36,30
INV-000823,PO-000833,DEL-000823,SUP-001,2025-05-01,2025-05-31,404728.23,30
INV-000824,PO-000834,DEL-000824,SUP-001,2025-05-04,2025-06-03,561511.37,30
INV-000825,PO-000835,DEL-000825,SUP-001,2025-05-12,2025-06-11,328649.62,30
INV-000826,PO-000837,DEL-000826,SUP-001,2025-05-14,2025-06-13,426226.16,30
INV-000827,PO-000838,DEL-000827,SUP-001,2025-05-15,2025-06-14,340614.72,30
INV-000828,PO-000839,DEL-000828,SUP-001,2025-05-20,2025-06-19,484954.64,30
INV-000829,PO-000840,DEL-000829,SUP-001,2025-05-24,2025-06-23,283055.65,30
INV-000830,PO-000841,DEL-000830,SUP-001,2025-05-30,2025-06-29,500157.72,30
INV-000831,PO-000842,DEL-000831,SUP-001,2025-05-28,2025-06-27,303157.05,30
INV-000832,PO-000843,DEL-000832,SUP-001,2025-05-31,2025-06-30,376699.73,30
INV-000833,PO-000844,DEL-000833,SUP-001,2025-06-03,2025-07-03,389162.65,30
INV-000834,PO-000845,DEL-000834,SUP-001,2025-06-07,2025-07-07,272794.75,30
INV-000835,PO-000846,DEL-000835,SUP-001,2025-06-11,2025-07-11,492382.95,30
INV-000836,PO-000847,DEL-000836,SUP-001,2025-06-11,2025-07-11,258841.12,30
INV-000837,PO-000848,DEL-000837,SUP-001,2025-06-16,2025-07-16,439088.79,30
INV-000838,PO-000849,DEL-000838,SUP-001,2025-06-18,2025-07-18,307211.18,30
INV-000839,PO-000850,DEL-000839,SUP-001,2025-06-22,2025-07-22,377159.64,30
INV-000840,PO-000851,DEL-000840,SUP-001,2025-06-24,2025-07-24,391079.29,30
INV-000841,PO-000852,DEL-000841,SUP-001,2025-06-27,2025-07-27,296257.4,30
INV-000842,PO-000853,DEL-000842,SUP-001,2025-06-30,2025-07-30,485721.58,30
INV-000843,PO-000854,DEL-000843,SUP-001,2025-07-05,2025-08-04,85505.65,30
INV-000844,PO-000855,DEL-000844,SUP-002,2025-01-06,2025-02-05,104987.44,30
INV-000845,PO-000856,DEL-000845,SUP-002,2025-01-08,2025-02-07,125832.21,30
INV-000846,PO-000857,DEL-000846,SUP-002,2025-01-09,2025-02-08,104045.0,30
INV-000847,PO-000858,DEL-000847,SUP-002,2025-01-13,2025-02-12,148588.61,30
INV-000848,PO-000859,DEL-000848,SUP-002,2025-01-17,2025-02-16,94519.04,30
INV-000849,PO-000860,DEL-000849,SUP-002,2025-01-23,2025-02-22,140075.71,30
INV-000850,PO-000861,DEL-000850,SUP-002,2025-01-21,2025-02-20,110544.65,30
INV-000851,PO-000862,DEL-000851,SUP-002,2025-01-25,2025-02-24,130653.68,30
INV-000852,PO-000863,DEL-000852,SUP-002,2025-01-30,2025-03-01,134161.17,30
INV-000853,PO-000864,DEL-000853,SUP-002,2025-02-01,2025-03-03,94676.67,30
INV-000854,PO-000865,DEL-000854,SUP-002,2025-02-02,2025-03-04,136371.34,30
INV-000855,PO-000866,DEL-000855,SUP-002,2025-02-12,2025-03-14,108403.16,30
INV-000856,PO-000867,DEL-000856,SUP-002,2025-02-10,2025-03-12,143167.73,30
INV-000857,PO-000868,DEL-000857,SUP-002,2025-02-12,2025-03-14,117795.34,30
INV-000858,PO-000869,DEL-000858,SUP-002,2025-02-15,2025-03-17,119216.06,30
INV-000859,PO-000870,DEL-000859,SUP-002,2025-02-20,2025-03-22,127810.05,30
INV-000860,PO-000871,DEL-000860,SUP-002,2025-02-23,2025-03-25,114236.07,30
INV-000861,PO-000872,DEL-000861,SUP-002,2025-02-25,2025-03-27,154911.94,30
INV-000862,PO-000873,DEL-000862,SUP-002,2025-03-02,2025-04-01,91607.8,30
INV-000863,PO-000874,DEL-000863,SUP-002,2025-03-07,2025-04-06,158691.61,30
INV-000864,PO-000875,DEL-000864,SUP-002,2025-03-06,2025-04-05,170976.64,30
INV-000865,PO-000876,DEL-000865,SUP-002,2025-03-09,2025-04-08,158194.43,30
INV-000866,PO-000877,DEL-000866,SUP-002,2025-03-11,2025-04-10,206222.24,30
INV-000867,PO-000878,DEL-000867,SUP-002,2025-03-15,2025-04-14,160720.23,30
INV-000868,PO-000879,DEL-000868,SUP-002,2025-03-22,2025-04-21,223773.5,30
INV-000869,PO-000880,DEL-000869,SUP-002,2025-03-19,2025-04-18,161546.55,30
INV-000870,PO-000881,DEL-000870,SUP-002,2025-03-24,2025-04-23,187386.51,30
INV-000871,PO-000882,DEL-000871,SUP-002,2025-03-26,2025-04-25,193705.14,30
INV-000872,PO-000883,DEL-000872,SUP-002,2025-03-31,2025-04-30,183139.83,30
INV-000873,PO-000884,DEL-000873,SUP-002,2025-04-02,2025-05-02,200396.28,30
INV-000874,PO-000885,DEL-000874,SUP-002,2025-04-09,2025-05-09,132326.74,30
INV-000875,PO-000886,DEL-000875,SUP-002,2025-04-08,2025-05-08,158303.8,30
INV-000876,PO-000887,DEL-000876,SUP-002,2025-04-09,2025-05-09,98860.82,30
INV-000877,PO-000888,DEL-000877,SUP-002,2025-04-13,2025-05-13,166504.47,30
INV-000878,PO-000889,DEL-000878,SUP-002,2025-04-16,2025-05-16,132175.18,30
INV-000879,PO-000890,DEL-000879,SUP-002,2025-04-19,2025-05-19,155098.86,30
INV-000880,PO-000891,DEL-000880,SUP-002,2025-04-21,2025-05-21,153390.75,30
INV-000881,PO-000892,DEL-000881,SUP-002,2025-04-24,2025-05-24,125150.99,30
INV-000882,PO-000893,DEL-000882,SUP-002,2025-04-29,2025-05-29,187868.13,30
INV-000883,PO-000894,DEL-000883,SUP-002,2025-05-03,2025-06-02,128665.13,30
INV-000884,PO-000895,DEL-000884,SUP-002,2025-05-04,2025-06-03,148425.26,30
INV-000885,PO-000896,DEL-000885,SUP-002,2025-05-07,2025-06-06,115924.98,30
INV-000886,PO-000897,DEL-000886,SUP-002,2025-05-11,2025-06-10,130483.36,30
INV-000887,PO-000898,DEL-000887,SUP-002,2025-05-14,2025-06-13,128294.29,30
INV-000888,PO-000899,DEL-000888,SUP-002,2025-05-16,2025-06-15,114352.08,30
INV-000889,PO-000900,DEL-000889,SUP-002,2025-05-18,2025-06-17,128583.1,30
INV-000890,PO-000901,DEL-000890,SUP-002,2025-05-21,2025-06-20,84139.89,30
INV-000891,PO-000902,DEL-000891,SUP-002,2025-05-28,2025-06-27,138717.53,30
INV-000892,PO-000903,DEL-000892,SUP-002,2025-05-29,2025-06-28,99590.09,30
INV-000893,PO-000904,DEL-000893,SUP-002,2025-05-31,2025-06-30,113998.75,30
INV-000894,PO-000905,DEL-000894,SUP-002,2025-06-03,2025-07-03,121263.56,30
INV-000895,PO-000906,DEL-000895,SUP-002,2025-06-06,2025-07-06,102299.4,30
INV-000896,PO-000907,DEL-000896,SUP-002,2025-06-11,2025-07-11,125575.07,30
INV-000897,PO-000908,DEL-000897,SUP-002,2025-06-13,2025-07-13,96379.23,30
INV-000898,PO-000909,DEL-000898,SUP-002,2025-06-16,2025-07-16,127682.0,30
INV-000899,PO-000910,DEL-000899,SUP-002,2025-06-17,2025-07-17,100791.25,30
INV-000900,PO-000911,DEL-000900,SUP-002,2025-06-22,2025-07-22,108772.8,30
INV-000901,PO-000912,DEL-000901,SUP-002,2025-06-25,2025-07-25,126990.98,30
INV-000902,PO-000913,DEL-000902,SUP-002,2025-06-28,2025-07-28,104115.09,30
INV-000903,PO-000914,DEL-000903,SUP-002,2025-06-30,2025-07-30,124553.1,30
INV-000904,PO-000915,DEL-000904,SUP-002,2025-07-05,2025-08-04,31089.44,30
INV-000905,PO-000916,DEL-000905,SUP-001,2025-01-04,2025-02-03,562706.09,30
INV-000906,PO-000917,DEL-000906,SUP-001,2025-01-11,2025-02-10,508411.05,30
INV-000907,PO-000918,DEL-000907,SUP-001,2025-01-12,2025-02-11,414315.19,30
INV-000908,PO-000919,DEL-000908,SUP-001,2025-01-14,2025-02-13,630505.69,30
INV-000909,PO-000920,DEL-000909,SUP-001,2025-01-17,2025-02-16,386393.62,30
INV-000910,PO-000921,DEL-000910,SUP-001,2025-01-18,2025-02-17,582286.77,30
INV-000911,PO-000922,DEL-000911,SUP-001,2025-01-21,2025-02-20,369723.11,30
INV-000912,PO-000923,DEL-000912,SUP-001,2025-01-24,2025-02-23,539068.57,30
INV-000913,PO-000924,DEL-000913,SUP-001,2025-01-28,2025-02-27,554792.86,30
INV-000914,PO-000925,DEL-000914,SUP-001,2025-02-01,2025-03-03,354449.42,30
INV-000915,PO-000926,DEL-000915,SUP-001,2025-02-04,2025-03-06,635667.06,30
INV-000916,PO-000927,DEL-000916,SUP-001,2025-02-06,2025-03-08,344218.4,30
INV-000917,PO-000928,DEL-000917,SUP-001,2025-02-11,2025-03-13,694167.39,30
INV-000918,PO-000929,DEL-000918,SUP-001,2025-02-11,2025-03-13,435630.44,30
INV-000919,PO-000930,DEL-000919,SUP-001,2025-02-16,2025-03-18,565079.76,30
INV-000920,PO-000931,DEL-000920,SUP-001,2025-02-19,2025-03-21,514100.03,30
INV-000921,PO-000932,DEL-000921,SUP-001,2025-02-20,2025-03-22,412933.71,30
INV-000922,PO-000933,DEL-000922,SUP-001,2025-02-25,2025-03-27,693199.45,30
INV-000923,PO-000934,DEL-000923,SUP-001,2025-02-28,2025-03-30,355423.34,30
INV-000924,PO-000935,DEL-000924,SUP-001,2025-03-03,2025-04-02,799387.1,30
INV-000925,PO-000936,DEL-000925,SUP-001,2025-03-06,2025-04-05,824503.33,30
INV-000926,PO-000937,DEL-000926,SUP-001,2025-03-09,2025-04-08,1077567.46,30
INV-000927,PO-000938,DEL-000927,SUP-001,2025-03-10,2025-04-09,1178087.52,30
INV-000928,PO-000939,DEL-000928,SUP-001,2025-03-13,2025-04-12,841255.63,30
INV-000929,PO-000940,DEL-000929,SUP-001,2025-03-16,2025-04-15,1189134.74,30
INV-000930,PO-000941,DEL-000930,SUP-001,2025-03-20,2025-04-19,809751.04,30
INV-000931,PO-000942,DEL-000931,SUP-001,2025-03-23,2025-04-22,1373807.83,30
INV-000932,PO-000943,DEL-000932,SUP-001,2025-03-27,2025-04-26,910103.62,30
INV-000933,PO-000944,DEL-000933,SUP-001,2025-03-30,2025-04-29,1076919.87,30
INV-000934,PO-000945,DEL-000934,SUP-001,2025-04-03,2025-05-03,1077604.48,30
INV-000935,PO-000946,DEL-000935,SUP-001,2025-04-03,2025-05-03,581774.3,30
INV-000936,PO-000947,DEL-000936,SUP-001,2025-04-06,2025-05-06,756651.58,30
INV-000937,PO-000948,DEL-000937,SUP-001,2025-04-10,2025-05-10,395744.69,30
INV-000938,PO-000949,DEL-000938,SUP-001,2025-04-13,2025-05-13,711370.15,30
INV-000939,PO-000950,DEL-000939,SUP-001,2025-04-19,2025-05-19,541673.06,30
INV-000940,PO-000951,DEL-000940,SUP-001,2025-04-19,2025-05-19,709921.51,30
INV-000941,PO-000952,DEL-000941,SUP-001,2025-04-21,2025-05-21,619748.55,30
INV-000942,PO-000953,DEL-000942,SUP-001,2025-04-25,2025-05-25,443307.36,30
INV-000943,PO-000954,DEL-000943,SUP-001,2025-04-27,2025-05-27,853312.63,30
INV-000944,PO-000955,DEL-000944,SUP-001,2025-05-01,2025-05-31,517061.36,30
INV-000945,PO-000956,DEL-000945,SUP-001,2025-05-04,2025-06-03,696733.01,30
INV-000946,PO-000957,DEL-000946,SUP-001,2025-05-08,2025-06-07,411832.17,30
INV-000947,PO-000958,DEL-000947,SUP-001,2025-05-09,2025-06-08,504948.96,30
INV-000948,PO-000959,DEL-000948,SUP-001,2025-05-13,2025-06-12,557564.67,30
INV-000949,PO-000960,DEL-000949,SUP-001,2025-05-20,2025-06-19,375133.63,30
INV-000950,PO-000961,DEL-000950,SUP-001,2025-05-20,2025-06-19,552039.31,30
INV-000951,PO-000962,DEL-000951,SUP-001,2025-05-21,2025-06-20,351503.24,30
INV-000952,PO-000963,DEL-000952,SUP-001,2025-05-26,2025-06-25,625088.73,30
INV-000953,PO-000964,DEL-000953,SUP-001,2025-05-28,2025-06-27,371268.41,30
INV-000954,PO-000965,DEL-000954,SUP-001,2025-05-30,2025-06-29,492245.42,30
INV-000955,PO-000966,DEL-000955,SUP-001,2025-06-04,2025-07-04,491498.23,30
INV-000956,PO-000967,DEL-000956,SUP-001,2025-06-08,2025-07-08,347352.77,30
INV-000957,PO-000968,DEL-000957,SUP-001,2025-06-09,2025-07-09,600041.73,30
INV-000958,PO-000969,DEL-000958,SUP-001,2025-06-13,2025-07-13,361839.91,30
INV-000959,PO-000970,DEL-000959,SUP-001,2025-06-14,2025-07-14,596635.46,30
INV-000960,PO-000971,DEL-000960,SUP-001,2025-06-17,2025-07-17,384012.37,30
INV-000961,PO-000972,DEL-000961,SUP-001,2025-06-22,2025-07-22,465291.3,30
INV-000962,PO-000973,DEL-000962,SUP-001,2025-06-25,2025-07-25,498359.86,30
INV-000963,PO-000974,DEL-000963,SUP-001,2025-06-28,2025-07-28,376322.9,30
INV-000964,PO-000975,DEL-000964,SUP-001,2025-06-29,2025-07-29,680382.75,30
INV-000965,PO-000976,DEL-000965,SUP-001,2025-07-02,2025-08-01,116091.09,30
INV-000966,PO-000977,DEL-000966,SUP-001,2025-01-04,2025-02-03,461196.46,30
INV-000967,PO-000978,DEL-000967,SUP-001,2025-01-10,2025-02-09,401576.34,30
INV-000968,PO-000979,DEL-000968,SUP-001,2025-01-13,2025-02-12,335496.56,30
INV-000969,PO-000980,DEL-000969,SUP-001,2025-01-12,2025-02-11,542119.34,30
INV-000970,PO-000981,DEL-000970,SUP-001,2025-01-16,2025-02-15,325847.04,30
INV-000971,PO-000982,DEL-000971,SUP-001,2025-01-19,2025-02-18,521303.14,30
INV-000972,PO-000983,DEL-000972,SUP-001,2025-01-21,2025-02-20,339727.25,30
INV-000973,PO-000984,DEL-000973,SUP-001,2025-01-26,2025-02-25,450646.3,30
INV-000974,PO-000985,DEL-000974,SUP-001,2025-01-28,2025-02-27,433429.27,30
INV-000975,PO-000986,DEL-000975,SUP-001,2025-02-01,2025-03-03,324598.81,30
INV-000976,PO-000987,DEL-000976,SUP-001,2025-02-03,2025-03-05,513265.21,30
INV-000977,PO-000988,DEL-000977,SUP-001,2025-02-06,2025-03-08,342121.89,30
INV-000978,PO-000989,DEL-000978,SUP-001,2025-02-10,2025-03-12,555338.47,30
INV-000979,PO-000990,DEL-000979,SUP-001,2025-02-11,2025-03-13,344236.74,30
INV-000980,PO-000991,DEL-000980,SUP-001,2025-02-16,2025-03-18,478252.02,30
INV-000981,PO-000992,DEL-000981,SUP-001,2025-02-19,2025-03-21,484971.72,30
INV-000982,PO-000993,DEL-000982,SUP-001,2025-02-20,2025-03-22,379617.3,30
INV-000983,PO-000994,DEL-000983,SUP-001,2025-02-25,2025-03-27,579276.68,30
INV-000984,PO-000995,DEL-000984,SUP-001,2025-02-27,2025-03-29,340499.29,30
INV-000985,PO-000996,DEL-000985,SUP-001,2025-03-02,2025-04-01,680725.44,30
INV-000986,PO-000997,DEL-000986,SUP-001,2025-03-06,2025-04-05,713479.97,30
INV-000987,PO-000998,DEL-000987,SUP-001,2025-03-14,2025-04-13,872125.08,30
INV-000988,PO-000999,DEL-000988,SUP-001,2025-03-12,2025-04-11,916357.45,30
INV-000989,PO-001000,DEL-000989,SUP-001,2025-03-14,2025-04-13,657668.84,30
INV-000990,PO-001001,DEL-000990,SUP-001,2025-03-17,2025-04-16,1129660.1,30
INV-000991,PO-001002,DEL-000991,SUP-001,2025-03-20,2025-04-19,650937.89,30
INV-000992,PO-001003,DEL-000992,SUP-001,2025-03-25,2025-04-24,1080929.3,30
INV-000993,PO-001004,DEL-000993,SUP-001,2025-03-27,2025-04-26,655134.25,30
INV-000994,PO-001005,DEL-000994,SUP-001,2025-03-30,2025-04-29,932498.05,30
INV-000995,PO-001006,DEL-000995,SUP-001,2025-04-02,2025-05-02,894228.85,30
INV-000996,PO-001007,DEL-000996,SUP-001,2025-04-03,2025-05-03,448448.96,30
INV-000997,PO-001008,DEL-000997,SUP-001,2025-04-07,2025-05-07,621261.37,30
INV-000998,PO-001009,DEL-000998,SUP-001,2025-04-13,2025-05-13,346682.28,30
INV-000999,PO-001010,DEL-000999,SUP-001,2025-04-13,2025-05-13,638482.33,30
INV-001000,PO-001011,DEL-001000,SUP-001,2025-04-18,2025-05-18,417622.96,30
INV-001001,PO-001012,DEL-001001,SUP-001,2025-04-19,2025-05-19,559054.58,30
INV-001002,PO-001013,DEL-001002,SUP-001,2025-04-27,2025-05-27,565259.92,30
INV-001003,PO-001014,DEL-001003,SUP-001,2025-04-26,2025-05-26,401148.33,30
INV-001004,PO-001015,DEL-001004,SUP-001,2025-05-01,2025-05-31,669736.74,30
INV-001005,PO-001016,DEL-001005,SUP-001,2025-05-02,2025-06-01,400116.67,30
INV-001006,PO-001017,DEL-001006,SUP-001,2025-05-03,2025-06-02,623979.96,30
INV-001007,PO-001018,DEL-001007,SUP-001,2025-05-06,2025-06-05,339631.76,30
INV-001008,PO-001019,DEL-001008,SUP-001,2025-05-13,2025-06-12,490567.49,30
INV-001009,PO-001020,DEL-001009,SUP-001,2025-05-14,2025-06-13,494667.97,30
INV-001010,PO-001021,DEL-001010,SUP-001,2025-05-16,2025-06-15,336927.38,30
INV-001011,PO-001022,DEL-001011,SUP-001,2025-05-19,2025-06-18,496955.04,30
INV-001012,PO-001023,DEL-001012,SUP-001,2025-05-21,2025-06-20,294813.17,30
INV-001013,PO-001024,DEL-001013,SUP-001,2025-05-27,2025-06-26,527237.31,30
INV-001014,PO-001025,DEL-001014,SUP-001,2025-05-28,2025-06-27,344535.93,30
INV-001015,PO-001026,DEL-001015,SUP-001,2025-06-01,2025-07-01,406232.37,30
INV-001016,PO-001027,DEL-001016,SUP-001,2025-06-02,2025-07-02,454562.69,30
INV-001017,PO-001028,DEL-001017,SUP-001,2025-06-05,2025-07-05,306998.54,30
INV-001018,PO-001029,DEL-001018,SUP-001,2025-06-08,2025-07-08,521754.15,30
INV-001019,PO-001030,DEL-001019,SUP-001,2025-06-13,2025-07-13,279255.92,30
INV-001020,PO-001031,DEL-001020,SUP-001,2025-06-14,2025-07-14,475478.45,30
INV-001021,PO-001032,DEL-001021,SUP-001,2025-06-17,2025-07-17,313062.59,30
INV-001022,PO-001033,DEL-001022,SUP-001,2025-06-21,2025-07-21,381633.1,30
INV-001023,PO-001034,DEL-001023,SUP-001,2025-06-23,2025-07-23,429409.25,30
INV-001024,PO-001035,DEL-001024,SUP-001,2025-06-26,2025-07-26,287706.8,30
INV-001025,PO-001036,DEL-001025,SUP-001,2025-06-29,2025-07-29,555927.65,30
INV-001026,PO-001037,DEL-001026,SUP-001,2025-07-02,2025-08-01,94702.35,30
INV-001027,PO-001038,DEL-001027,SUP-001,2025-01-05,2025-02-04,215628.53,30
INV-001028,PO-001039,DEL-001028,SUP-001,2025-01-08,2025-02-07,211219.06,30
INV-001029,PO-001040,DEL-001029,SUP-001,2025-01-11,2025-02-10,169774.74,30
INV-001030,PO-001041,DEL-001030,SUP-001,2025-01-13,2025-02-12,275101.59,30
INV-001031,PO-001042,DEL-001031,SUP-001,2025-01-17,2025-02-16,136998.09,30
INV-001032,PO-001043,DEL-001032,SUP-001,2025-01-21,2025-02-20,268617.0,30
INV-001033,PO-001044,DEL-001033,SUP-001,2025-01-23,2025-02-22,193898.09,30
INV-001034,PO-001045,DEL-001034,SUP-001,2025-01-27,2025-02-26,224575.84,30
INV-001035,PO-001046,DEL-001035,SUP-001,2025-01-29,2025-02-28,200606.19,30
INV-001036,PO-001047,DEL-001036,SUP-001,2025-01-31,2025-03-02,164563.55,30
INV-001037,PO-001048,DEL-001037,SUP-001,2025-02-04,2025-03-06,250611.93,30
INV-001038,PO-001049,DEL-001038,SUP-001,2025-02-07,2025-03-09,175628.27,30
INV-001039,PO-001050,DEL-001039,SUP-001,2025-02-11,2025-03-13,280765.82,30
INV-001040,PO-001051,DEL-001040,SUP-001,2025-02-16,2025-03-18,170930.04,30
INV-001041,PO-001052,DEL-001041,SUP-001,2025-02-14,2025-03-16,230730.53,30
INV-001042,PO-001053,DEL-001042,SUP-001,2025-02-17,2025-03-19,224623.82,30
INV-001043,PO-001054,DEL-001043,SUP-001,2025-02-24,2025-03-26,201902.16,30
INV-001044,PO-001055,DEL-001044,SUP-001,2025-02-25,2025-03-27,310387.17,30
INV-001045,PO-001056,DEL-001045,SUP-001,2025-02-28,2025-03-30,168479.43,30
INV-001046,PO-001057,DEL-001046,SUP-001,2025-03-03,2025-04-02,347441.03,30
INV-001047,PO-001058,DEL-001047,SUP-001,2025-03-07,2025-04-06,342998.22,30
INV-001048,PO-001059,DEL-001048,SUP-001,2025-03-08,2025-04-07,402420.33,30
INV-001049,PO-001060,DEL-001049,SUP-001,2025-03-12,2025-04-11,418910.33,30
INV-001050,PO-001061,DEL-001050,SUP-001,2025-03-17,2025-04-16,328841.89,30
INV-001051,PO-001062,DEL-001051,SUP-001,2025-03-19,2025-04-18,449046.75,30
INV-001052,PO-001063,DEL-001052,SUP-001,2025-03-21,2025-04-20,298037.71,30
INV-001053,PO-001064,DEL-001053,SUP-001,2025-03-24,2025-04-23,499061.81,30
INV-001054,PO-001065,DEL-001054,SUP-001,2025-03-26,2025-04-25,370162.22,30
INV-001055,PO-001066,DEL-001055,SUP-001,2025-03-29,2025-04-28,378093.02,30
INV-001056,PO-001067,DEL-001056,SUP-001,2025-04-01,2025-05-01,454516.71,30
INV-001057,PO-001068,DEL-001057,SUP-001,2025-04-06,2025-05-06,244511.18,30
INV-001058,PO-001069,DEL-001058,SUP-001,2025-04-11,2025-05-11,304384.72,30
INV-001059,PO-001070,DEL-001059,SUP-001,2025-04-09,2025-05-09,196464.64,30
INV-001060,PO-001071,DEL-001060,SUP-001,2025-04-12,2025-05-12,294498.82,30
INV-001061,PO-001072,DEL-001061,SUP-001,2025-04-15,2025-05-15,230155.46,30
INV-001062,PO-001073,DEL-001062,SUP-001,2025-04-20,2025-05-20,286781.31,30
INV-001063,PO-001074,DEL-001063,SUP-001,2025-04-24,2025-05-24,318363.33,30
INV-001064,PO-001075,DEL-001064,SUP-001,2025-04-24,2025-05-24,207684.35,30
INV-001065,PO-001076,DEL-001065,SUP-001,2025-04-27,2025-05-27,328513.46,30
INV-001066,PO-001077,DEL-001066,SUP-001,2025-04-30,2025-05-30,242669.79,30
INV-001067,PO-001078,DEL-001067,SUP-001,2025-05-05,2025-06-04,291540.71,30
INV-001068,PO-001079,DEL-001068,SUP-001,2025-05-08,2025-06-07,188395.69,30
INV-001069,PO-001080,DEL-001069,SUP-001,2025-05-12,2025-06-11,224190.29,30
INV-001070,PO-001081,DEL-001070,SUP-001,2025-05-12,2025-06-11,236710.34,30
INV-001071,PO-001082,DEL-001071,SUP-001,2025-05-17,2025-06-16,187987.02,30
INV-001072,PO-001083,DEL-001072,SUP-001,2025-05-19,2025-06-18,232946.94,30
INV-001073,PO-001084,DEL-001073,SUP-001,2025-05-23,2025-06-22,143292.94,30
INV-001074,PO-001085,DEL-001074,SUP-001,2025-05-26,2025-06-25,233651.04,30
INV-001075,PO-001086,DEL-001075,SUP-001,2025-05-27,2025-06-26,173678.1,30
INV-001076,PO-001087,DEL-001076,SUP-001,2025-06-01,2025-07-01,190345.35,30
INV-001077,PO-001088,DEL-001077,SUP-001,2025-06-03,2025-07-03,224510.92,30
INV-001078,PO-001089,DEL-001078,SUP-001,2025-06-05,2025-07-05,163114.02,30
INV-001079,PO-001090,DEL-001079,SUP-001,2025-06-10,2025-07-10,259256.83,30
INV-001080,PO-001091,DEL-001080,SUP-001,2025-06-14,2025-07-14,142144.74,30
INV-001081,PO-001092,DEL-001081,SUP-001,2025-06-16,2025-07-16,243209.29,30
INV-001082,PO-001093,DEL-001082,SUP-001,2025-06-19,2025-07-19,170756.0,30
INV-001083,PO-001094,DEL-001083,SUP-001,2025-06-24,2025-07-24,193528.86,30
INV-001084,PO-001095,DEL-001084,SUP-001,2025-06-23,2025-07-23,214030.57,30
INV-001085,PO-001096,DEL-001085,SUP-001,2025-06-28,2025-07-28,171397.86,30
INV-001086,PO-001097,DEL-001086,SUP-001,2025-07-01,2025-07-31,251711.71,30
INV-001087,PO-001098,DEL-001087,SUP-001,2025-07-03,2025-08-02,52183.63,30
INV-001088,PO-001099,DEL-001088,SUP-001,2025-01-07,2025-02-06,3635676.99,30
INV-001089,PO-001100,DEL-001089,SUP-001,2025-01-09,2025-02-08,2865567.85,30
INV-001090,PO-001101,DEL-001090,SUP-001,2025-01-11,2025-02-10,2918533.14,30
INV-001091,PO-001102,DEL-001091,SUP-001,2025-01-12,2025-02-11,3365842.3,30
INV-001092,PO-001103,DEL-001092,SUP-001,2025-01-17,2025-02-16,2895891.61,30
INV-001093,PO-001104,DEL-001093,SUP-001,2025-01-20,2025-02-19,3205402.76,30
INV-001094,PO-001105,DEL-001094,SUP-001,2025-01-22,2025-02-21,2392732.71,30
INV-001095,PO-001106,DEL-001095,SUP-001,2025-01-24,2025-02-23,3289709.48,30
INV-001096,PO-001107,DEL-001096,SUP-001,2025-01-29,2025-02-28,2976256.08,30
INV-001097,PO-001108,DEL-001097,SUP-001,2025-01-31,2025-03-02,2891800.42,30
INV-001098,PO-001109,DEL-001098,SUP-001,2025-02-04,2025-03-06,3644941.74,30
INV-001099,PO-001110,DEL-001099,SUP-001,2025-02-09,2025-03-11,2883797.15,30
INV-001100,PO-001111,DEL-001100,SUP-001,2025-02-08,2025-03-10,3147044.61,30
INV-001101,PO-001112,DEL-001101,SUP-001,2025-02-12,2025-03-14,2462599.23,30
INV-001102,PO-001113,DEL-001102,SUP-001,2025-02-16,2025-03-18,3698527.45,30
INV-001103,PO-001114,DEL-001103,SUP-001,2025-02-21,2025-03-23,3274190.45,30
INV-001104,PO-001115,DEL-001104,SUP-001,2025-02-22,2025-03-24,2952519.63,30
INV-001105,PO-001116,DEL-001105,SUP-001,2025-02-25,2025-03-27,3377704.04,30
INV-001106,PO-001117,DEL-001106,SUP-001,2025-03-01,2025-03-31,2867933.37,30
INV-001107,PO-001118,DEL-001107,SUP-001,2025-03-01,2025-03-31,3692820.13,30
INV-001108,PO-001119,DEL-001108,SUP-001,2025-03-05,2025-04-04,3674701.98,30
INV-001109,PO-001120,DEL-001109,SUP-001,2025-03-08,2025-04-07,5461687.84,30
INV-001110,PO-001121,DEL-001110,SUP-001,2025-03-12,2025-04-11,4437371.71,30
INV-001111,PO-001122,DEL-001111,SUP-001,2025-03-14,2025-04-13,4558017.34,30
INV-001112,PO-001123,DEL-001112,SUP-001,2025-03-22,2025-04-21,5652346.23,30
INV-001113,PO-001124,DEL-001113,SUP-001,2025-03-20,2025-04-19,4771032.24,30
INV-001114,PO-001125,DEL-001114,SUP-001,2025-03-24,2025-04-23,5006171.0,30
INV-001115,PO-001126,DEL-001115,SUP-001,2025-03-27,2025-04-26,4159331.4,30
INV-001116,PO-001127,DEL-001116,SUP-001,2025-03-30,2025-04-29,4402620.76,30
INV-001117,PO-001128,DEL-001117,SUP-001,2025-04-05,2025-05-05,5068817.03,30
INV-001118,PO-001129,DEL-001118,SUP-001,2025-04-05,2025-05-05,4297948.38,30
INV-001119,PO-001130,DEL-001119,SUP-001,2025-04-07,2025-05-07,3592688.3,30
INV-001120,PO-001131,DEL-001120,SUP-001,2025-04-09,2025-05-09,3035748.92,30
INV-001121,PO-001132,DEL-001121,SUP-001,2025-04-15,2025-05-15,3780319.97,30
INV-001122,PO-001133,DEL-001122,SUP-001,2025-04-15,2025-05-15,3167757.61,30
INV-001123,PO-001134,DEL-001123,SUP-001,2025-04-21,2025-05-21,3930562.68,30
INV-001124,PO-001135,DEL-001124,SUP-001,2025-04-24,2025-05-24,4103887.6,30
INV-001125,PO-001136,DEL-001125,SUP-001,2025-04-24,2025-05-24,3647614.68,30
INV-001126,PO-001137,DEL-001126,SUP-001,2025-04-29,2025-05-29,3998075.97,30
INV-001127,PO-001138,DEL-001127,SUP-001,2025-05-02,2025-06-01,3190427.46,30
INV-001128,PO-001139,DEL-001128,SUP-001,2025-05-03,2025-06-02,3680212.19,30
INV-001129,PO-001140,DEL-001129,SUP-001,2025-05-07,2025-06-06,2489379.73,30
INV-001130,PO-001141,DEL-001130,SUP-001,2025-05-09,2025-06-08,3385679.96,30
INV-001131,PO-001142,DEL-001131,SUP-001,2025-05-12,2025-06-11,3125072.15,30
INV-001132,PO-001143,DEL-001132,SUP-001,2025-05-16,2025-06-15,2572527.92,30
INV-001133,PO-001145,DEL-001133,SUP-001,2025-05-24,2025-06-23,2552415.59,30
INV-001134,PO-001146,DEL-001134,SUP-001,2025-05-26,2025-06-25,3139583.61,30
INV-001135,PO-001147,DEL-001135,SUP-001,2025-05-28,2025-06-27,2247956.76,30
INV-001136,PO-001148,DEL-001136,SUP-001,2025-06-01,2025-07-01,3278812.49,30
INV-001137,PO-001149,DEL-001137,SUP-001,2025-06-02,2025-07-02,2640942.2,30
INV-001138,PO-001150,DEL-001138,SUP-001,2025-06-07,2025-07-07,2271114.65,30
INV-001139,PO-001151,DEL-001139,SUP-001,2025-06-09,2025-07-09,3498791.24,30
INV-001140,PO-001152,DEL-001140,SUP-001,2025-06-14,2025-07-14,2305267.95,30
INV-001141,PO-001153,DEL-001141,SUP-001,2025-06-16,2025-07-16,3013441.53,30
INV-001142,PO-001154,DEL-001142,SUP-001,2025-06-19,2025-07-19,2367112.57,30
INV-001143,PO-001155,DEL-001143,SUP-001,2025-06-21,2025-07-21,2903997.05,30
INV-001144,PO-001156,DEL-001144,SUP-001,2025-06-23,2025-07-23,2694119.95,30
INV-001145,PO-001157,DEL-001145,SUP-001,2025-06-27,2025-07-27,2894793.73,30
INV-001146,PO-001158,DEL-001146,SUP-001,2025-07-01,2025-07-31,3006077.92,30
INV-001147,PO-001159,DEL-001147,SUP-001,2025-07-03,2025-08-02,642179.68,30
INV-001148,PO-001160,DEL-001148,SUP-001,2025-01-05,2025-02-04,3760180.77,30
INV-001149,PO-001161,DEL-001149,SUP-001,2025-01-08,2025-02-07,3494376.55,30
INV-001150,PO-001162,DEL-001150,SUP-001,2025-01-09,2025-02-08,2551330.57,30
INV-001151,PO-001163,DEL-001151,SUP-001,2025-01-12,2025-02-11,4125981.6,30
INV-001152,PO-001164,DEL-001152,SUP-001,2025-01-16,2025-02-15,2533697.47,30
INV-001153,PO-001165,DEL-001153,SUP-001,2025-01-20,2025-02-19,4359755.82,30
INV-001154,PO-001166,DEL-001154,SUP-001,2025-01-21,2025-02-20,2592905.97,30
INV-001155,PO-001167,DEL-001155,SUP-001,2025-01-25,2025-02-24,3380183.65,30
INV-001156,PO-001168,DEL-001156,SUP-001,2025-01-30,2025-03-01,3604717.46,30
INV-001157,PO-001169,DEL-001157,SUP-001,2025-01-31,2025-03-02,2940359.8,30
INV-001158,PO-001170,DEL-001158,SUP-001,2025-02-04,2025-03-06,4742093.56,30
INV-001159,PO-001171,DEL-001159,SUP-001,2025-02-05,2025-03-07,3019877.05,30
INV-001160,PO-001172,DEL-001160,SUP-001,2025-02-10,2025-03-12,4850428.01,30
INV-001161,PO-001173,DEL-001161,SUP-001,2025-02-15,2025-03-17,2942990.4,30
INV-001162,PO-001174,DEL-001162,SUP-001,2025-02-15,2025-03-17,3555977.4,30
INV-001163,PO-001175,DEL-001163,SUP-001,2025-02-21,2025-03-23,3879703.19,30
INV-001164,PO-001176,DEL-001164,SUP-001,2025-02-24,2025-03-26,2587407.57,30
INV-001165,PO-001177,DEL-001165,SUP-001,2025-02-24,2025-03-26,4561843.82,30
INV-001166,PO-001178,DEL-001166,SUP-001,2025-02-27,2025-03-29,2905559.64,30
INV-001167,PO-001179,DEL-001167,SUP-001,2025-03-03,2025-04-02,5736748.51,30
INV-001168,PO-001180,DEL-001168,SUP-001,2025-03-04,2025-04-03,5907547.06,30
INV-001169,PO-001181,DEL-001169,SUP-001,2025-03-09,2025-04-08,7229721.8,30
INV-001170,PO-001182,DEL-001170,SUP-001,2025-03-10,2025-04-09,7607032.91,30
INV-001171,PO-001183,DEL-001171,SUP-001,2025-03-18,2025-04-17,5521507.03,30
INV-001172,PO-001185,DEL-001172,SUP-001,2025-03-19,2025-04-18,5530335.91,30
INV-001173,PO-001186,DEL-001173,SUP-001,2025-03-23,2025-04-22,7615905.64,30
INV-001174,PO-001187,DEL-001174,SUP-001,2025-03-25,2025-04-24,6201531.2,30
INV-001175,PO-001188,DEL-001175,SUP-001,2025-03-30,2025-04-29,7273848.83,30
INV-001176,PO-001189,DEL-001176,SUP-001,2025-03-31,2025-04-30,6417024.97,30
INV-001177,PO-001190,DEL-001177,SUP-001,2025-04-07,2025-05-07,4471849.84,30
INV-001178,PO-001191,DEL-001178,SUP-001,2025-04-10,2025-05-10,4858239.03,30
INV-001179,PO-001192,DEL-001179,SUP-001,2025-04-12,2025-05-12,3017799.26,30
INV-001180,PO-001193,DEL-001180,SUP-001,2025-04-14,2025-05-14,5498084.31,30
INV-001181,PO-001194,DEL-001181,SUP-001,2025-04-17,2025-05-17,3480323.87,30
INV-001182,PO-001195,DEL-001182,SUP-001,2025-04-18,2025-05-18,3856725.37,30
INV-001183,PO-001196,DEL-001183,SUP-001,2025-04-22,2025-05-22,4581574.09,30
INV-001184,PO-001197,DEL-001184,SUP-001,2025-04-29,2025-05-29,3438579.76,30
INV-001185,PO-001198,DEL-001185,SUP-001,2025-05-03,2025-06-02,5670328.22,30
INV-001186,PO-001199,DEL-001186,SUP-001,2025-05-01,2025-05-31,3221497.97,30
INV-001187,PO-001200,DEL-001187,SUP-001,2025-05-04,2025-06-03,4847426.28,30
INV-001188,PO-001201,DEL-001188,SUP-001,2025-05-08,2025-06-07,3124328.96,30
INV-001189,PO-001202,DEL-001189,SUP-001,2025-05-09,2025-06-08,3636956.93,30
INV-001190,PO-001203,DEL-001190,SUP-001,2025-05-13,2025-06-12,3863338.04,30
INV-001191,PO-001204,DEL-001191,SUP-001,2025-05-16,2025-06-15,2777061.95,30
INV-001192,PO-001205,DEL-001192,SUP-001,2025-05-18,2025-06-17,4307761.96,30
INV-001193,PO-001206,DEL-001193,SUP-001,2025-05-22,2025-06-21,2365449.13,30
INV-001194,PO-001207,DEL-001194,SUP-001,2025-05-26,2025-06-25,3803059.25,30
INV-001195,PO-001208,DEL-001195,SUP-001,2025-05-27,2025-06-26,2738584.17,30
INV-001196,PO-001209,DEL-001196,SUP-001,2025-06-03,2025-07-03,3191269.96,30
INV-001197,PO-001210,DEL-001197,SUP-001,2025-06-03,2025-07-03,3823692.8,30
INV-001198,PO-001211,DEL-001198,SUP-001,2025-06-08,2025-07-08,2591530.97,30
INV-001199,PO-001212,DEL-001199,SUP-001,2025-06-14,2025-07-14,4467690.93,30
INV-001200,PO-001214,DEL-001200,SUP-001,2025-06-15,2025-07-15,3849577.79,30
INV-001201,PO-001215,DEL-001201,SUP-001,2025-06-17,2025-07-17,2457569.97,30
INV-001202,PO-001216,DEL-001202,SUP-001,2025-06-21,2025-07-21,3174145.06,30
INV-001203,PO-001217,DEL-001203,SUP-001,2025-06-24,2025-07-24,3334400.87,30
INV-001204,PO-001218,DEL-001204,SUP-001,2025-06-26,2025-07-26,2378212.5,30
INV-001205,PO-001219,DEL-001205,SUP-001,2025-07-01,2025-07-31,4119447.73,30
INV-001206,PO-001220,DEL-001206,SUP-001,2025-07-03,2025-08-02,779885.27,30
INV-001207,PO-001221,DEL-001207,SUP-002,2025-01-05,2025-02-04,1079517.21,30
INV-001208,PO-001222,DEL-001208,SUP-002,2025-01-09,2025-02-08,1030164.92,30
INV-001209,PO-001223,DEL-001209,SUP-002,2025-01-11,2025-02-10,958347.95,30
INV-001210,PO-001224,DEL-001210,SUP-002,2025-01-12,2025-02-11,1326007.74,30
INV-001211,PO-001225,DEL-001211,SUP-002,2025-01-15,2025-02-14,784980.61,30
INV-001212,PO-001226,DEL-001212,SUP-002,2025-01-20,2025-02-19,1207489.3,30
INV-001213,PO-001227,DEL-001213,SUP-002,2025-01-21,2025-02-20,882589.61,30
INV-001214,PO-001228,DEL-001214,SUP-002,2025-01-24,2025-02-23,1085145.38,30
INV-001215,PO-001229,DEL-001215,SUP-002,2025-01-27,2025-02-26,1142283.88,30
INV-001216,PO-001230,DEL-001216,SUP-002,2025-02-01,2025-03-03,940444.77,30
INV-001217,PO-001231,DEL-001217,SUP-002,2025-02-03,2025-03-05,1201144.8,30
INV-001218,PO-001232,DEL-001218,SUP-002,2025-02-08,2025-03-10,895556.65,30
INV-001219,PO-001233,DEL-001219,SUP-002,2025-02-08,2025-03-10,1186059.91,30
INV-001220,PO-001234,DEL-001220,SUP-002,2025-02-14,2025-03-16,1013933.96,30
INV-001221,PO-001235,DEL-001221,SUP-002,2025-02-15,2025-03-17,1022275.76,30
INV-001222,PO-001236,DEL-001222,SUP-002,2025-02-17,2025-03-19,1212163.74,30
INV-001223,PO-001237,DEL-001223,SUP-002,2025-02-27,2025-03-29,990378.04,30
INV-001224,PO-001238,DEL-001224,SUP-002,2025-02-24,2025-03-26,1403416.69,30
INV-001225,PO-001239,DEL-001225,SUP-002,2025-02-26,2025-03-28,894930.63,30
INV-001226,PO-001240,DEL-001226,SUP-002,2025-03-02,2025-04-01,1450470.74,30
INV-001227,PO-001241,DEL-001227,SUP-002,2025-03-06,2025-04-05,1497066.73,30
INV-001228,PO-001242,DEL-001228,SUP-002,2025-03-08,2025-04-07,1642480.92,30
INV-001229,PO-001243,DEL-001229,SUP-002,2025-03-16,2025-04-15,1647699.29,30
INV-001230,PO-001244,DEL-001230,SUP-002,2025-03-13,2025-04-12,1439793.91,30
INV-001231,PO-001245,DEL-001231,SUP-002,2025-03-18,2025-04-17,2026255.72,30
INV-001232,PO-001246,DEL-001232,SUP-002,2025-03-19,2025-04-18,1359283.78,30
INV-001233,PO-001247,DEL-001233,SUP-002,2025-03-24,2025-04-23,1970337.16,30
INV-001234,PO-001248,DEL-001234,SUP-002,2025-03-27,2025-04-26,1657683.83,30
INV-001235,PO-001249,DEL-001235,SUP-002,2025-03-29,2025-04-28,1683590.67,30
INV-001236,PO-001250,DEL-001236,SUP-002,2025-04-03,2025-05-03,1672144.6,30
INV-001237,PO-001251,DEL-001237,SUP-002,2025-04-04,2025-05-04,1387656.73,30
INV-001238,PO-001252,DEL-001238,SUP-002,2025-04-07,2025-05-07,1308640.28,30
INV-001239,PO-001253,DEL-001239,SUP-002,2025-04-12,2025-05-12,929488.71,30
INV-001240,PO-001254,DEL-001240,SUP-002,2025-04-12,2025-05-12,1458038.0,30
INV-001241,PO-001255,DEL-001241,SUP-002,2025-04-19,2025-05-19,1139315.06,30
INV-001242,PO-001256,DEL-001242,SUP-002,2025-04-19,2025-05-19,1179847.53,30
INV-001243,PO-001257,DEL-001243,SUP-002,2025-04-23,2025-05-23,1335866.26,30
INV-001244,PO-001259,DEL-001244,SUP-002,2025-04-28,2025-05-28,1696369.99,30
INV-001245,PO-001260,DEL-001245,SUP-002,2025-05-02,2025-06-01,1145618.86,30
INV-001246,PO-001261,DEL-001246,SUP-002,2025-05-04,2025-06-03,1418939.71,30
INV-001247,PO-001262,DEL-001247,SUP-002,2025-05-07,2025-06-06,1041360.31,30
INV-001248,PO-001263,DEL-001248,SUP-002,2025-05-14,2025-06-13,1173229.88,30
INV-001249,PO-001264,DEL-001249,SUP-002,2025-05-16,2025-06-15,1206371.6,30
INV-001250,PO-001265,DEL-001250,SUP-002,2025-05-17,2025-06-16,1033761.15,30
INV-001251,PO-001266,DEL-001251,SUP-002,2025-05-23,2025-06-22,1212491.15,30
INV-001252,PO-001267,DEL-001252,SUP-002,2025-05-23,2025-06-22,753676.91,30
INV-001253,PO-001268,DEL-001253,SUP-002,2025-05-26,2025-06-25,1137868.98,30
INV-001254,PO-001269,DEL-001254,SUP-002,2025-05-31,2025-06-30,926717.39,30
INV-001255,PO-001270,DEL-001255,SUP-002,2025-06-01,2025-07-01,1024350.7,30
INV-001256,PO-001271,DEL-001256,SUP-002,2025-06-03,2025-07-03,894203.33,30
INV-001257,PO-001272,DEL-001257,SUP-002,2025-06-11,2025-07-11,897016.51,30
INV-001258,PO-001273,DEL-001258,SUP-002,2025-06-08,2025-07-08,1173189.37,30
INV-001259,PO-001274,DEL-001259,SUP-002,2025-06-12,2025-07-12,795203.68,30
INV-001260,PO-001275,DEL-001260,SUP-002,2025-06-14,2025-07-14,1077176.77,30
INV-001261,PO-001276,DEL-001261,SUP-002,2025-06-17,2025-07-17,923912.09,30
INV-001262,PO-001277,DEL-001262,SUP-002,2025-06-22,2025-07-22,1001396.5,30
INV-001263,PO-001278,DEL-001263,SUP-002,2025-06-23,2025-07-23,1002127.57,30
INV-001264,PO-001279,DEL-001264,SUP-002,2025-06-28,2025-07-28,922397.67,30
INV-001265,PO-001280,DEL-001265,SUP-002,2025-07-04,2025-08-03,1273447.32,30
INV-001266,PO-001281,DEL-001266,SUP-002,2025-07-06,2025-08-05,235130.26,30
INV-001267,PO-001282,DEL-001267,SUP-001,2025-01-05,2025-02-04,4624791.33,30
INV-001268,PO-001283,DEL-001268,SUP-001,2025-01-08,2025-02-07,4789320.41,30
INV-001269,PO-001284,DEL-001269,SUP-001,2025-01-11,2025-02-10,3264390.13,30
INV-001270,PO-001285,DEL-001270,SUP-001,2025-01-13,2025-02-12,5766993.68,30
INV-001271,PO-001286,DEL-001271,SUP-001,2025-01-17,2025-02-16,3279728.04,30
INV-001272,PO-001287,DEL-001272,SUP-001,2025-01-20,2025-02-19,5600984.64,30
INV-001273,PO-001288,DEL-001273,SUP-001,2025-01-23,2025-02-22,3595206.95,30
INV-001274,PO-001289,DEL-001274,SUP-001,2025-01-26,2025-02-25,4478325.61,30
INV-001275,PO-001290,DEL-001275,SUP-001,2025-01-31,2025-03-02,5082771.31,30
INV-001276,PO-001291,DEL-001276,SUP-001,2025-02-02,2025-03-04,3464819.63,30
INV-001277,PO-001292,DEL-001277,SUP-001,2025-02-06,2025-03-08,6293689.73,30
INV-001278,PO-001293,DEL-001278,SUP-001,2025-02-07,2025-03-09,3238244.07,30
INV-001279,PO-001294,DEL-001279,SUP-001,2025-02-10,2025-03-12,5328692.75,30
INV-001280,PO-001295,DEL-001280,SUP-001,2025-02-12,2025-03-14,3842593.1,30
INV-001281,PO-001296,DEL-001281,SUP-001,2025-02-17,2025-03-19,4947189.72,30
INV-001282,PO-001297,DEL-001282,SUP-001,2025-02-18,2025-03-20,4632036.6,30
INV-001283,PO-001298,DEL-001283,SUP-001,2025-02-21,2025-03-23,3277463.97,30
INV-001284,PO-001299,DEL-001284,SUP-001,2025-02-23,2025-03-25,6049799.81,30
INV-001285,PO-001300,DEL-001285,SUP-001,2025-02-27,2025-03-29,3203821.93,30
INV-001286,PO-001301,DEL-001286,SUP-001,2025-03-02,2025-04-01,7157715.49,30
INV-001287,PO-001302,DEL-001287,SUP-001,2025-03-06,2025-04-05,7606413.99,30
INV-001288,PO-001303,DEL-001288,SUP-001,2025-03-09,2025-04-08,10133381.74,30
INV-001289,PO-001304,DEL-001289,SUP-001,2025-03-10,2025-04-09,9118751.95,30
INV-001290,PO-001305,DEL-001290,SUP-001,2025-03-14,2025-04-13,6979538.72,30
INV-001291,PO-001306,DEL-001291,SUP-001,2025-03-17,2025-04-16,11432695.75,30
INV-001292,PO-001307,DEL-001292,SUP-001,2025-03-21,2025-04-20,7462705.85,30
INV-001293,PO-001308,DEL-001293,SUP-001,2025-03-24,2025-04-23,10918983.59,30
INV-001294,PO-001309,DEL-001294,SUP-001,2025-03-27,2025-04-26,6486140.06,30
INV-001295,PO-001310,DEL-001295,SUP-001,2025-04-04,2025-05-04,9765043.57,30
INV-001296,PO-001311,DEL-001296,SUP-001,2025-04-04,2025-05-04,9200767.62,30
INV-001297,PO-001312,DEL-001297,SUP-001,2025-04-04,2025-05-04,5166244.24,30
INV-001298,PO-001313,DEL-001298,SUP-001,2025-04-07,2025-05-07,6472484.07,30
INV-001299,PO-001314,DEL-001299,SUP-001,2025-04-16,2025-05-16,3801292.16,30
INV-001300,PO-001315,DEL-001300,SUP-001,2025-04-19,2025-05-19,7292616.88,30
INV-001301,PO-001316,DEL-001301,SUP-001,2025-04-16,2025-05-16,4040863.48,30
INV-001302,PO-001317,DEL-001302,SUP-001,2025-04-18,2025-05-18,5733073.48,30
INV-001303,PO-001318,DEL-001303,SUP-001,2025-04-21,2025-05-21,5768390.44,30
INV-001304,PO-001319,DEL-001304,SUP-001,2025-04-26,2025-05-26,4608563.4,30
INV-001305,PO-001320,DEL-001305,SUP-001,2025-04-27,2025-05-27,7568487.46,30
INV-001306,PO-001321,DEL-001306,SUP-001,2025-05-01,2025-05-31,4201303.01,30
INV-001307,PO-001322,DEL-001307,SUP-001,2025-05-07,2025-06-06,5911811.58,30
INV-001308,PO-001323,DEL-001308,SUP-001,2025-05-08,2025-06-07,4029218.5,30
INV-001309,PO-001324,DEL-001309,SUP-001,2025-05-09,2025-06-08,4714571.14,30
INV-001310,PO-001325,DEL-001310,SUP-001,2025-05-12,2025-06-11,4839620.43,30
INV-001311,PO-001326,DEL-001311,SUP-001,2025-05-15,2025-06-14,3730843.77,30
INV-001312,PO-001327,DEL-001312,SUP-001,2025-05-18,2025-06-17,4882355.0,30
INV-001313,PO-001328,DEL-001313,SUP-001,2025-05-23,2025-06-22,3151859.05,30
INV-001314,PO-001329,DEL-001314,SUP-001,2025-05-26,2025-06-25,5142833.12,30
INV-001315,PO-001330,DEL-001315,SUP-001,2025-05-28,2025-06-27,3480861.51,30
INV-001316,PO-001331,DEL-001316,SUP-001,2025-06-02,2025-07-02,4595618.08,30
INV-001317,PO-001332,DEL-001317,SUP-001,2025-06-03,2025-07-03,4478012.54,30
INV-001318,PO-001333,DEL-001318,SUP-001,2025-06-06,2025-07-06,3239433.02,30
INV-001319,PO-001334,DEL-001319,SUP-001,2025-06-09,2025-07-09,4547512.96,30
INV-001320,PO-001335,DEL-001320,SUP-001,2025-06-12,2025-07-12,2900836.75,30
INV-001321,PO-001336,DEL-001321,SUP-001,2025-06-16,2025-07-16,5584012.8,30
INV-001322,PO-001337,DEL-001322,SUP-001,2025-06-21,2025-07-21,3279863.39,30
INV-001323,PO-001338,DEL-001323,SUP-001,2025-06-22,2025-07-22,4054530.12,30
INV-001324,PO-001339,DEL-001324,SUP-001,2025-06-27,2025-07-27,4093605.37,30
INV-001325,PO-001340,DEL-001325,SUP-001,2025-07-02,2025-08-01,2788205.62,30
INV-001326,PO-001341,DEL-001326,SUP-001,2025-06-29,2025-07-29,5649124.31,30
INV-001327,PO-001342,DEL-001327,SUP-001,2025-07-09,2025-08-08,1018732.39,30
INV-001328,PO-001343,DEL-001328,SUP-001,2025-01-05,2025-02-04,3872409.28,30
INV-001329,PO-001344,DEL-001329,SUP-001,2025-01-06,2025-02-05,4012597.22,30
INV-001330,PO-001345,DEL-001330,SUP-001,2025-01-09,2025-02-08,2719061.38,30
INV-001331,PO-001346,DEL-001331,SUP-001,2025-01-13,2025-02-12,4712160.83,30
INV-001332,PO-001347,DEL-001332,SUP-001,2025-01-15,2025-02-14,2640648.23,30
INV-001333,PO-001348,DEL-001333,SUP-001,2025-01-18,2025-02-17,4299137.54,30
INV-001334,PO-001349,DEL-001334,SUP-001,2025-01-23,2025-02-22,3113994.03,30
INV-001335,PO-001350,DEL-001335,SUP-001,2025-01-25,2025-02-24,3826521.35,30
INV-001336,PO-001351,DEL-001336,SUP-001,2025-01-27,2025-02-26,3773403.73,30
INV-001337,PO-001352,DEL-001337,SUP-001,2025-02-01,2025-03-03,3129458.93,30
INV-001338,PO-001353,DEL-001338,SUP-001,2025-02-03,2025-03-05,4901621.68,30
INV-001339,PO-001354,DEL-001339,SUP-001,2025-02-07,2025-03-09,2424532.21,30
INV-001340,PO-001355,DEL-001340,SUP-001,2025-02-09,2025-03-11,4712025.81,30
INV-001341,PO-001356,DEL-001341,SUP-001,2025-02-11,2025-03-13,3464237.79,30
INV-001342,PO-001357,DEL-001342,SUP-001,2025-02-14,2025-03-16,3853976.82,30
INV-001343,PO-001358,DEL-001343,SUP-001,2025-02-19,2025-03-21,4384305.6,30
INV-001344,PO-001359,DEL-001344,SUP-001,2025-02-22,2025-03-24,3243086.29,30
INV-001345,PO-001360,DEL-001345,SUP-001,2025-02-25,2025-03-27,4879854.11,30
INV-001346,PO-001361,DEL-001346,SUP-001,2025-02-28,2025-03-30,2941059.59,30
INV-001347,PO-001362,DEL-001347,SUP-001,2025-03-03,2025-04-02,6152565.77,30
INV-001348,PO-001363,DEL-001348,SUP-001,2025-03-06,2025-04-05,6180023.51,30
INV-001349,PO-001364,DEL-001349,SUP-001,2025-03-09,2025-04-08,7798688.96,30
INV-001350,PO-001366,DEL-001350,SUP-001,2025-03-14,2025-04-13,5833094.4,30
INV-001351,PO-001367,DEL-001351,SUP-001,2025-03-20,2025-04-19,11289668.41,30
INV-001352,PO-001368,DEL-001352,SUP-001,2025-03-21,2025-04-20,5483171.3,30
INV-001353,PO-001369,DEL-001353,SUP-001,2025-03-25,2025-04-24,9993668.06,30
INV-001354,PO-001370,DEL-001354,SUP-001,2025-03-27,2025-04-26,6811210.71,30
INV-001355,PO-001371,DEL-001355,SUP-001,2025-03-30,2025-04-29,8357903.54,30
INV-001356,PO-001372,DEL-001356,SUP-001,2025-04-01,2025-05-01,7718815.07,30
INV-001357,PO-001373,DEL-001357,SUP-001,2025-04-04,2025-05-04,4034805.19,30
INV-001358,PO-001374,DEL-001358,SUP-001,2025-04-10,2025-05-10,5247820.07,30
INV-001359,PO-001375,DEL-001359,SUP-001,2025-04-12,2025-05-12,3040539.46,30
INV-001360,PO-001376,DEL-001360,SUP-001,2025-04-12,2025-05-12,5567434.08,30
INV-001361,PO-001377,DEL-001361,SUP-001,2025-04-15,2025-05-15,3906430.78,30
INV-001362,PO-001378,DEL-001362,SUP-001,2025-04-19,2025-05-19,5147545.83,30
INV-001363,PO-001379,DEL-001363,SUP-001,2025-04-23,2025-05-23,4311243.78,30
INV-001364,PO-001380,DEL-001364,SUP-001,2025-04-24,2025-05-24,3405948.78,30
INV-001365,PO-001381,DEL-001365,SUP-001,2025-04-28,2025-05-28,5853307.71,30
INV-001366,PO-001382,DEL-001366,SUP-001,2025-04-30,2025-05-30,3488672.9,30
INV-001367,PO-001383,DEL-001367,SUP-001,2025-05-03,2025-06-02,5332002.64,30
INV-001368,PO-001384,DEL-001368,SUP-001,2025-05-08,2025-06-07,3102624.26,30
INV-001369,PO-001385,DEL-001369,SUP-001,2025-05-10,2025-06-09,4127343.47,30
INV-001370,PO-001386,DEL-001370,SUP-001,2025-05-16,2025-06-15,4251454.01,30
INV-001371,PO-001387,DEL-001371,SUP-001,2025-05-17,2025-06-16,3133261.51,30
INV-001372,PO-001388,DEL-001372,SUP-001,2025-05-20,2025-06-19,4428348.33,30
INV-001373,PO-001389,DEL-001373,SUP-001,2025-05-22,2025-06-21,2761675.99,30
INV-001374,PO-001390,DEL-001374,SUP-001,2025-05-26,2025-06-25,4670432.29,30
INV-001375,PO-001391,DEL-001375,SUP-001,2025-05-28,2025-06-27,2761542.58,30
INV-001376,PO-001392,DEL-001376,SUP-001,2025-05-31,2025-06-30,3855727.17,30
INV-001377,PO-001393,DEL-001377,SUP-001,2025-06-02,2025-07-02,3514130.65,30
INV-001378,PO-001394,DEL-001378,SUP-001,2025-06-05,2025-07-05,2392528.63,30
INV-001379,PO-001395,DEL-001379,SUP-001,2025-06-10,2025-07-10,4256150.85,30
INV-001380,PO-001396,DEL-001380,SUP-001,2025-06-12,2025-07-12,2438162.82,30
INV-001381,PO-001397,DEL-001381,SUP-001,2025-06-14,2025-07-14,4398987.41,30
INV-001382,PO-001398,DEL-001382,SUP-001,2025-06-18,2025-07-18,2783010.52,30
INV-001383,PO-001399,DEL-001383,SUP-001,2025-06-22,2025-07-22,3562956.23,30
INV-001384,PO-001400,DEL-001384,SUP-001,2025-06-23,2025-07-23,3545459.81,30
INV-001385,PO-001401,DEL-001385,SUP-001,2025-06-26,2025-07-26,2798853.6,30
INV-001386,PO-001402,DEL-001386,SUP-001,2025-07-01,2025-07-31,4470325.24,30
INV-001387,PO-001403,DEL-001387,SUP-001,2025-07-04,2025-08-03,804398.05,30
INV-001388,PO-001404,DEL-001388,SUP-001,2025-01-05,2025-02-04,1856289.26,30
INV-001389,PO-001405,DEL-001389,SUP-001,2025-01-08,2025-02-07,1960468.27,30
INV-001390,PO-001406,DEL-001390,SUP-001,2025-01-11,2025-02-10,1554187.31,30
INV-001391,PO-001407,DEL-001391,SUP-001,2025-01-13,2025-02-12,2191862.38,30
INV-001392,PO-001408,DEL-001392,SUP-001,2025-01-17,2025-02-16,1485792.82,30
INV-001393,PO-001409,DEL-001393,SUP-001,2025-01-20,2025-02-19,2266948.29,30
INV-001394,PO-001410,DEL-001394,SUP-001,2025-01-22,2025-02-21,1690469.12,30
INV-001395,PO-001411,DEL-001395,SUP-001,2025-01-27,2025-02-26,1801797.19,30
INV-001396,PO-001412,DEL-001396,SUP-001,2025-01-27,2025-02-26,1764157.14,30
INV-001397,PO-001413,DEL-001397,SUP-001,2025-02-01,2025-03-03,1675250.1,30
INV-001398,PO-001414,DEL-001398,SUP-001,2025-02-03,2025-03-05,2532514.55,30
INV-001399,PO-001415,DEL-001399,SUP-001,2025-02-07,2025-03-09,1529353.86,30
INV-001400,PO-001416,DEL-001400,SUP-001,2025-02-10,2025-03-12,2504670.56,30
INV-001401,PO-001417,DEL-001401,SUP-001,2025-02-13,2025-03-15,1493320.6,30
INV-001402,PO-001418,DEL-001402,SUP-001,2025-02-15,2025-03-17,1815893.72,30
INV-001403,PO-001419,DEL-001403,SUP-001,2025-02-22,2025-03-24,1916736.12,30
INV-001404,PO-001420,DEL-001404,SUP-001,2025-02-21,2025-03-23,1548629.18,30
INV-001405,PO-001421,DEL-001405,SUP-001,2025-03-01,2025-03-31,2389714.82,30
INV-001406,PO-001422,DEL-001406,SUP-001,2025-02-28,2025-03-30,1446407.92,30
INV-001407,PO-001424,DEL-001407,SUP-001,2025-03-09,2025-04-08,2987245.88,30
INV-001408,PO-001426,DEL-001408,SUP-001,2025-03-12,2025-04-11,3542084.88,30
INV-001409,PO-001427,DEL-001409,SUP-001,2025-03-15,2025-04-14,2826277.09,30
INV-001410,PO-001428,DEL-001410,SUP-001,2025-03-16,2025-04-15,4302805.79,30
INV-001411,PO-001429,DEL-001411,SUP-001,2025-03-26,2025-04-25,2552676.84,30
INV-001412,PO-001430,DEL-001412,SUP-001,2025-03-24,2025-04-23,4047416.51,30
INV-001413,PO-001431,DEL-001413,SUP-001,2025-03-26,2025-04-25,3103728.51,30
INV-001414,PO-001432,DEL-001414,SUP-001,2025-03-29,2025-04-28,3481247.8,30
INV-001415,PO-001433,DEL-001415,SUP-001,2025-04-01,2025-05-01,3630593.6,30
INV-001416,PO-001434,DEL-001416,SUP-001,2025-04-06,2025-05-06,2151858.52,30
INV-001417,PO-001435,DEL-001417,SUP-001,2025-04-08,2025-05-08,2625505.82,30
INV-001418,PO-001436,DEL-001418,SUP-001,2025-04-09,2025-05-09,1603748.95,30
INV-001419,PO-001437,DEL-001419,SUP-001,2025-04-16,2025-05-16,2631039.58,30
INV-001420,PO-001438,DEL-001420,SUP-001,2025-04-15,2025-05-15,1973841.84,30
INV-001421,PO-001439,DEL-001421,SUP-001,2025-04-22,2025-05-22,2545186.71,30
INV-001422,PO-001440,DEL-001422,SUP-001,2025-04-21,2025-05-21,2629958.89,30
INV-001423,PO-001441,DEL-001423,SUP-001,2025-04-28,2025-05-28,1958569.07,30
INV-001424,PO-001442,DEL-001424,SUP-001,2025-04-28,2025-05-28,3003906.07,30
INV-001425,PO-001443,DEL-001425,SUP-001,2025-05-01,2025-05-31,1871970.62,30
INV-001426,PO-001444,DEL-001426,SUP-001,2025-05-03,2025-06-02,2293774.22,30
INV-001427,PO-001445,DEL-001427,SUP-001,2025-05-08,2025-06-07,1729266.22,30
INV-001428,PO-001446,DEL-001428,SUP-001,2025-05-16,2025-06-15,2134738.24,30
INV-001429,PO-001447,DEL-001429,SUP-001,2025-05-12,2025-06-11,2013993.16,30
INV-001430,PO-001448,DEL-001430,SUP-001,2025-05-17,2025-06-16,1727898.1,30
INV-001431,PO-001449,DEL-001431,SUP-001,2025-05-20,2025-06-19,2267889.24,30
INV-001432,PO-001450,DEL-001432,SUP-001,2025-05-21,2025-06-20,1255782.35,30
INV-001433,PO-001451,DEL-001433,SUP-001,2025-05-27,2025-06-26,2014054.28,30
INV-001434,PO-001452,DEL-001434,SUP-001,2025-05-31,2025-06-30,1568674.83,30
INV-001435,PO-001453,DEL-001435,SUP-001,2025-05-30,2025-06-29,1802377.19,30
INV-001436,PO-001454,DEL-001436,SUP-001,2025-06-03,2025-07-03,1920104.57,30
INV-001437,PO-001455,DEL-001437,SUP-001,2025-06-06,2025-07-06,1323748.55,30
INV-001438,PO-001456,DEL-001438,SUP-001,2025-06-10,2025-07-10,1950416.9,30
INV-001439,PO-001457,DEL-001439,SUP-001,2025-06-12,2025-07-12,1425354.48,30
INV-001440,PO-001458,DEL-001440,SUP-001,2025-06-16,2025-07-16,2112669.08,30
INV-001441,PO-001459,DEL-001441,SUP-001,2025-06-17,2025-07-17,1489448.25,30
INV-001442,PO-001460,DEL-001442,SUP-001,2025-06-20,2025-07-20,1543226.72,30
INV-001443,PO-001461,DEL-001443,SUP-001,2025-06-28,2025-07-28,1985639.12,30
INV-001444,PO-001462,DEL-001444,SUP-001,2025-06-26,2025-07-26,1356497.3,30
INV-001445,PO-001463,DEL-001445,SUP-001,2025-06-30,2025-07-30,2433154.47,30
INV-001446,PO-001464,DEL-001446,SUP-001,2025-07-02,2025-08-01,451266.09,30
INV-001447,PO-001465,DEL-001447,SUP-005,2025-01-03,2025-01-17,242914.49,14
INV-001448,PO-001466,DEL-001448,SUP-005,2025-01-07,2025-01-21,225601.73,14
INV-001449,PO-001467,DEL-001449,SUP-005,2025-01-08,2025-01-22,210589.44,14
INV-001450,PO-001468,DEL-001450,SUP-005,2025-01-12,2025-01-26,194904.86,14
INV-001451,PO-001469,DEL-001451,SUP-005,2025-01-10,2025-01-24,199744.99,14
INV-001452,PO-001470,DEL-001452,SUP-005,2025-01-13,2025-01-27,195591.86,14
INV-001453,PO-001471,DEL-001453,SUP-005,2025-01-16,2025-01-30,118749.51,14
INV-001454,PO-001472,DEL-001454,SUP-005,2025-01-16,2025-01-30,211270.66,14
INV-001455,PO-001473,DEL-001455,SUP-005,2025-01-20,2025-02-03,241379.25,14
INV-001456,PO-001474,DEL-001456,SUP-005,2025-01-21,2025-02-04,165015.68,14
INV-001457,PO-001475,DEL-001457,SUP-005,2025-01-23,2025-02-06,181362.75,14
INV-001458,PO-001476,DEL-001458,SUP-005,2025-01-26,2025-02-09,221217.59,14
INV-001459,PO-001477,DEL-001459,SUP-005,2025-01-26,2025-02-09,232862.7,14
INV-001460,PO-001478,DEL-001460,SUP-005,2025-01-31,2025-02-14,150114.41,14
INV-001461,PO-001479,DEL-001461,SUP-005,2025-01-30,2025-02-13,200210.72,14
INV-001462,PO-001480,DEL-001462,SUP-005,2025-02-03,2025-02-17,256633.78,14
INV-001463,PO-001481,DEL-001463,SUP-005,2025-02-05,2025-02-19,201805.4,14
INV-001464,PO-001482,DEL-001464,SUP-005,2025-02-07,2025-02-21,265478.48,14
INV-001465,PO-001483,DEL-001465,SUP-005,2025-02-07,2025-02-21,238418.74,14
INV-001466,PO-001484,DEL-001466,SUP-005,2025-02-11,2025-02-25,272949.59,14
INV-001467,PO-001485,DEL-001467,SUP-005,2025-02-11,2025-02-25,160076.14,14
INV-001468,PO-001486,DEL-001468,SUP-005,2025-02-14,2025-02-28,254494.69,14
INV-001469,PO-001487,DEL-001469,SUP-005,2025-02-16,2025-03-02,264737.82,14
INV-001470,PO-001488,DEL-001470,SUP-005,2025-02-18,2025-03-04,177788.5,14
INV-001471,PO-001489,DEL-001471,SUP-005,2025-02-21,2025-03-07,232528.48,14
INV-001472,PO-001490,DEL-001472,SUP-005,2025-02-22,2025-03-08,244194.98,14
INV-001473,PO-001491,DEL-001473,SUP-005,2025-02-25,2025-03-11,203027.56,14
INV-001474,PO-001492,DEL-001474,SUP-005,2025-02-27,2025-03-13,145388.09,14
INV-001475,PO-001493,DEL-001475,SUP-005,2025-03-02,2025-03-16,164671.82,14
INV-001476,PO-001494,DEL-001476,SUP-005,2025-03-02,2025-03-16,258521.96,14
INV-001477,PO-001495,DEL-001477,SUP-005,2025-03-05,2025-03-19,273988.79,14
INV-001478,PO-001496,DEL-001478,SUP-005,2025-03-07,2025-03-21,293424.17,14
INV-001479,PO-001497,DEL-001479,SUP-005,2025-03-08,2025-03-22,237059.26,14
INV-001480,PO-001499,DEL-001480,SUP-005,2025-03-12,2025-03-26,227678.46,14
INV-001481,PO-001500,DEL-001481,SUP-005,2025-03-13,2025-03-27,245097.74,14
INV-001482,PO-001501,DEL-001482,SUP-005,2025-03-16,2025-03-30,315225.77,14
INV-001483,PO-001502,DEL-001483,SUP-005,2025-03-24,2025-04-07,220326.31,14
INV-001484,PO-001503,DEL-001484,SUP-005,2025-03-21,2025-04-04,262143.35,14
INV-001485,PO-001504,DEL-001485,SUP-005,2025-03-23,2025-04-06,269753.09,14
INV-001486,PO-001505,DEL-001486,SUP-005,2025-03-26,2025-04-09,299784.64,14
INV-001487,PO-001506,DEL-001487,SUP-005,2025-03-27,2025-04-10,195548.88,14
INV-001488,PO-001507,DEL-001488,SUP-005,2025-03-29,2025-04-12,300566.05,14
INV-001489,PO-001508,DEL-001489,SUP-005,2025-04-02,2025-04-16,283819.46,14
INV-001490,PO-001509,DEL-001490,SUP-005,2025-04-04,2025-04-18,206982.03,14
INV-001491,PO-001510,DEL-001491,SUP-005,2025-04-06,2025-04-20,299014.23,14
INV-001492,PO-001511,DEL-001492,SUP-005,2025-04-07,2025-04-21,234419.65,14
INV-001493,PO-001513,DEL-001493,SUP-005,2025-04-08,2025-04-22,122481.58,14
INV-001494,PO-001514,DEL-001494,SUP-005,2025-04-11,2025-04-25,216947.93,14
INV-001495,PO-001515,DEL-001495,SUP-005,2025-04-14,2025-04-28,333873.82,14
INV-001496,PO-001516,DEL-001496,SUP-005,2025-04-18,2025-05-02,219893.41,14
INV-001497,PO-001517,DEL-001497,SUP-005,2025-04-18,2025-05-02,239793.84,14
INV-001498,PO-001518,DEL-001498,SUP-005,2025-04-20,2025-05-04,213465.24,14
INV-001499,PO-001519,DEL-001499,SUP-005,2025-04-20,2025-05-04,266664.33,14
INV-001500,PO-001520,DEL-001500,SUP-005,2025-04-22,2025-05-06,180159.91,14
INV-001501,PO-001521,DEL-001501,SUP-005,2025-04-25,2025-05-09,207856.54,14
INV-001502,PO-001522,DEL-001502,SUP-005,2025-04-28,2025-05-12,267599.35,14
INV-001503,PO-001523,DEL-001503,SUP-005,2025-05-01,2025-05-15,215435.89,14
INV-001504,PO-001524,DEL-001504,SUP-005,2025-05-01,2025-05-15,214698.47,14
INV-001505,PO-001525,DEL-001505,SUP-005,2025-05-04,2025-05-18,289436.09,14
INV-001506,PO-001526,DEL-001506,SUP-005,2025-05-06,2025-05-20,223814.49,14
INV-001507,PO-001527,DEL-001507,SUP-005,2025-05-07,2025-05-21,156990.71,14
INV-001508,PO-001528,DEL-001508,SUP-005,2025-05-11,2025-05-25,226778.29,14
INV-001509,PO-001529,DEL-001509,SUP-005,2025-05-11,2025-05-25,265774.89,14
INV-001510,PO-001530,DEL-001510,SUP-005,2025-05-14,2025-05-28,169194.6,14
INV-001511,PO-001531,DEL-001511,SUP-005,2025-05-15,2025-05-29,208747.82,14
INV-001512,PO-001533,DEL-001512,SUP-005,2025-05-20,2025-06-03,241615.33,14
INV-001513,PO-001534,DEL-001513,SUP-005,2025-05-20,2025-06-03,161212.68,14
INV-001514,PO-001535,DEL-001514,SUP-005,2025-05-24,2025-06-07,241773.61,14
INV-001515,PO-001536,DEL-001515,SUP-005,2025-05-25,2025-06-08,242623.97,14
INV-001516,PO-001537,DEL-001516,SUP-005,2025-05-26,2025-06-09,176693.08,14
INV-001517,PO-001538,DEL-001517,SUP-005,2025-05-30,2025-06-13,170286.34,14
INV-001518,PO-001539,DEL-001518,SUP-005,2025-06-05,2025-06-19,181956.29,14
INV-001519,PO-001540,DEL-001519,SUP-005,2025-06-06,2025-06-20,248922.59,14
INV-001520,PO-001541,DEL-001520,SUP-005,2025-06-06,2025-06-20,169028.8,14
INV-001521,PO-001542,DEL-001521,SUP-005,2025-06-09,2025-06-23,222721.73,14
INV-001522,PO-001543,DEL-001522,SUP-005,2025-06-13,2025-06-27,251768.44,14
INV-001523,PO-001544,DEL-001523,SUP-005,2025-06-09,2025-06-23,170513.19,14
INV-001524,PO-001545,DEL-001524,SUP-005,2025-06-11,2025-06-25,223719.26,14
INV-001525,PO-001546,DEL-001525,SUP-005,2025-06-14,2025-06-28,170408.99,14
INV-001526,PO-001547,DEL-001526,SUP-005,2025-06-17,2025-07-01,250527.87,14
INV-001527,PO-001548,DEL-001527,SUP-005,2025-06-19,2025-07-03,156912.41,14
INV-001528,PO-001549,DEL-001528,SUP-005,2025-06-23,2025-07-07,231206.48,14
INV-001529,PO-001550,DEL-001529,SUP-005,2025-06-23,2025-07-07,235591.98,14
INV-001530,PO-001551,DEL-001530,SUP-005,2025-06-23,2025-07-07,188519.8,14
INV-001531,PO-001552,DEL-001531,SUP-005,2025-06-28,2025-07-12,209205.39,14
INV-001532,PO-001553,DEL-001532,SUP-005,2025-06-30,2025-07-14,191135.4,14
INV-001533,PO-001554,DEL-001533,SUP-005,2025-06-30,2025-07-14,205831.25,14
INV-001534,PO-001555,DEL-001534,SUP-005,2025-07-03,2025-07-17,71909.32,14
INV-001535,PO-001556,DEL-001535,SUP-005,2025-01-05,2025-01-19,34663.63,14
INV-001536,PO-001557,DEL-001536,SUP-005,2025-01-06,2025-01-20,25240.89,14
INV-001537,PO-001558,DEL-001537,SUP-005,2025-01-07,2025-01-21,22325.28,14
INV-001538,PO-001559,DEL-001538,SUP-005,2025-01-11,2025-01-25,30288.07,14
INV-001539,PO-001560,DEL-001539,SUP-005,2025-01-10,2025-01-24,27378.13,14
INV-001540,PO-001561,DEL-001540,SUP-005,2025-01-12,2025-01-26,29258.42,14
INV-001541,PO-001562,DEL-001541,SUP-005,2025-01-17,2025-01-31,16660.84,14
INV-001542,PO-001563,DEL-001542,SUP-005,2025-01-17,2025-01-31,31164.68,14
INV-001543,PO-001564,DEL-001543,SUP-005,2025-01-20,2025-02-03,26678.57,14
INV-001544,PO-001565,DEL-001544,SUP-005,2025-01-21,2025-02-04,22768.58,14
INV-001545,PO-001566,DEL-001545,SUP-005,2025-01-23,2025-02-06,21641.17,14
INV-001546,PO-001567,DEL-001546,SUP-005,2025-01-26,2025-02-09,23222.89,14
INV-001547,PO-001568,DEL-001547,SUP-005,2025-01-27,2025-02-10,21349.84,14
INV-001548,PO-001569,DEL-001548,SUP-005,2025-01-28,2025-02-11,16918.22,14
INV-001549,PO-001570,DEL-001549,SUP-005,2025-01-31,2025-02-14,25482.15,14
INV-001550,PO-001571,DEL-001550,SUP-005,2025-02-02,2025-02-16,25776.37,14
INV-001551,PO-001572,DEL-001551,SUP-005,2025-02-03,2025-02-17,24543.01,14
INV-001552,PO-001573,DEL-001552,SUP-005,2025-02-05,2025-02-19,30394.25,14
INV-001553,PO-001574,DEL-001553,SUP-005,2025-02-10,2025-02-24,23946.26,14
INV-001554,PO-001575,DEL-001554,SUP-005,2025-02-12,2025-02-26,28151.79,14
INV-001555,PO-001576,DEL-001555,SUP-005,2025-02-13,2025-02-27,18452.09,14
INV-001556,PO-001577,DEL-001556,SUP-005,2025-02-14,2025-02-28,27557.65,14
INV-001557,PO-001578,DEL-001557,SUP-005,2025-02-16,2025-03-02,34080.86,14
INV-001558,PO-001579,DEL-001558,SUP-005,2025-02-19,2025-03-05,25852.99,14
INV-001559,PO-001580,DEL-001559,SUP-005,2025-02-20,2025-03-06,29652.29,14
INV-001560,PO-001581,DEL-001560,SUP-005,2025-02-23,2025-03-09,28419.87,14
INV-001561,PO-001582,DEL-001561,SUP-005,2025-02-23,2025-03-09,33595.04,14
INV-001562,PO-001583,DEL-001562,SUP-005,2025-02-27,2025-03-13,17207.31,14
INV-001563,PO-001584,DEL-001563,SUP-005,2025-03-04,2025-03-18,27396.89,14
INV-001564,PO-001585,DEL-001564,SUP-005,2025-03-06,2025-03-20,35272.9,14
INV-001565,PO-001586,DEL-001565,SUP-005,2025-03-04,2025-03-18,31622.83,14
INV-001566,PO-001587,DEL-001566,SUP-005,2025-03-05,2025-03-19,28125.08,14
INV-001567,PO-001588,DEL-001567,SUP-005,2025-03-10,2025-03-24,39523.94,14
INV-001568,PO-001589,DEL-001568,SUP-005,2025-03-11,2025-03-25,39573.94,14
INV-001569,PO-001590,DEL-001569,SUP-005,2025-03-12,2025-03-26,29888.02,14
INV-001570,PO-001591,DEL-001570,SUP-005,2025-03-15,2025-03-29,42823.72,14
INV-001571,PO-001592,DEL-001571,SUP-005,2025-03-16,2025-03-30,39344.08,14
INV-001572,PO-001593,DEL-001572,SUP-005,2025-03-18,2025-04-01,32838.61,14
INV-001573,PO-001594,DEL-001573,SUP-005,2025-03-20,2025-04-03,29839.14,14
INV-001574,PO-001595,DEL-001574,SUP-005,2025-03-23,2025-04-06,35921.25,14
INV-001575,PO-001596,DEL-001575,SUP-005,2025-03-26,2025-04-09,35371.0,14
INV-001576,PO-001597,DEL-001576,SUP-005,2025-03-25,2025-04-08,25423.9,14
INV-001577,PO-001598,DEL-001577,SUP-005,2025-03-29,2025-04-12,36342.31,14
INV-001578,PO-001599,DEL-001578,SUP-005,2025-03-29,2025-04-12,32781.55,14
INV-001579,PO-001600,DEL-001579,SUP-005,2025-04-01,2025-04-15,29529.56,14
INV-001580,PO-001601,DEL-001580,SUP-005,2025-04-02,2025-04-16,42507.7,14
INV-001581,PO-001602,DEL-001581,SUP-005,2025-04-06,2025-04-20,22126.36,14
INV-001582,PO-001603,DEL-001582,SUP-005,2025-04-07,2025-04-21,33507.78,14
INV-001583,PO-001604,DEL-001583,SUP-005,2025-04-09,2025-04-23,22983.49,14
INV-001584,PO-001605,DEL-001584,SUP-005,2025-04-11,2025-04-25,37317.18,14
INV-001585,PO-001606,DEL-001585,SUP-005,2025-04-14,2025-04-28,30161.13,14
INV-001586,PO-001607,DEL-001586,SUP-005,2025-04-14,2025-04-28,27129.31,14
INV-001587,PO-001608,DEL-001587,SUP-005,2025-04-18,2025-05-02,34104.32,14
INV-001588,PO-001609,DEL-001588,SUP-005,2025-04-18,2025-05-02,28245.35,14
INV-001589,PO-001610,DEL-001589,SUP-005,2025-04-22,2025-05-06,35765.42,14
INV-001590,PO-001611,DEL-001590,SUP-005,2025-04-22,2025-05-06,16779.61,14
INV-001591,PO-001612,DEL-001591,SUP-005,2025-04-26,2025-05-10,34331.52,14
INV-001592,PO-001613,DEL-001592,SUP-005,2025-04-27,2025-05-11,35207.45,14
INV-001593,PO-001614,DEL-001593,SUP-005,2025-04-30,2025-05-14,26274.8,14
INV-001594,PO-001615,DEL-001594,SUP-005,2025-05-02,2025-05-16,28340.84,14
INV-001595,PO-001616,DEL-001595,SUP-005,2025-05-02,2025-05-16,36107.78,14
INV-001596,PO-001617,DEL-001596,SUP-005,2025-05-04,2025-05-18,33369.0,14
INV-001597,PO-001618,DEL-001597,SUP-005,2025-05-07,2025-05-21,20734.89,14
INV-001598,PO-001619,DEL-001598,SUP-005,2025-05-10,2025-05-24,27701.21,14
INV-001599,PO-001620,DEL-001599,SUP-005,2025-05-13,2025-05-27,26582.92,14
INV-001600,PO-001621,DEL-001600,SUP-005,2025-05-12,2025-05-26,22593.85,14
INV-001601,PO-001622,DEL-001601,SUP-005,2025-05-18,2025-06-01,22818.94,14
INV-001602,PO-001623,DEL-001602,SUP-005,2025-05-16,2025-05-30,27312.35,14
INV-001603,PO-001624,DEL-001603,SUP-005,2025-05-19,2025-06-02,22672.57,14
INV-001604,PO-001625,DEL-001604,SUP-005,2025-05-21,2025-06-04,17636.54,14
INV-001605,PO-001626,DEL-001605,SUP-005,2025-05-23,2025-06-06,29612.23,14
INV-001606,PO-001627,DEL-001606,SUP-005,2025-05-26,2025-06-09,38478.31,14
INV-001607,PO-001628,DEL-001607,SUP-005,2025-05-28,2025-06-11,19651.15,14
INV-001608,PO-001629,DEL-001608,SUP-005,2025-05-30,2025-06-13,22793.94,14
INV-001609,PO-001630,DEL-001609,SUP-005,2025-05-30,2025-06-13,22155.6,14
INV-001610,PO-001631,DEL-001610,SUP-005,2025-06-02,2025-06-16,27519.87,14
INV-001611,PO-001632,DEL-001611,SUP-005,2025-06-04,2025-06-18,22524.63,14
INV-001612,PO-001633,DEL-001612,SUP-005,2025-06-09,2025-06-23,28214.14,14
INV-001613,PO-001634,DEL-001613,SUP-005,2025-06-07,2025-06-21,30542.55,14
INV-001614,PO-001635,DEL-001614,SUP-005,2025-06-11,2025-06-25,23039.06,14
INV-001615,PO-001636,DEL-001615,SUP-005,2025-06-15,2025-06-29,32424.92,14
INV-001616,PO-001637,DEL-001616,SUP-005,2025-06-13,2025-06-27,22115.92,14
INV-001617,PO-001638,DEL-001617,SUP-005,2025-06-17,2025-07-01,30937.55,14
INV-001618,PO-001639,DEL-001618,SUP-005,2025-06-17,2025-07-01,19819.25,14
INV-001619,PO-001640,DEL-001619,SUP-005,2025-06-21,2025-07-05,24648.69,14
INV-001620,PO-001641,DEL-001620,SUP-005,2025-06-23,2025-07-07,28466.17,14
INV-001621,PO-001642,DEL-001621,SUP-005,2025-06-26,2025-07-10,23665.2,14
INV-001622,PO-001643,DEL-001622,SUP-005,2025-06-27,2025-07-11,22364.82,14
INV-001623,PO-001644,DEL-001623,SUP-005,2025-06-28,2025-07-12,31498.71,14
INV-001624,PO-001645,DEL-001624,SUP-005,2025-06-29,2025-07-13,26573.96,14
INV-001625,PO-001646,DEL-001625,SUP-005,2025-07-02,2025-07-16,10389.17,14
INV-001626,PO-001647,DEL-001626,SUP-005,2025-01-02,2025-01-16,54513.26,14
INV-001627,PO-001648,DEL-001627,SUP-005,2025-01-04,2025-01-18,65983.72,14
INV-001628,PO-001649,DEL-001628,SUP-005,2025-01-07,2025-01-21,48811.87,14
INV-001629,PO-001650,DEL-001629,SUP-005,2025-01-08,2025-01-22,33781.78,14
INV-001630,PO-001651,DEL-001630,SUP-005,2025-01-10,2025-01-24,51692.07,14
INV-001631,PO-001652,DEL-001631,SUP-005,2025-01-16,2025-01-30,60579.8,14
INV-001632,PO-001653,DEL-001632,SUP-005,2025-01-14,2025-01-28,32307.17,14
INV-001633,PO-001654,DEL-001633,SUP-005,2025-01-17,2025-01-31,50240.81,14
INV-001634,PO-001655,DEL-001634,SUP-005,2025-01-18,2025-02-01,67650.05,14
INV-001635,PO-001656,DEL-001635,SUP-005,2025-01-20,2025-02-03,49211.91,14
INV-001636,PO-001657,DEL-001636,SUP-005,2025-01-22,2025-02-05,40170.3,14
INV-001637,PO-001658,DEL-001637,SUP-005,2025-01-25,2025-02-08,63753.0,14
INV-001638,PO-001659,DEL-001638,SUP-005,2025-01-28,2025-02-11,69567.82,14
INV-001639,PO-001660,DEL-001639,SUP-005,2025-01-28,2025-02-11,41030.21,14
INV-001640,PO-001661,DEL-001640,SUP-005,2025-01-31,2025-02-14,51405.0,14
INV-001641,PO-001662,DEL-001641,SUP-005,2025-02-03,2025-02-17,54747.63,14
INV-001642,PO-001663,DEL-001642,SUP-005,2025-02-05,2025-02-19,43601.78,14
INV-001643,PO-001664,DEL-001643,SUP-005,2025-02-06,2025-02-20,42853.95,14
INV-001644,PO-001665,DEL-001644,SUP-005,2025-02-08,2025-02-22,53947.47,14
INV-001645,PO-001666,DEL-001645,SUP-005,2025-02-11,2025-02-25,66289.47,14
INV-001646,PO-001667,DEL-001646,SUP-005,2025-02-13,2025-02-27,37259.37,14
INV-001647,PO-001668,DEL-001647,SUP-005,2025-02-15,2025-03-01,35336.85,14
INV-001648,PO-001669,DEL-001648,SUP-005,2025-02-19,2025-03-05,57599.7,14
INV-001649,PO-001670,DEL-001649,SUP-005,2025-02-17,2025-03-03,40788.66,14
INV-001650,PO-001671,DEL-001650,SUP-005,2025-02-20,2025-03-06,43564.64,14
INV-001651,PO-001672,DEL-001651,SUP-005,2025-02-25,2025-03-11,54813.13,14
INV-001652,PO-001673,DEL-001652,SUP-005,2025-02-28,2025-03-14,67235.7,14
INV-001653,PO-001674,DEL-001653,SUP-005,2025-02-26,2025-03-12,32503.95,14
INV-001654,PO-001675,DEL-001654,SUP-005,2025-03-02,2025-03-16,38286.06,14
INV-001655,PO-001676,DEL-001655,SUP-005,2025-03-02,2025-03-16,76167.29,14
INV-001656,PO-001677,DEL-001656,SUP-005,2025-03-05,2025-03-19,62743.79,14
INV-001657,PO-001678,DEL-001657,SUP-005,2025-03-06,2025-03-20,44887.86,14
INV-001658,PO-001679,DEL-001658,SUP-005,2025-03-08,2025-03-22,63296.23,14
INV-001659,PO-001680,DEL-001659,SUP-005,2025-03-15,2025-03-29,62398.55,14
INV-001660,PO-001682,DEL-001660,SUP-005,2025-03-15,2025-03-29,53434.19,14
INV-001661,PO-001683,DEL-001661,SUP-005,2025-03-17,2025-03-31,83258.32,14
INV-001662,PO-001684,DEL-001662,SUP-005,2025-03-19,2025-04-02,52731.57,14
INV-001663,PO-001685,DEL-001663,SUP-005,2025-03-20,2025-04-03,45147.16,14
INV-001664,PO-001686,DEL-001664,SUP-005,2025-03-24,2025-04-07,79029.86,14
INV-001665,PO-001687,DEL-001665,SUP-005,2025-03-25,2025-04-08,86872.82,14
INV-001666,PO-001688,DEL-001666,SUP-005,2025-03-27,2025-04-10,48109.55,14
INV-001667,PO-001689,DEL-001667,SUP-005,2025-03-29,2025-04-12,47594.5,14
INV-001668,PO-001690,DEL-001668,SUP-005,2025-03-30,2025-04-13,77761.41,14
INV-001669,PO-001691,DEL-001669,SUP-005,2025-04-02,2025-04-16,51080.34,14
INV-001670,PO-001692,DEL-001670,SUP-005,2025-04-04,2025-04-18,68333.72,14
INV-001671,PO-001693,DEL-001671,SUP-005,2025-04-05,2025-04-19,54488.39,14
INV-001672,PO-001694,DEL-001672,SUP-005,2025-04-06,2025-04-20,58870.31,14
INV-001673,PO-001695,DEL-001673,SUP-005,2025-04-08,2025-04-22,32422.95,14
INV-001674,PO-001696,DEL-001674,SUP-005,2025-04-11,2025-04-25,55785.08,14
INV-001675,PO-001697,DEL-001675,SUP-005,2025-04-15,2025-04-29,75956.94,14
INV-001676,PO-001698,DEL-001676,SUP-005,2025-04-14,2025-04-28,57190.42,14
INV-001677,PO-001699,DEL-001677,SUP-005,2025-04-18,2025-05-02,51828.62,14
INV-001678,PO-001700,DEL-001678,SUP-005,2025-04-21,2025-05-05,50217.51,14
INV-001679,PO-001701,DEL-001679,SUP-005,2025-04-20,2025-05-04,73616.47,14
INV-001680,PO-001702,DEL-001680,SUP-005,2025-04-23,2025-05-07,40436.43,14
INV-001681,PO-001703,DEL-001681,SUP-005,2025-04-30,2025-05-14,49207.19,14
INV-001682,PO-001704,DEL-001682,SUP-005,2025-04-27,2025-05-11,66600.71,14
INV-001683,PO-001705,DEL-001683,SUP-005,2025-05-01,2025-05-15,61268.46,14
INV-001684,PO-001706,DEL-001684,SUP-005,2025-05-04,2025-05-18,46341.18,14
INV-001685,PO-001707,DEL-001685,SUP-005,2025-05-05,2025-05-19,55830.28,14
INV-001686,PO-001708,DEL-001686,SUP-005,2025-05-06,2025-05-20,60594.65,14
INV-001687,PO-001709,DEL-001687,SUP-005,2025-05-09,2025-05-23,48546.07,14
INV-001688,PO-001710,DEL-001688,SUP-005,2025-05-09,2025-05-23,43894.64,14
INV-001689,PO-001711,DEL-001689,SUP-005,2025-05-13,2025-05-27,74428.67,14
INV-001690,PO-001712,DEL-001690,SUP-005,2025-05-16,2025-05-30,56242.04,14
INV-001691,PO-001713,DEL-001691,SUP-005,2025-05-14,2025-05-28,40993.42,14
INV-001692,PO-001714,DEL-001692,SUP-005,2025-05-16,2025-05-30,51258.83,14
INV-001693,PO-001715,DEL-001693,SUP-005,2025-05-21,2025-06-04,66735.32,14
INV-001694,PO-001716,DEL-001694,SUP-005,2025-05-20,2025-06-03,34010.55,14
INV-001695,PO-001717,DEL-001695,SUP-005,2025-05-23,2025-06-06,36333.97,14
INV-001696,PO-001718,DEL-001696,SUP-005,2025-05-25,2025-06-08,63972.69,14
INV-001697,PO-001719,DEL-001697,SUP-005,2025-05-26,2025-06-09,49380.55,14
INV-001698,PO-001720,DEL-001698,SUP-005,2025-05-28,2025-06-11,33233.54,14
INV-001699,PO-001721,DEL-001699,SUP-005,2025-06-01,2025-06-15,59444.68,14
INV-001700,PO-001722,DEL-001700,SUP-005,2025-06-01,2025-06-15,70242.65,14
INV-001701,PO-001723,DEL-001701,SUP-005,2025-06-06,2025-06-20,38174.66,14
INV-001702,PO-001724,DEL-001702,SUP-005,2025-06-06,2025-06-20,46744.31,14
INV-001703,PO-001725,DEL-001703,SUP-005,2025-06-11,2025-06-25,70588.9,14
INV-001704,PO-001726,DEL-001704,SUP-005,2025-06-12,2025-06-26,42426.12,14
INV-001705,PO-001727,DEL-001705,SUP-005,2025-06-11,2025-06-25,34025.97,14
INV-001706,PO-001728,DEL-001706,SUP-005,2025-06-13,2025-06-27,55502.02,14
INV-001707,PO-001729,DEL-001707,SUP-005,2025-06-17,2025-07-01,66592.04,14
INV-001708,PO-001730,DEL-001708,SUP-005,2025-06-19,2025-07-03,40710.25,14
INV-001709,PO-001731,DEL-001709,SUP-005,2025-06-22,2025-07-06,40003.21,14
INV-001710,PO-001732,DEL-001710,SUP-005,2025-06-23,2025-07-07,74359.52,14
INV-001711,PO-001733,DEL-001711,SUP-005,2025-06-25,2025-07-09,49691.51,14
INV-001712,PO-001734,DEL-001712,SUP-005,2025-06-25,2025-07-09,40956.94,14
INV-001713,PO-001735,DEL-001713,SUP-005,2025-07-04,2025-07-18,51412.67,14
INV-001714,PO-001736,DEL-001714,SUP-005,2025-07-01,2025-07-15,58806.33,14
INV-001715,PO-001737,DEL-001715,SUP-005,2025-07-03,2025-07-17,16636.34,14
INV-001716,PO-001738,DEL-001716,SUP-006,2025-01-05,2025-02-04,2295282.68,30
INV-001717,PO-001739,DEL-001717,SUP-006,2025-01-08,2025-02-07,1839049.63,30
INV-001718,PO-001740,DEL-001718,SUP-006,2025-01-11,2025-02-10,2474823.95,30
INV-001719,PO-001741,DEL-001719,SUP-006,2025-01-17,2025-02-16,1948412.81,30
INV-001720,PO-001742,DEL-001720,SUP-006,2025-01-20,2025-02-19,2297403.81,30
INV-001721,PO-001743,DEL-001721,SUP-006,2025-01-29,2025-02-28,2114612.8,30
INV-001722,PO-001744,DEL-001722,SUP-006,2025-01-29,2025-02-28,1897537.59,30
INV-001723,PO-001745,DEL-001723,SUP-006,2025-02-01,2025-03-03,2008087.27,30
INV-001724,PO-001746,DEL-001724,SUP-006,2025-02-08,2025-03-10,2222106.04,30
INV-001725,PO-001747,DEL-001725,SUP-006,2025-02-08,2025-03-10,1989711.06,30
INV-001726,PO-001748,DEL-001726,SUP-006,2025-02-12,2025-03-14,2080120.56,30
INV-001727,PO-001749,DEL-001727,SUP-006,2025-02-18,2025-03-20,2166456.98,30
INV-001728,PO-001750,DEL-001728,SUP-006,2025-02-21,2025-03-23,2084129.12,30
INV-001729,PO-001751,DEL-001729,SUP-006,2025-02-24,2025-03-26,1865932.89,30
INV-001730,PO-001752,DEL-001730,SUP-006,2025-03-03,2025-04-02,2562708.44,30
INV-001731,PO-001753,DEL-001731,SUP-006,2025-03-05,2025-04-04,2722948.21,30
INV-001732,PO-001754,DEL-001732,SUP-006,2025-03-09,2025-04-08,2839626.39,30
INV-001733,PO-001755,DEL-001733,SUP-006,2025-03-13,2025-04-12,2595955.43,30
INV-001734,PO-001756,DEL-001734,SUP-006,2025-03-17,2025-04-16,2382019.73,30
INV-001735,PO-001757,DEL-001735,SUP-006,2025-03-23,2025-04-22,2847905.61,30
INV-001736,PO-001758,DEL-001736,SUP-006,2025-03-26,2025-04-25,2516611.9,30
INV-001737,PO-001759,DEL-001737,SUP-006,2025-03-30,2025-04-29,3257649.27,30
INV-001738,PO-001761,DEL-001738,SUP-006,2025-04-10,2025-05-10,2296477.96,30
INV-001739,PO-001762,DEL-001739,SUP-006,2025-04-15,2025-05-15,1936285.51,30
INV-001740,PO-001763,DEL-001740,SUP-006,2025-04-14,2025-05-14,2506194.19,30
INV-001741,PO-001764,DEL-001741,SUP-006,2025-04-23,2025-05-23,2386196.79,30
INV-001742,PO-001765,DEL-001742,SUP-006,2025-04-27,2025-05-27,2356493.2,30
INV-001743,PO-001766,DEL-001743,SUP-006,2025-04-27,2025-05-27,2730450.82,30
INV-001744,PO-001767,DEL-001744,SUP-006,2025-04-29,2025-05-29,2314658.51,30
INV-001745,PO-001768,DEL-001745,SUP-006,2025-05-03,2025-06-02,2548388.68,30
INV-001746,PO-001769,DEL-001746,SUP-006,2025-05-09,2025-06-08,2333222.67,30
INV-001747,PO-001770,DEL-001747,SUP-006,2025-05-12,2025-06-11,2251736.43,30
INV-001748,PO-001771,DEL-001748,SUP-006,2025-05-16,2025-06-15,2321107.42,30
INV-001749,PO-001772,DEL-001749,SUP-006,2025-05-22,2025-06-21,1667966.48,30
INV-001750,PO-001773,DEL-001750,SUP-006,2025-05-24,2025-06-23,2441314.0,30
INV-001751,PO-001774,DEL-001751,SUP-006,2025-05-27,2025-06-26,2060252.07,30
INV-001752,PO-001775,DEL-001752,SUP-006,2025-06-01,2025-07-01,2371071.57,30
INV-001753,PO-001776,DEL-001753,SUP-006,2025-06-06,2025-07-06,1981604.0,30
INV-001754,PO-001777,DEL-001754,SUP-006,2025-06-09,2025-07-09,2238622.64,30
INV-001755,PO-001778,DEL-001755,SUP-006,2025-06-12,2025-07-12,2204268.57,30
INV-001756,PO-001779,DEL-001756,SUP-006,2025-06-17,2025-07-17,1943030.24,30
INV-001757,PO-001780,DEL-001757,SUP-006,2025-06-22,2025-07-22,2252407.05,30
INV-001758,PO-001781,DEL-001758,SUP-006,2025-06-25,2025-07-25,1912795.33,30
INV-001759,PO-001782,DEL-001759,SUP-006,2025-07-03,2025-08-02,2398086.45,30
INV-001760,PO-001783,DEL-001760,SUP-006,2025-07-03,2025-08-02,401000.69,30
INV-001761,PO-001784,DEL-001761,SUP-010,2025-01-10,2025-02-24,4820235.83,45
INV-001762,PO-001785,DEL-001762,SUP-010,2025-01-17,2025-03-03,5038322.2,45
INV-001763,PO-001786,DEL-001763,SUP-010,2025-01-26,2025-03-12,4742388.37,45
INV-001764,PO-001787,DEL-001764,SUP-010,2025-02-05,2025-03-22,4620949.89,45
INV-001765,PO-001788,DEL-001765,SUP-010,2025-02-15,2025-04-01,4793923.95,45
INV-001766,PO-001789,DEL-001766,SUP-010,2025-02-24,2025-04-10,5233433.41,45
INV-001767,PO-001790,DEL-001767,SUP-010,2025-03-06,2025-04-20,6090658.78,45
INV-001768,PO-001791,DEL-001768,SUP-010,2025-03-20,2025-05-04,6444571.11,45
INV-001769,PO-001792,DEL-001769,SUP-010,2025-03-28,2025-05-12,6566552.01,45
INV-001770,PO-001793,DEL-001770,SUP-010,2025-04-07,2025-05-22,5125597.82,45
INV-001771,PO-001794,DEL-001771,SUP-010,2025-04-17,2025-06-01,5910553.96,45
INV-001772,PO-001795,DEL-001772,SUP-010,2025-05-01,2025-06-15,5163027.82,45
INV-001773,PO-001796,DEL-001773,SUP-010,2025-05-05,2025-06-19,6213677.06,45
INV-001774,PO-001797,DEL-001774,SUP-010,2025-05-17,2025-07-01,4919072.74,45
INV-001775,PO-001798,DEL-001775,SUP-010,2025-05-28,2025-07-12,5088080.73,45
INV-001776,PO-001799,DEL-001776,SUP-010,2025-06-06,2025-07-21,5095635.5,45
INV-001777,PO-001800,DEL-001777,SUP-010,2025-06-15,2025-07-30,5081303.64,45
INV-001778,PO-001801,DEL-001778,SUP-010,2025-06-24,2025-08-08,5100699.62,45
INV-001779,PO-001802,DEL-001779,SUP-010,2025-07-05,2025-08-19,415262.96,45
INV-001780,PO-001803,DEL-001780,SUP-010,2025-01-06,2025-02-20,484811.22,45
INV-001781,PO-001804,DEL-001781,SUP-010,2025-01-18,2025-03-04,502489.42,45
INV-001782,PO-001805,DEL-001782,SUP-010,2025-01-27,2025-03-13,441706.07,45
INV-001783,PO-001806,DEL-001783,SUP-010,2025-02-06,2025-03-23,502731.6,45
INV-001784,PO-001807,DEL-001784,SUP-010,2025-02-17,2025-04-03,422258.65,45
INV-001785,PO-001808,DEL-001785,SUP-010,2025-03-02,2025-04-16,470715.72,45
INV-001786,PO-001809,DEL-001786,SUP-010,2025-03-07,2025-04-21,571804.44,45
INV-001787,PO-001810,DEL-001787,SUP-010,2025-03-18,2025-05-02,641062.58,45
INV-001788,PO-001811,DEL-001788,SUP-010,2025-03-27,2025-05-11,615317.37,45
INV-001789,PO-001812,DEL-001789,SUP-010,2025-04-05,2025-05-20,503834.47,45
INV-001790,PO-001813,DEL-001790,SUP-010,2025-04-17,2025-06-01,592912.07,45
INV-001791,PO-001814,DEL-001791,SUP-010,2025-04-27,2025-06-11,513802.21,45
INV-001792,PO-001815,DEL-001792,SUP-010,2025-05-14,2025-06-28,557972.46,45
INV-001793,PO-001816,DEL-001793,SUP-010,2025-05-17,2025-07-01,450962.58,45
INV-001794,PO-001817,DEL-001794,SUP-010,2025-05-29,2025-07-13,467963.87,45
INV-001795,PO-001818,DEL-001795,SUP-010,2025-06-07,2025-07-22,473683.07,45
INV-001796,PO-001819,DEL-001796,SUP-010,2025-06-16,2025-07-31,439178.8,45
INV-001797,PO-001820,DEL-001797,SUP-010,2025-06-24,2025-08-08,516060.17,45
INV-001798,PO-001821,DEL-001798,SUP-010,2025-07-06,2025-08-20,34861.87,45
INV-001799,PO-001822,DEL-001799,SUP-012,2025-01-07,2025-02-21,4093537.39,45
INV-001800,PO-001823,DEL-001800,SUP-012,2025-01-29,2025-03-15,4765035.37,45
INV-001801,PO-001824,DEL-001801,SUP-012,2025-02-19,2025-04-05,4417418.13,45
INV-001802,PO-001825,DEL-001802,SUP-012,2025-03-12,2025-04-26,5904670.53,45
INV-001803,PO-001826,DEL-001803,SUP-012,2025-03-31,2025-05-15,5094803.08,45
INV-001804,PO-001828,DEL-001804,SUP-012,2025-05-14,2025-06-28,4882013.14,45
INV-001805,PO-001829,DEL-001805,SUP-012,2025-06-04,2025-07-19,4434489.01,45
INV-001806,PO-001830,DEL-001806,SUP-012,2025-06-24,2025-08-08,2923497.51,45
INV-001807,PO-001831,DEL-001807,SUP-007,2025-01-10,2025-02-24,126295553.79,45
INV-001808,PO-001832,DEL-001808,SUP-007,2025-02-09,2025-03-26,110498942.83,45
INV-001809,PO-001833,DEL-001809,SUP-007,2025-03-07,2025-04-21,203609016.68,45
INV-001810,PO-001834,DEL-001810,SUP-007,2025-04-06,2025-05-21,135486102.85,45
INV-001811,PO-001835,DEL-001811,SUP-007,2025-05-08,2025-06-22,131333927.21,45
INV-001812,PO-001836,DEL-001812,SUP-007,2025-06-08,2025-07-23,115958486.91,45
INV-001813,PO-001837,DEL-001813,SUP-007,2025-07-07,2025-08-21,2700437.81,45
INV-001814,PO-001838,DEL-001814,SUP-007,2025-01-07,2025-02-21,51139616.11,45
INV-001815,PO-001839,DEL-001815,SUP-007,2025-01-29,2025-03-15,55925843.16,45
INV-001816,PO-001840,DEL-001816,SUP-007,2025-02-19,2025-04-05,58727209.12,45
INV-001817,PO-001841,DEL-001817,SUP-007,2025-03-11,2025-04-25,78925855.91,45
INV-001818,PO-001842,DEL-001818,SUP-007,2025-04-01,2025-05-16,72442656.21,45
INV-001819,PO-001843,DEL-001819,SUP-007,2025-04-22,2025-06-06,67675791.7,45
INV-001820,PO-001844,DEL-001820,SUP-007,2025-05-13,2025-06-27,59558412.45,45
INV-001821,PO-001845,DEL-001821,SUP-007,2025-06-04,2025-07-19,56629982.82,45
INV-001822,PO-001846,DEL-001822,SUP-007,2025-06-23,2025-08-07,32543141.42,45
INV-001823,PO-001847,DEL-001823,SUP-003,2025-01-05,2025-03-06,26964662.26,60
INV-001824,PO-001848,DEL-001824,SUP-003,2025-01-18,2025-03-19,28414660.76,60
INV-001825,PO-001849,DEL-001825,SUP-003,2025-02-03,2025-04-04,27731703.37,60
INV-001826,PO-001850,DEL-001826,SUP-003,2025-02-17,2025-04-18,29916734.42,60
INV-001827,PO-001851,DEL-001827,SUP-003,2025-03-02,2025-05-01,42248292.96,60
INV-001828,PO-001852,DEL-001828,SUP-003,2025-03-19,2025-05-18,43944854.92,60
INV-001829,PO-001853,DEL-001829,SUP-003,2025-03-29,2025-05-28,38492221.3,60
INV-001830,PO-001854,DEL-001830,SUP-003,2025-04-13,2025-06-12,32991649.6,60
INV-001831,PO-001855,DEL-001831,SUP-003,2025-04-26,2025-06-25,32863758.67,60
INV-001832,PO-001856,DEL-001832,SUP-003,2025-05-11,2025-07-10,32999001.62,60
INV-001833,PO-001857,DEL-001833,SUP-003,2025-06-01,2025-07-31,25699942.29,60
INV-001834,PO-001858,DEL-001834,SUP-003,2025-06-12,2025-08-11,30642883.72,60
INV-001835,PO-001859,DEL-001835,SUP-003,2025-06-21,2025-08-20,27657105.73,60
INV-001836,PO-001860,DEL-001836,SUP-004,2025-01-04,2025-02-03,1860408.77,30
INV-001837,PO-001861,DEL-001837,SUP-004,2025-01-06,2025-02-05,1803393.02,30
INV-001838,PO-001862,DEL-001838,SUP-004,2025-01-08,2025-02-07,1324362.44,30
INV-001839,PO-001863,DEL-001839,SUP-004,2025-01-10,2025-02-09,1555548.4,30
INV-001840,PO-001864,DEL-001840,SUP-004,2025-01-11,2025-02-10,1691311.86,30
INV-001841,PO-001865,DEL-001841,SUP-004,2025-01-14,2025-02-13,1860179.64,30
INV-001842,PO-001866,DEL-001842,SUP-004,2025-01-16,2025-02-15,1138545.25,30
INV-001843,PO-001867,DEL-001843,SUP-004,2025-01-18,2025-02-17,1637343.03,30
INV-001844,PO-001868,DEL-001844,SUP-004,2025-01-20,2025-02-19,1919732.45,30
INV-001845,PO-001869,DEL-001845,SUP-004,2025-01-20,2025-02-19,1342059.18,30
INV-001846,PO-001870,DEL-001846,SUP-004,2025-01-23,2025-02-22,1573203.35,30
INV-001847,PO-001871,DEL-001847,SUP-004,2025-01-27,2025-02-26,1628912.81,30
INV-001848,PO-001872,DEL-001848,SUP-004,2025-01-26,2025-02-25,1715119.89,30
INV-001849,PO-001873,DEL-001849,SUP-004,2025-01-30,2025-03-01,1108262.59,30
INV-001850,PO-001874,DEL-001850,SUP-004,2025-01-31,2025-03-02,1617042.05,30
INV-001851,PO-001875,DEL-001851,SUP-004,2025-02-01,2025-03-03,1810315.77,30
INV-001852,PO-001876,DEL-001852,SUP-004,2025-02-05,2025-03-07,1318487.12,30
INV-001853,PO-001877,DEL-001853,SUP-004,2025-02-07,2025-03-09,1760301.78,30
INV-001854,PO-001878,DEL-001854,SUP-004,2025-02-08,2025-03-10,1754242.03,30
INV-001855,PO-001879,DEL-001855,SUP-004,2025-02-15,2025-03-17,1661502.87,30
INV-001856,PO-001880,DEL-001856,SUP-004,2025-02-13,2025-03-15,1209664.83,30
INV-001857,PO-001881,DEL-001857,SUP-004,2025-02-17,2025-03-19,1704889.75,30
INV-001858,PO-001882,DEL-001858,SUP-004,2025-02-19,2025-03-21,1878235.6,30
INV-001859,PO-001883,DEL-001859,SUP-004,2025-02-17,2025-03-19,1386158.77,30
INV-001860,PO-001884,DEL-001860,SUP-004,2025-02-21,2025-03-23,1490678.52,30
INV-001861,PO-001885,DEL-001861,SUP-004,2025-02-22,2025-03-24,1688547.28,30
INV-001862,PO-001886,DEL-001862,SUP-004,2025-02-25,2025-03-27,1653226.56,30
INV-001863,PO-001887,DEL-001863,SUP-004,2025-02-27,2025-03-29,1132589.17,30
INV-001864,PO-001888,DEL-001864,SUP-004,2025-02-27,2025-03-29,1643681.66,30
INV-001865,PO-001889,DEL-001865,SUP-004,2025-03-04,2025-04-03,2110118.67,30
INV-001866,PO-001890,DEL-001866,SUP-004,2025-03-07,2025-04-06,1832093.53,30
INV-001867,PO-001891,DEL-001867,SUP-004,2025-03-08,2025-04-07,1971689.15,30
INV-001868,PO-001892,DEL-001868,SUP-004,2025-03-07,2025-04-06,2135619.74,30
INV-001869,PO-001893,DEL-001869,SUP-004,2025-03-11,2025-04-10,2199354.86,30
INV-001870,PO-001894,DEL-001870,SUP-004,2025-03-15,2025-04-14,1496958.65,30
INV-001871,PO-001895,DEL-001871,SUP-004,2025-03-15,2025-04-14,2112722.23,30
INV-001872,PO-001896,DEL-001872,SUP-004,2025-03-17,2025-04-16,2389704.2,30
INV-001873,PO-001897,DEL-001873,SUP-004,2025-03-17,2025-04-16,1966776.88,30
INV-001874,PO-001898,DEL-001874,SUP-004,2025-03-21,2025-04-20,1889759.48,30
INV-001875,PO-001899,DEL-001875,SUP-004,2025-03-22,2025-04-21,2212403.72,30
INV-001876,PO-001900,DEL-001876,SUP-004,2025-03-24,2025-04-23,2479123.61,30
INV-001877,PO-001901,DEL-001877,SUP-004,2025-03-25,2025-04-24,1512245.41,30
INV-001878,PO-001902,DEL-001878,SUP-004,2025-03-30,2025-04-29,1993815.4,30
INV-001879,PO-001903,DEL-001879,SUP-004,2025-04-01,2025-05-01,2310896.14,30
INV-001880,PO-001904,DEL-001880,SUP-004,2025-04-02,2025-05-02,1849855.41,30
INV-001881,PO-001905,DEL-001881,SUP-004,2025-04-03,2025-05-03,2168694.32,30
INV-001882,PO-001906,DEL-001882,SUP-004,2025-04-05,2025-05-05,1599304.55,30
INV-001883,PO-001907,DEL-001883,SUP-004,2025-04-08,2025-05-08,1933344.15,30
INV-001884,PO-001908,DEL-001884,SUP-004,2025-04-10,2025-05-10,1194820.82,30
INV-001885,PO-001909,DEL-001885,SUP-004,2025-04-10,2025-05-10,1669581.97,30
INV-001886,PO-001910,DEL-001886,SUP-004,2025-04-14,2025-05-14,1999216.51,30
INV-001887,PO-001911,DEL-001887,SUP-004,2025-04-15,2025-05-15,1622107.65,30
INV-001888,PO-001912,DEL-001888,SUP-004,2025-04-18,2025-05-18,1803047.71,30
INV-001889,PO-001913,DEL-001889,SUP-004,2025-04-20,2025-05-20,1945915.1,30
INV-001890,PO-001914,DEL-001890,SUP-004,2025-04-22,2025-05-22,2184038.48,30
INV-001891,PO-001915,DEL-001891,SUP-004,2025-04-23,2025-05-23,1331658.25,30
INV-001892,PO-001916,DEL-001892,SUP-004,2025-04-24,2025-05-24,1968299.74,30
INV-001893,PO-001917,DEL-001893,SUP-004,2025-04-26,2025-05-26,1976823.56,30
INV-001894,PO-001918,DEL-001894,SUP-004,2025-04-29,2025-05-29,1584195.4,30
INV-001895,PO-001919,DEL-001895,SUP-004,2025-05-02,2025-06-01,1776666.58,30
INV-001896,PO-001920,DEL-001896,SUP-004,2025-05-02,2025-06-01,1942190.8,30
INV-001897,PO-001921,DEL-001897,SUP-004,2025-05-06,2025-06-05,1994089.02,30
INV-001898,PO-001922,DEL-001898,SUP-004,2025-05-07,2025-06-06,1305121.83,30
INV-001899,PO-001923,DEL-001899,SUP-004,2025-05-10,2025-06-09,1868984.78,30
INV-001900,PO-001924,DEL-001900,SUP-004,2025-05-12,2025-06-11,2127810.82,30
INV-001901,PO-001925,DEL-001901,SUP-004,2025-05-14,2025-06-13,1608150.85,30
INV-001902,PO-001926,DEL-001902,SUP-004,2025-05-16,2025-06-15,1802295.53,30
INV-001903,PO-001927,DEL-001903,SUP-004,2025-05-17,2025-06-16,1802915.24,30
INV-001904,PO-001928,DEL-001904,SUP-004,2025-05-19,2025-06-18,1810714.93,30
INV-001905,PO-001929,DEL-001905,SUP-004,2025-05-21,2025-06-20,1184111.58,30
INV-001906,PO-001930,DEL-001906,SUP-004,2025-05-23,2025-06-22,1722980.62,30
INV-001907,PO-001931,DEL-001907,SUP-004,2025-05-26,2025-06-25,1816090.39,30
INV-001908,PO-001932,DEL-001908,SUP-004,2025-05-28,2025-06-27,1321624.19,30
INV-001909,PO-001933,DEL-001909,SUP-004,2025-05-30,2025-06-29,1533298.14,30
INV-001910,PO-001934,DEL-001910,SUP-004,2025-05-30,2025-06-29,1671547.86,30
INV-001911,PO-001935,DEL-001911,SUP-004,2025-06-02,2025-07-02,1906632.38,30
INV-001912,PO-001936,DEL-001912,SUP-004,2025-06-04,2025-07-04,1212926.22,30
INV-001913,PO-001937,DEL-001913,SUP-004,2025-06-05,2025-07-05,1626525.07,30
INV-001914,PO-001938,DEL-001914,SUP-004,2025-06-08,2025-07-08,1835381.94,30
INV-001915,PO-001939,DEL-001915,SUP-004,2025-06-12,2025-07-12,1476574.63,30
INV-001916,PO-001940,DEL-001916,SUP-004,2025-06-12,2025-07-12,1563160.16,30
INV-001917,PO-001941,DEL-001917,SUP-004,2025-06-15,2025-07-15,1533291.1,30
INV-001918,PO-001942,DEL-001918,SUP-004,2025-06-16,2025-07-16,1826130.03,30
INV-001919,PO-001943,DEL-001919,SUP-004,2025-06-18,2025-07-18,1168413.22,30
INV-001920,PO-001944,DEL-001920,SUP-004,2025-06-19,2025-07-19,1594518.53,30
INV-001921,PO-001945,DEL-001921,SUP-004,2025-06-22,2025-07-22,1616641.69,30
INV-001922,PO-001946,DEL-001922,SUP-004,2025-06-25,2025-07-25,1460127.0,30
INV-001923,PO-001947,DEL-001923,SUP-004,2025-06-26,2025-07-26,1494015.52,30
INV-001924,PO-001948,DEL-001924,SUP-004,2025-06-30,2025-07-30,1795004.59,30
INV-001925,PO-001949,DEL-001925,SUP-004,2025-06-30,2025-07-30,1739822.17,30
INV-001926,PO-001950,DEL-001926,SUP-004,2025-07-01,2025-07-31,593328.38,30
INV-001927,PO-001951,DEL-001927,SUP-004,2025-01-03,2025-02-02,644757.76,30
INV-001928,PO-001952,DEL-001928,SUP-004,2025-01-09,2025-02-08,633008.94,30
INV-001929,PO-001953,DEL-001929,SUP-004,2025-01-09,2025-02-08,447409.76,30
INV-001930,PO-001954,DEL-001930,SUP-004,2025-01-08,2025-02-07,515355.77,30
INV-001931,PO-001955,DEL-001931,SUP-004,2025-01-12,2025-02-11,575634.8,30
INV-001932,PO-001956,DEL-001932,SUP-004,2025-01-14,2025-02-13,604808.7,30
INV-001933,PO-001957,DEL-001933,SUP-004,2025-01-15,2025-02-14,372649.97,30
INV-001934,PO-001958,DEL-001934,SUP-004,2025-01-18,2025-02-17,611521.03,30
INV-001935,PO-001959,DEL-001935,SUP-004,2025-01-20,2025-02-19,597120.68,30
INV-001936,PO-001960,DEL-001936,SUP-004,2025-01-25,2025-02-24,464090.47,30
INV-001937,PO-001961,DEL-001937,SUP-004,2025-01-22,2025-02-21,522655.78,30
INV-001938,PO-001962,DEL-001938,SUP-004,2025-01-26,2025-02-25,532008.5,30
INV-001939,PO-001963,DEL-001939,SUP-004,2025-02-02,2025-03-04,582424.48,30
INV-001940,PO-001964,DEL-001940,SUP-004,2025-01-29,2025-02-28,411790.82,30
INV-001941,PO-001965,DEL-001941,SUP-004,2025-01-31,2025-03-02,520622.12,30
INV-001942,PO-001966,DEL-001942,SUP-004,2025-02-04,2025-03-06,634130.72,30
INV-001943,PO-001967,DEL-001943,SUP-004,2025-02-04,2025-03-06,458879.82,30
INV-001944,PO-001968,DEL-001944,SUP-004,2025-02-06,2025-03-08,586310.14,30
INV-001945,PO-001969,DEL-001945,SUP-004,2025-02-10,2025-03-12,542856.51,30
INV-001946,PO-001970,DEL-001946,SUP-004,2025-02-11,2025-03-13,602741.86,30
INV-001947,PO-001971,DEL-001947,SUP-004,2025-02-12,2025-03-14,416118.53,30
INV-001948,PO-001972,DEL-001948,SUP-004,2025-02-14,2025-03-16,612485.27,30
INV-001949,PO-001973,DEL-001949,SUP-004,2025-02-17,2025-03-19,584279.55,30
INV-001950,PO-001974,DEL-001950,SUP-004,2025-02-18,2025-03-20,467122.48,30
INV-001951,PO-001975,DEL-001951,SUP-004,2025-02-19,2025-03-21,522744.69,30
INV-001952,PO-001976,DEL-001952,SUP-004,2025-02-21,2025-03-23,591206.77,30
INV-001953,PO-001977,DEL-001953,SUP-004,2025-02-25,2025-03-27,583272.28,30
INV-001954,PO-001978,DEL-001954,SUP-004,2025-03-02,2025-04-01,384305.62,30
INV-001955,PO-001979,DEL-001955,SUP-004,2025-02-28,2025-03-30,643267.14,30
INV-001956,PO-001980,DEL-001956,SUP-004,2025-03-04,2025-04-03,725747.44,30
INV-001957,PO-001981,DEL-001957,SUP-004,2025-03-05,2025-04-04,586705.09,30
INV-001958,PO-001982,DEL-001958,SUP-004,2025-03-08,2025-04-07,757588.16,30
INV-001959,PO-001983,DEL-001959,SUP-004,2025-03-08,2025-04-07,718555.4,30
INV-001960,PO-001984,DEL-001960,SUP-004,2025-03-10,2025-04-09,744204.93,30
INV-001961,PO-001985,DEL-001961,SUP-004,2025-03-13,2025-04-12,556995.63,30
INV-001962,PO-001986,DEL-001962,SUP-004,2025-03-13,2025-04-12,765238.76,30
INV-001963,PO-001987,DEL-001963,SUP-004,2025-03-16,2025-04-15,794288.01,30
INV-001964,PO-001988,DEL-001964,SUP-004,2025-03-17,2025-04-16,683663.21,30
INV-001965,PO-001989,DEL-001965,SUP-004,2025-03-19,2025-04-18,709638.78,30
INV-001966,PO-001990,DEL-001966,SUP-004,2025-03-21,2025-04-20,705369.14,30
INV-001967,PO-001991,DEL-001967,SUP-004,2025-03-24,2025-04-23,844952.47,30
INV-001968,PO-001992,DEL-001968,SUP-004,2025-03-28,2025-04-27,499316.8,30
INV-001969,PO-001993,DEL-001969,SUP-004,2025-03-27,2025-04-26,794345.95,30
INV-001970,PO-001994,DEL-001970,SUP-004,2025-03-31,2025-04-30,841181.5,30
INV-001971,PO-001995,DEL-001971,SUP-004,2025-04-02,2025-05-02,631538.64,30
INV-001972,PO-001996,DEL-001972,SUP-004,2025-04-05,2025-05-05,901827.99,30
INV-001973,PO-001997,DEL-001973,SUP-004,2025-04-04,2025-05-04,626692.14,30
INV-001974,PO-001998,DEL-001974,SUP-004,2025-04-08,2025-05-08,588984.29,30
INV-001975,PO-001999,DEL-001975,SUP-004,2025-04-11,2025-05-11,407130.48,30
INV-001976,PO-002000,DEL-001976,SUP-004,2025-04-12,2025-05-12,599613.93,30
INV-001977,PO-002001,DEL-001977,SUP-004,2025-04-13,2025-05-13,693318.95,30
INV-001978,PO-002002,DEL-001978,SUP-004,2025-04-15,2025-05-15,551368.24,30
INV-001979,PO-002003,DEL-001979,SUP-004,2025-04-18,2025-05-18,661266.66,30
INV-001980,PO-002004,DEL-001980,SUP-004,2025-04-20,2025-05-20,657407.62,30
INV-001981,PO-002005,DEL-001981,SUP-004,2025-04-21,2025-05-21,658984.59,30
INV-001982,PO-002006,DEL-001982,SUP-004,2025-04-23,2025-05-23,446822.37,30
INV-001983,PO-002007,DEL-001983,SUP-004,2025-04-24,2025-05-24,723807.36,30
INV-001984,PO-002008,DEL-001984,SUP-004,2025-04-29,2025-05-29,697468.17,30
INV-001985,PO-002009,DEL-001985,SUP-004,2025-04-29,2025-05-29,578183.4,30
INV-001986,PO-002010,DEL-001986,SUP-004,2025-05-01,2025-05-31,684286.49,30
INV-001987,PO-002011,DEL-001987,SUP-004,2025-05-05,2025-06-04,537914.88,30
INV-001988,PO-002012,DEL-001988,SUP-004,2025-05-07,2025-06-06,602046.26,30
INV-001989,PO-002013,DEL-001989,SUP-004,2025-05-07,2025-06-06,436821.52,30
INV-001990,PO-002014,DEL-001990,SUP-004,2025-05-11,2025-06-10,670233.1,30
INV-001991,PO-002015,DEL-001991,SUP-004,2025-05-14,2025-06-13,737222.07,30
INV-001992,PO-002016,DEL-001992,SUP-004,2025-05-14,2025-06-13,571371.12,30
INV-001993,PO-002017,DEL-001993,SUP-004,2025-05-16,2025-06-15,603176.39,30
INV-001994,PO-002018,DEL-001994,SUP-004,2025-05-18,2025-06-17,588536.23,30
INV-001995,PO-002019,DEL-001995,SUP-004,2025-05-20,2025-06-19,608933.36,30
INV-001996,PO-002020,DEL-001996,SUP-004,2025-05-23,2025-06-22,409441.95,30
INV-001997,PO-002021,DEL-001997,SUP-004,2025-05-25,2025-06-24,580638.08,30
INV-001998,PO-002022,DEL-001998,SUP-004,2025-05-28,2025-06-27,659567.22,30
INV-001999,PO-002023,DEL-001999,SUP-004,2025-05-28,2025-06-27,482864.14,30
INV-002000,PO-002024,DEL-002000,SUP-004,2025-05-28,2025-06-27,529186.73,30
INV-002001,PO-002025,DEL-002001,SUP-004,2025-06-06,2025-07-06,600499.02,30
INV-002002,PO-002026,DEL-002002,SUP-004,2025-06-03,2025-07-03,623397.9,30
INV-002003,PO-002027,DEL-002003,SUP-004,2025-06-03,2025-07-03,419100.51,30
INV-002004,PO-002028,DEL-002004,SUP-004,2025-06-09,2025-07-09,577978.47,30
INV-002005,PO-002030,DEL-002005,SUP-004,2025-06-12,2025-07-12,462330.6,30
INV-002006,PO-002031,DEL-002006,SUP-004,2025-06-12,2025-07-12,578879.38,30
INV-002007,PO-002032,DEL-002007,SUP-004,2025-06-14,2025-07-14,553888.52,30
INV-002008,PO-002033,DEL-002008,SUP-004,2025-06-18,2025-07-18,646008.53,30
INV-002009,PO-002034,DEL-002009,SUP-004,2025-06-18,2025-07-18,403345.89,30
INV-002010,PO-002035,DEL-002010,SUP-004,2025-06-21,2025-07-21,606791.16,30
INV-002011,PO-002036,DEL-002011,SUP-004,2025-06-24,2025-07-24,652981.32,30
INV-002012,PO-002037,DEL-002012,SUP-004,2025-06-23,2025-07-23,418490.72,30
INV-002013,PO-002038,DEL-002013,SUP-004,2025-06-30,2025-07-30,565048.21,30
INV-002014,PO-002039,DEL-002014,SUP-004,2025-06-27,2025-07-27,541486.42,30
INV-002015,PO-002040,DEL-002015,SUP-004,2025-06-30,2025-07-30,632077.46,30
INV-002016,PO-002041,DEL-002016,SUP-004,2025-07-01,2025-07-31,198899.08,30
INV-002017,PO-002042,DEL-002017,SUP-004,2025-01-03,2025-02-02,426493.28,30
INV-002018,PO-002043,DEL-002018,SUP-004,2025-01-07,2025-02-06,472517.98,30
INV-002019,PO-002044,DEL-002019,SUP-004,2025-01-07,2025-02-06,396204.44,30
INV-002020,PO-002045,DEL-002020,SUP-004,2025-01-08,2025-02-07,363040.57,30
INV-002021,PO-002046,DEL-002021,SUP-004,2025-01-12,2025-02-11,503542.05,30
INV-002022,PO-002047,DEL-002022,SUP-004,2025-01-12,2025-02-11,502966.22,30
INV-002023,PO-002048,DEL-002023,SUP-004,2025-01-19,2025-02-18,333217.91,30
INV-002024,PO-002049,DEL-002024,SUP-004,2025-01-17,2025-02-16,385648.95,30
INV-002025,PO-002050,DEL-002025,SUP-004,2025-01-18,2025-02-17,560690.54,30
INV-002026,PO-002051,DEL-002026,SUP-004,2025-01-21,2025-02-20,418277.49,30
INV-002027,PO-002052,DEL-002027,SUP-004,2025-01-22,2025-02-21,317871.16,30
INV-002028,PO-002053,DEL-002028,SUP-004,2025-01-26,2025-02-25,476972.86,30
INV-002029,PO-002054,DEL-002029,SUP-004,2025-01-27,2025-02-26,505132.68,30
INV-002030,PO-002055,DEL-002030,SUP-004,2025-01-30,2025-03-01,341601.34,30
INV-002031,PO-002056,DEL-002031,SUP-004,2025-02-02,2025-03-04,413477.11,30
INV-002032,PO-002057,DEL-002032,SUP-004,2025-02-01,2025-03-03,519123.83,30
INV-002033,PO-002058,DEL-002033,SUP-004,2025-02-03,2025-03-05,410213.36,30
INV-002034,PO-002059,DEL-002034,SUP-004,2025-02-07,2025-03-09,392586.99,30
INV-002035,PO-002060,DEL-002035,SUP-004,2025-02-13,2025-03-15,460411.09,30
INV-002036,PO-002061,DEL-002036,SUP-004,2025-02-09,2025-03-11,505536.41,30
INV-002037,PO-002063,DEL-002037,SUP-004,2025-02-13,2025-03-15,396381.91,30
INV-002038,PO-002064,DEL-002038,SUP-004,2025-02-18,2025-03-20,510255.45,30
INV-002039,PO-002065,DEL-002039,SUP-004,2025-02-18,2025-03-20,420326.47,30
INV-002040,PO-002066,DEL-002040,SUP-004,2025-02-19,2025-03-21,363510.24,30
INV-002041,PO-002067,DEL-002041,SUP-004,2025-02-22,2025-03-24,491573.71,30
INV-002042,PO-002068,DEL-002042,SUP-004,2025-02-25,2025-03-27,459530.08,30
INV-002043,PO-002070,DEL-002043,SUP-004,2025-03-01,2025-03-31,397949.31,30
INV-002044,PO-002071,DEL-002044,SUP-004,2025-03-08,2025-04-07,622552.87,30
INV-002045,PO-002072,DEL-002045,SUP-004,2025-03-04,2025-04-03,513368.29,30
INV-002046,PO-002073,DEL-002046,SUP-004,2025-03-06,2025-04-05,447161.65,30
INV-002047,PO-002074,DEL-002047,SUP-004,2025-03-07,2025-04-06,615486.36,30
INV-002048,PO-002075,DEL-002048,SUP-004,2025-03-11,2025-04-10,695874.35,30
INV-002049,PO-002076,DEL-002049,SUP-004,2025-03-15,2025-04-14,461075.36,30
INV-002050,PO-002077,DEL-002050,SUP-004,2025-03-14,2025-04-13,542004.07,30
INV-002051,PO-002078,DEL-002051,SUP-004,2025-03-18,2025-04-17,714700.58,30
INV-002052,PO-002079,DEL-002052,SUP-004,2025-03-19,2025-04-18,539858.54,30
INV-002053,PO-002080,DEL-002053,SUP-004,2025-03-21,2025-04-20,461790.81,30
INV-002054,PO-002081,DEL-002054,SUP-004,2025-03-23,2025-04-22,552203.91,30
INV-002055,PO-002082,DEL-002055,SUP-004,2025-03-29,2025-04-28,738856.91,30
INV-002056,PO-002083,DEL-002056,SUP-004,2025-03-27,2025-04-26,428911.25,30
INV-002057,PO-002084,DEL-002057,SUP-004,2025-03-31,2025-04-30,514487.79,30
INV-002058,PO-002085,DEL-002058,SUP-004,2025-04-01,2025-05-01,662091.81,30
INV-002059,PO-002086,DEL-002059,SUP-004,2025-04-02,2025-05-02,600647.17,30
INV-002060,PO-002087,DEL-002060,SUP-004,2025-04-04,2025-05-04,504760.51,30
INV-002061,PO-002088,DEL-002061,SUP-004,2025-04-10,2025-05-10,467606.05,30
INV-002062,PO-002089,DEL-002062,SUP-004,2025-04-07,2025-05-07,522555.17,30
INV-002063,PO-002090,DEL-002063,SUP-004,2025-04-10,2025-05-10,325105.32,30
INV-002064,PO-002091,DEL-002064,SUP-004,2025-04-12,2025-05-12,430791.57,30
INV-002065,PO-002092,DEL-002065,SUP-004,2025-04-13,2025-05-13,624268.1,30
INV-002066,PO-002093,DEL-002066,SUP-004,2025-04-14,2025-05-14,434996.26,30
INV-002067,PO-002094,DEL-002067,SUP-004,2025-04-18,2025-05-18,394398.96,30
INV-002068,PO-002095,DEL-002068,SUP-004,2025-04-18,2025-05-18,526882.96,30
INV-002069,PO-002096,DEL-002069,SUP-004,2025-04-24,2025-05-24,643631.74,30
INV-002070,PO-002097,DEL-002070,SUP-004,2025-04-24,2025-05-24,414187.94,30
INV-002071,PO-002098,DEL-002071,SUP-004,2025-04-27,2025-05-27,455707.52,30
INV-002072,PO-002099,DEL-002072,SUP-004,2025-04-26,2025-05-26,575068.7,30
INV-002073,PO-002100,DEL-002073,SUP-004,2025-04-30,2025-05-30,468088.22,30
INV-002074,PO-002101,DEL-002074,SUP-004,2025-05-05,2025-06-04,441332.82,30
INV-002075,PO-002102,DEL-002075,SUP-004,2025-05-03,2025-06-02,551284.91,30
INV-002076,PO-002103,DEL-002076,SUP-004,2025-05-05,2025-06-04,538887.0,30
INV-002077,PO-002104,DEL-002077,SUP-004,2025-05-07,2025-06-06,370688.66,30
INV-002078,PO-002105,DEL-002078,SUP-004,2025-05-09,2025-06-08,391252.14,30
INV-002079,PO-002106,DEL-002079,SUP-004,2025-05-10,2025-06-09,582310.79,30
INV-002080,PO-002107,DEL-002080,SUP-004,2025-05-12,2025-06-11,487903.92,30
INV-002081,PO-002108,DEL-002081,SUP-004,2025-05-15,2025-06-14,435451.53,30
INV-002082,PO-002109,DEL-002082,SUP-004,2025-05-16,2025-06-15,490440.1,30
INV-002083,PO-002110,DEL-002083,SUP-004,2025-05-18,2025-06-17,513633.36,30
INV-002084,PO-002111,DEL-002084,SUP-004,2025-05-21,2025-06-20,299063.05,30
INV-002085,PO-002112,DEL-002085,SUP-004,2025-05-24,2025-06-23,399701.64,30
INV-002086,PO-002113,DEL-002086,SUP-004,2025-05-25,2025-06-24,496640.93,30
INV-002087,PO-002114,DEL-002087,SUP-004,2025-05-26,2025-06-25,378988.92,30
INV-002088,PO-002115,DEL-002088,SUP-004,2025-05-28,2025-06-27,356941.12,30
INV-002089,PO-002116,DEL-002089,SUP-004,2025-05-31,2025-06-30,455481.95,30
INV-002090,PO-002117,DEL-002090,SUP-004,2025-06-01,2025-07-01,496565.76,30
INV-002091,PO-002118,DEL-002091,SUP-004,2025-06-04,2025-07-04,337053.46,30
INV-002092,PO-002119,DEL-002092,SUP-004,2025-06-06,2025-07-06,370027.58,30
INV-002093,PO-002120,DEL-002093,SUP-004,2025-06-10,2025-07-10,515147.24,30
INV-002094,PO-002121,DEL-002094,SUP-004,2025-06-11,2025-07-11,407276.64,30
INV-002095,PO-002122,DEL-002095,SUP-004,2025-06-13,2025-07-13,354920.28,30
INV-002096,PO-002123,DEL-002096,SUP-004,2025-06-20,2025-07-20,464122.87,30
INV-002097,PO-002124,DEL-002097,SUP-004,2025-06-17,2025-07-17,499610.23,30
INV-002098,PO-002125,DEL-002098,SUP-004,2025-06-19,2025-07-19,366886.81,30
INV-002099,PO-002126,DEL-002099,SUP-004,2025-06-20,2025-07-20,387994.04,30
INV-002100,PO-002127,DEL-002100,SUP-004,2025-06-22,2025-07-22,578150.69,30
INV-002101,PO-002128,DEL-002101,SUP-004,2025-06-24,2025-07-24,439558.69,30
INV-002102,PO-002129,DEL-002102,SUP-004,2025-06-25,2025-07-25,387677.25,30
INV-002103,PO-002130,DEL-002103,SUP-004,2025-06-27,2025-07-27,500322.34,30
INV-002104,PO-002131,DEL-002104,SUP-004,2025-06-29,2025-07-29,522708.58,30
INV-002105,PO-002132,DEL-002105,SUP-004,2025-07-03,2025-08-02,173863.82,30
INV-002106,PO-002133,DEL-002106,SUP-005,2025-01-03,2025-01-17,25748.55,14
INV-002107,PO-002134,DEL-002107,SUP-005,2025-01-08,2025-01-22,32935.69,14
INV-002108,PO-002135,DEL-002108,SUP-005,2025-01-07,2025-01-21,24095.14,14
INV-002109,PO-002136,DEL-002109,SUP-005,2025-01-08,2025-01-22,21592.91,14
INV-002110,PO-002137,DEL-002110,SUP-005,2025-01-11,2025-01-25,23741.43,14
INV-002111,PO-002138,DEL-002111,SUP-005,2025-01-16,2025-01-30,28949.04,14
INV-002112,PO-002139,DEL-002112,SUP-005,2025-01-16,2025-01-30,19096.88,14
INV-002113,PO-002140,DEL-002113,SUP-005,2025-01-17,2025-01-31,23254.13,14
INV-002114,PO-002141,DEL-002114,SUP-005,2025-01-20,2025-02-03,33399.09,14
INV-002115,PO-002142,DEL-002115,SUP-005,2025-01-20,2025-02-03,20401.59,14
INV-002116,PO-002143,DEL-002116,SUP-005,2025-01-22,2025-02-05,19740.86,14
INV-002117,PO-002144,DEL-002117,SUP-005,2025-01-24,2025-02-07,21242.82,14
INV-002118,PO-002145,DEL-002118,SUP-005,2025-01-26,2025-02-09,31222.12,14
INV-002119,PO-002146,DEL-002119,SUP-005,2025-01-29,2025-02-12,19237.17,14
INV-002120,PO-002147,DEL-002120,SUP-005,2025-02-05,2025-02-19,18911.91,14
INV-002121,PO-002148,DEL-002121,SUP-005,2025-02-04,2025-02-18,34378.82,14
INV-002122,PO-002149,DEL-002122,SUP-005,2025-02-07,2025-02-21,21856.63,14
INV-002123,PO-002150,DEL-002123,SUP-005,2025-02-05,2025-02-19,17456.0,14
INV-002124,PO-002151,DEL-002124,SUP-005,2025-02-07,2025-02-21,27913.95,14
INV-002125,PO-002152,DEL-002125,SUP-005,2025-02-11,2025-02-25,23532.82,14
INV-002126,PO-002153,DEL-002126,SUP-005,2025-02-14,2025-02-28,22679.44,14
INV-002127,PO-002154,DEL-002127,SUP-005,2025-02-15,2025-03-01,25410.43,14
INV-002128,PO-002155,DEL-002128,SUP-005,2025-02-17,2025-03-03,32331.75,14
INV-002129,PO-002156,DEL-002129,SUP-005,2025-02-19,2025-03-05,21357.23,14
INV-002130,PO-002157,DEL-002130,SUP-005,2025-02-21,2025-03-07,18257.22,14
INV-002131,PO-002158,DEL-002131,SUP-005,2025-02-23,2025-03-09,28924.84,14
INV-002132,PO-002159,DEL-002132,SUP-005,2025-02-27,2025-03-13,25968.86,14
INV-002133,PO-002160,DEL-002133,SUP-005,2025-02-26,2025-03-12,18993.38,14
INV-002134,PO-002161,DEL-002134,SUP-005,2025-02-27,2025-03-13,17004.7,14
INV-002135,PO-002162,DEL-002135,SUP-005,2025-03-03,2025-03-17,45057.85,14
INV-002136,PO-002163,DEL-002136,SUP-005,2025-03-05,2025-03-19,37797.63,14
INV-002137,PO-002164,DEL-002137,SUP-005,2025-03-06,2025-03-20,31241.15,14
INV-002138,PO-002165,DEL-002138,SUP-005,2025-03-07,2025-03-21,38362.93,14
INV-002139,PO-002166,DEL-002139,SUP-005,2025-03-11,2025-03-25,39891.85,14
INV-002140,PO-002167,DEL-002140,SUP-005,2025-03-14,2025-03-28,28232.96,14
INV-002141,PO-002168,DEL-002141,SUP-005,2025-03-18,2025-04-01,29261.4,14
INV-002142,PO-002169,DEL-002142,SUP-005,2025-03-17,2025-03-31,53619.6,14
INV-002143,PO-002170,DEL-002143,SUP-005,2025-03-17,2025-03-31,41893.75,14
INV-002144,PO-002171,DEL-002144,SUP-005,2025-03-19,2025-04-02,33105.83,14
INV-002145,PO-002172,DEL-002145,SUP-005,2025-03-21,2025-04-04,47207.35,14
INV-002146,PO-002173,DEL-002146,SUP-005,2025-03-24,2025-04-07,48118.16,14
INV-002147,PO-002174,DEL-002147,SUP-005,2025-03-25,2025-04-08,36370.04,14
INV-002148,PO-002175,DEL-002148,SUP-005,2025-03-27,2025-04-10,39719.51,14
INV-002149,PO-002176,DEL-002149,SUP-005,2025-03-29,2025-04-12,56226.01,14
INV-002150,PO-002177,DEL-002150,SUP-005,2025-03-31,2025-04-14,41252.6,14
INV-002151,PO-002178,DEL-002151,SUP-005,2025-04-04,2025-04-18,37602.19,14
INV-002152,PO-002179,DEL-002152,SUP-005,2025-04-04,2025-04-18,29073.33,14
INV-002153,PO-002180,DEL-002153,SUP-005,2025-04-09,2025-04-23,32820.47,14
INV-002154,PO-002181,DEL-002154,SUP-005,2025-04-08,2025-04-22,14691.64,14
INV-002155,PO-002182,DEL-002155,SUP-005,2025-04-13,2025-04-27,24466.63,14
INV-002156,PO-002183,DEL-002156,SUP-005,2025-04-16,2025-04-30,35409.69,14
INV-002157,PO-002184,DEL-002157,SUP-005,2025-04-17,2025-05-01,23305.39,14
INV-002158,PO-002185,DEL-002158,SUP-005,2025-04-17,2025-05-01,19756.04,14
INV-002159,PO-002187,DEL-002159,SUP-005,2025-04-22,2025-05-06,31746.62,14
INV-002160,PO-002188,DEL-002160,SUP-005,2025-04-23,2025-05-07,19228.86,14
INV-002161,PO-002189,DEL-002161,SUP-005,2025-04-26,2025-05-10,21820.12,14
INV-002162,PO-002190,DEL-002162,SUP-005,2025-04-28,2025-05-12,28357.42,14
INV-002163,PO-002191,DEL-002163,SUP-005,2025-04-28,2025-05-12,27614.95,14
INV-002164,PO-002192,DEL-002164,SUP-005,2025-04-30,2025-05-14,25359.37,14
INV-002165,PO-002193,DEL-002165,SUP-005,2025-05-02,2025-05-16,30515.66,14
INV-002166,PO-002194,DEL-002166,SUP-005,2025-05-06,2025-05-20,31398.22,14
INV-002167,PO-002195,DEL-002167,SUP-005,2025-05-11,2025-05-25,19146.68,14
INV-002168,PO-002196,DEL-002168,SUP-005,2025-05-08,2025-05-22,28303.4,14
INV-002169,PO-002197,DEL-002169,SUP-005,2025-05-11,2025-05-25,32670.42,14
INV-002170,PO-002198,DEL-002170,SUP-005,2025-05-12,2025-05-26,21289.18,14
INV-002171,PO-002199,DEL-002171,SUP-005,2025-05-15,2025-05-29,17540.33,14
INV-002172,PO-002200,DEL-002172,SUP-005,2025-05-17,2025-05-31,21765.06,14
INV-002173,PO-002201,DEL-002173,SUP-005,2025-05-20,2025-06-03,28204.42,14
INV-002174,PO-002202,DEL-002174,SUP-005,2025-05-21,2025-06-04,20069.91,14
INV-002175,PO-002203,DEL-002175,SUP-005,2025-05-24,2025-06-07,20960.86,14
INV-002176,PO-002204,DEL-002176,SUP-005,2025-05-26,2025-06-09,26319.22,14
INV-002177,PO-002205,DEL-002177,SUP-005,2025-05-29,2025-06-12,25201.35,14
INV-002178,PO-002206,DEL-002178,SUP-005,2025-05-30,2025-06-13,19978.49,14
INV-002179,PO-002207,DEL-002179,SUP-005,2025-06-03,2025-06-17,28560.29,14
INV-002180,PO-002208,DEL-002180,SUP-005,2025-06-03,2025-06-17,29912.86,14
INV-002181,PO-002209,DEL-002181,SUP-005,2025-06-07,2025-06-21,18769.61,14
INV-002182,PO-002210,DEL-002182,SUP-005,2025-06-07,2025-06-21,23215.61,14
INV-002183,PO-002211,DEL-002183,SUP-005,2025-06-08,2025-06-22,34133.28,14
INV-002184,PO-002212,DEL-002184,SUP-005,2025-06-11,2025-06-25,25192.12,14
INV-002185,PO-002213,DEL-002185,SUP-005,2025-06-13,2025-06-27,21363.89,14
INV-002186,PO-002214,DEL-002186,SUP-005,2025-06-15,2025-06-29,27512.52,14
INV-002187,PO-002215,DEL-002187,SUP-005,2025-06-15,2025-06-29,30308.09,14
INV-002188,PO-002216,DEL-002188,SUP-005,2025-06-21,2025-07-05,17926.91,14
INV-002189,PO-002217,DEL-002189,SUP-005,2025-06-21,2025-07-05,18073.51,14
INV-002190,PO-002218,DEL-002190,SUP-005,2025-06-22,2025-07-06,25012.57,14
INV-002191,PO-002219,DEL-002191,SUP-005,2025-06-26,2025-07-10,26207.49,14
INV-002192,PO-002220,DEL-002192,SUP-005,2025-06-26,2025-07-10,21547.21,14
INV-002193,PO-002221,DEL-002193,SUP-005,2025-06-29,2025-07-13,31970.09,14
INV-002194,PO-002222,DEL-002194,SUP-005,2025-06-30,2025-07-14,33419.58,14
INV-002195,PO-002223,DEL-002195,SUP-005,2025-07-02,2025-07-16,10890.71,14
INV-002196,PO-002224,DEL-002196,SUP-011,2025-01-06,2025-02-20,3319114.42,45
INV-002197,PO-002225,DEL-002197,SUP-011,2025-02-10,2025-03-27,3414363.38,45
INV-002198,PO-002226,DEL-002198,SUP-011,2025-03-10,2025-04-24,7022383.2,45
INV-002199,PO-002227,DEL-002199,SUP-011,2025-04-08,2025-05-23,3472267.71,45
INV-002200,PO-002228,DEL-002200,SUP-011,2025-05-06,2025-06-20,3351676.42,45
INV-002201,PO-002229,DEL-002201,SUP-011,2025-06-07,2025-07-22,3481413.52,45
INV-002202,PO-002231,DEL-002202,SUP-012,2025-01-10,2025-02-24,5411420.94,45
INV-002203,PO-002232,DEL-002203,SUP-012,2025-01-28,2025-03-14,5573958.7,45
INV-002204,PO-002233,DEL-002204,SUP-012,2025-02-22,2025-04-08,6087638.57,45
INV-002205,PO-002234,DEL-002205,SUP-012,2025-03-10,2025-04-24,9709617.73,45
INV-002206,PO-002235,DEL-002206,SUP-012,2025-04-06,2025-05-21,6720578.44,45
INV-002207,PO-002236,DEL-002207,SUP-012,2025-04-22,2025-06-06,5754467.08,45
INV-002208,PO-002237,DEL-002208,SUP-012,2025-05-14,2025-06-28,5407016.28,45
INV-002209,PO-002238,DEL-002209,SUP-012,2025-06-04,2025-07-19,5170676.72,45
INV-002210,PO-002239,DEL-002210,SUP-012,2025-06-26,2025-08-10,3323660.79,45
INV-002211,PO-002240,DEL-002211,SUP-009,2025-01-06,2025-02-05,3858291.82,30
INV-002212,PO-002241,DEL-002212,SUP-009,2025-01-23,2025-02-22,3703617.86,30
INV-002213,PO-002242,DEL-002213,SUP-009,2025-02-03,2025-03-05,3334733.39,30
INV-002214,PO-002243,DEL-002214,SUP-009,2025-02-16,2025-03-18,3569080.9,30
INV-002215,PO-002244,DEL-002215,SUP-009,2025-03-01,2025-03-31,4566200.24,30
INV-002216,PO-002245,DEL-002216,SUP-009,2025-03-16,2025-04-15,4567207.01,30
INV-002217,PO-002246,DEL-002217,SUP-009,2025-03-30,2025-04-29,4468136.86,30
INV-002218,PO-002247,DEL-002218,SUP-009,2025-04-13,2025-05-13,4347364.92,30
INV-002219,PO-002248,DEL-002219,SUP-009,2025-04-27,2025-05-27,4359757.51,30
INV-002220,PO-002249,DEL-002220,SUP-009,2025-05-17,2025-06-16,4297378.28,30
INV-002221,PO-002250,DEL-002221,SUP-009,2025-05-24,2025-06-23,3873240.86,30
INV-002222,PO-002251,DEL-002222,SUP-009,2025-06-08,2025-07-08,4209577.02,30
INV-002223,PO-002252,DEL-002223,SUP-009,2025-06-22,2025-07-22,3753461.32,30
INV-002224,PO-002253,DEL-002224,SUP-009,2025-01-08,2025-02-07,838984.49,30
INV-002225,PO-002254,DEL-002225,SUP-009,2025-01-21,2025-02-20,972289.71,30
INV-002226,PO-002255,DEL-002226,SUP-009,2025-02-02,2025-03-04,1033385.65,30
INV-002227,PO-002256,DEL-002227,SUP-009,2025-02-16,2025-03-18,1000542.89,30
INV-002228,PO-002257,DEL-002228,SUP-009,2025-03-03,2025-04-02,1202268.2,30
INV-002229,PO-002258,DEL-002229,SUP-009,2025-03-16,2025-04-15,1223856.4,30
INV-002230,PO-002259,DEL-002230,SUP-009,2025-03-30,2025-04-29,1201370.8,30
INV-002231,PO-002260,DEL-002231,SUP-009,2025-04-17,2025-05-17,982547.65,30
INV-002232,PO-002261,DEL-002232,SUP-009,2025-04-29,2025-05-29,1149381.5,30
INV-002233,PO-002262,DEL-002233,SUP-009,2025-05-11,2025-06-10,1148443.16,30
INV-002234,PO-002263,DEL-002234,SUP-009,2025-05-25,2025-06-24,977448.06,30
INV-002235,PO-002264,DEL-002235,SUP-009,2025-06-08,2025-07-08,993317.2,30
INV-002236,PO-002265,DEL-002236,SUP-009,2025-06-24,2025-07-24,971059.37,30
INV-002237,PO-002266,DEL-002237,SUP-009,2025-01-06,2025-02-05,1153795.97,30
INV-002238,PO-002267,DEL-002238,SUP-009,2025-01-19,2025-02-18,1106992.88,30
INV-002239,PO-002268,DEL-002239,SUP-009,2025-02-04,2025-03-06,973450.36,30
INV-002240,PO-002269,DEL-002240,SUP-009,2025-02-17,2025-03-19,1120521.55,30
INV-002241,PO-002270,DEL-002241,SUP-009,2025-03-03,2025-04-02,1437914.6,30
INV-002242,PO-002271,DEL-002242,SUP-009,2025-03-16,2025-04-15,1584669.88,30
INV-002243,PO-002272,DEL-002243,SUP-009,2025-03-31,2025-04-30,1415531.51,30
INV-002244,PO-002273,DEL-002244,SUP-009,2025-04-14,2025-05-14,1322665.29,30
INV-002245,PO-002274,DEL-002245,SUP-009,2025-04-28,2025-05-28,1415036.48,30
INV-002246,PO-002275,DEL-002246,SUP-009,2025-05-10,2025-06-09,1317504.23,30
INV-002247,PO-002276,DEL-002247,SUP-009,2025-05-27,2025-06-26,1261202.22,30
INV-002248,PO-002277,DEL-002248,SUP-009,2025-06-09,2025-07-09,1178912.51,30
INV-002249,PO-002278,DEL-002249,SUP-009,2025-06-21,2025-07-21,1245902.07,30
INV-002250,PO-002279,DEL-002250,SUP-008,2025-01-09,2025-03-10,10149258.13,60
INV-002251,PO-002280,DEL-002251,SUP-008,2025-02-07,2025-04-08,10686601.3,60
INV-002252,PO-002281,DEL-002252,SUP-008,2025-03-10,2025-05-09,21389249.68,60
INV-002253,PO-002282,DEL-002253,SUP-008,2025-04-08,2025-06-07,12512876.45,60
INV-002254,PO-002283,DEL-002254,SUP-008,2025-05-10,2025-07-09,12395805.75,60
INV-002255,PO-002284,DEL-002255,SUP-008,2025-06-08,2025-08-07,10997190.95,60
INV-002256,PO-002285,DEL-002256,SUP-008,2025-07-09,2025-09-07,270488.8,60
INV-002257,PO-002286,DEL-002257,SUP-008,2025-01-09,2025-03-10,3012290.04,60
INV-002258,PO-002287,DEL-002258,SUP-008,2025-02-09,2025-04-10,3255051.55,60
INV-002259,PO-002288,DEL-002259,SUP-008,2025-03-09,2025-05-08,3828301.98,60
INV-002260,PO-002289,DEL-002260,SUP-008,2025-04-08,2025-06-07,2894717.64,60
INV-002261,PO-002290,DEL-002261,SUP-008,2025-05-11,2025-07-10,3166026.81,60
INV-002262,PO-002291,DEL-002262,SUP-008,2025-06-09,2025-08-08,2928345.49,60
INV-002263,PO-002292,DEL-002263,SUP-008,2025-07-07,2025-09-05,73026.54,60
INV-002264,PO-002293,DEL-002264,SUP-008,2025-01-10,2025-03-11,7029248.03,60
INV-002265,PO-002294,DEL-002265,SUP-008,2025-02-07,2025-04-08,6542870.38,60
INV-002266,PO-002295,DEL-002266,SUP-008,2025-03-11,2025-05-10,9391951.16,60
INV-002267,PO-002296,DEL-002267,SUP-008,2025-04-09,2025-06-08,7029727.99,60
INV-002268,PO-002297,DEL-002268,SUP-008,2025-05-09,2025-07-08,7388911.2,60
INV-002269,PO-002298,DEL-002269,SUP-008,2025-06-09,2025-08-08,6849762.73,60
INV-002270,PO-002299,DEL-002270,SUP-008,2025-07-08,2025-09-06,189564.38,60
INV-002271,PO-002300,DEL-002271,SUP-008,2025-01-10,2025-03-11,6220129.81,60
INV-002272,PO-002301,DEL-002272,SUP-008,2025-02-08,2025-04-09,6148820.29,60
INV-002273,PO-002302,DEL-002273,SUP-008,2025-03-11,2025-05-10,8698226.68,60
INV-002274,PO-002303,DEL-002274,SUP-008,2025-04-10,2025-06-09,7217319.79,60
INV-002275,PO-002304,DEL-002275,SUP-008,2025-05-10,2025-07-09,7669787.64,60
INV-002276,PO-002305,DEL-002276,SUP-008,2025-06-09,2025-08-08,7538731.93,60
INV-002277,PO-002306,DEL-002277,SUP-008,2025-07-09,2025-09-07,206644.97,60
INV-002278,PO-002307,DEL-002278,SUP-008,2025-01-09,2025-03-10,1525407.12,60
INV-002279,PO-002308,DEL-002279,SUP-008,2025-02-07,2025-04-08,1972831.54,60
INV-002280,PO-002309,DEL-002280,SUP-008,2025-03-09,2025-05-08,2672919.44,60
INV-002281,PO-002310,DEL-002281,SUP-008,2025-04-08,2025-06-07,2276420.3,60
INV-002282,PO-002311,DEL-002282,SUP-008,2025-05-09,2025-07-08,2312874.36,60
INV-002283,PO-002312,DEL-002283,SUP-008,2025-06-08,2025-08-07,2371744.52,60
INV-002284,PO-002313,DEL-002284,SUP-008,2025-07-09,2025-09-07,60287.43,60
INV-002285,PO-002314,DEL-002285,SUP-008,2025-01-09,2025-03-10,782119.86,60
INV-002286,PO-002315,DEL-002286,SUP-008,2025-02-07,2025-04-08,794879.39,60
INV-002287,PO-002316,DEL-002287,SUP-008,2025-03-11,2025-05-10,929627.46,60
INV-002288,PO-002317,DEL-002288,SUP-008,2025-04-10,2025-06-09,907154.16,60
INV-002289,PO-002318,DEL-002289,SUP-008,2025-05-08,2025-07-07,731844.22,60
INV-002290,PO-002319,DEL-002290,SUP-008,2025-06-08,2025-08-07,778895.44,60
INV-002291,PO-002320,DEL-002291,SUP-008,2025-07-08,2025-09-06,19558.78,60
