payment_id,invoice_id,supplier_id,payment_date,amount_pkr,days_vs_due
PAY-000001,INV-000001,SUP-001,2025-02-07,2755569.2,1
PAY-000002,INV-000002,SUP-001,2025-02-16,2501800.43,6
PAY-000003,INV-000003,SUP-001,2025-02-07,2585508.16,-1
PAY-000004,INV-000004,SUP-001,2025-02-20,3068143.08,6
PAY-000005,INV-000005,SUP-001,2025-02-13,2352379.23,-1
PAY-000006,INV-000006,SUP-001,2025-02-20,3043450.65,3
PAY-000007,INV-000007,SUP-001,2025-02-23,2012709.14,2
PAY-000008,INV-000008,SUP-001,2025-02-21,2841216.96,-2
PAY-000009,INV-000009,SUP-001,2025-03-02,2188778.54,2
PAY-000010,INV-000010,SUP-001,2025-03-07,2615244.71,4
PAY-000011,INV-000011,SUP-001,2025-03-06,2962007.01,0
PAY-000012,INV-000012,SUP-001,2025-03-11,2726720.85,2
PAY-000013,INV-000013,SUP-001,2025-03-10,2657278.65,-1
PAY-000014,INV-000014,SUP-001,2025-03-14,2156358.52,-1
PAY-000015,INV-000015,SUP-001,2025-03-13,2895973.77,-4
PAY-000016,INV-000016,SUP-001,2025-03-19,2980428.45,0
PAY-000017,INV-000017,SUP-001,2025-03-26,2101643.8,2
PAY-000018,INV-000018,SUP-001,2025-03-29,3398137.02,2
PAY-000019,INV-000019,SUP-001,2025-03-29,2338699.33,1
PAY-000020,INV-000020,SUP-001,2025-03-29,3514552.73,-2
PAY-000021,INV-000021,SUP-001,2025-04-06,3463119.57,2
PAY-000022,INV-000022,SUP-001,2025-04-09,4018502.37,2
PAY-000023,INV-000023,SUP-001,2025-04-11,3347039.55,2
PAY-000024,INV-000024,SUP-001,2025-04-18,3936415.79,5
PAY-000025,INV-000025,SUP-001,2025-04-21,4740442.14,2
PAY-000026,INV-000026,SUP-001,2025-04-18,3035668.1,0
PAY-000027,INV-000027,SUP-001,2025-04-23,4418746.14,1
PAY-000028,INV-000028,SUP-001,2025-04-26,3743937.97,2
PAY-000029,INV-000029,SUP-001,2025-04-29,4964974.8,2
PAY-000030,INV-000030,SUP-001,2025-05-01,3650433.57,1
PAY-000031,INV-000031,SUP-001,2025-05-05,3849814.61,-1
PAY-000032,INV-000032,SUP-001,2025-05-07,2867865.63,-1
PAY-000033,INV-000033,SUP-001,2025-05-10,2613676.17,-1
PAY-000034,INV-000034,SUP-001,2025-05-17,3594235.49,2
PAY-000035,INV-000035,SUP-001,2025-05-19,2290013.12,2
PAY-000036,INV-000036,SUP-001,2025-06-03,3716604.65,15
PAY-000037,INV-000037,SUP-001,2025-05-22,3336684.64,1
PAY-000038,INV-000038,SUP-001,2025-05-21,3209417.84,-3
PAY-000039,INV-000039,SUP-001,2025-05-25,3833614.31,-3
PAY-000040,INV-000040,SUP-001,2025-05-29,3099379.23,-1
PAY-000041,INV-000041,SUP-001,2025-06-05,3099024.78,-1
PAY-000042,INV-000042,SUP-001,2025-06-14,2408624.19,7
PAY-000043,INV-000043,SUP-001,2025-06-11,3068872.89,1
PAY-000044,INV-000044,SUP-001,2025-06-20,2880699.16,9
PAY-000045,INV-000045,SUP-001,2025-06-16,2499113.95,-1
PAY-000046,INV-000046,SUP-001,2025-06-19,2730162.27,1
PAY-000047,INV-000047,SUP-001,2025-06-20,2292555.85,0
PAY-000048,INV-000048,SUP-001,2025-06-29,2717024.18,5
PAY-000049,INV-000049,SUP-001,2025-07-01,1930773.37,2
PAY-000050,INV-000050,SUP-001,2025-07-07,2407131.31,7
PAY-000051,INV-000051,SUP-001,2025-07-08,2486793.84,2
PAY-000052,INV-000052,SUP-001,2025-07-06,2226983.93,-1
PAY-000053,INV-000053,SUP-001,2025-07-08,2611572.55,-2
PAY-000054,INV-000054,SUP-001,2025-07-14,2182247.95,1
PAY-000055,INV-000055,SUP-001,2025-07-25,2652021.18,11
PAY-000056,INV-000056,SUP-001,2025-07-27,2002790.66,9
PAY-000057,INV-000057,SUP-001,2025-07-23,2624882.59,2
PAY-000058,INV-000058,SUP-001,2025-07-28,2196255.89,-1
PAY-000059,INV-000059,SUP-001,2025-07-29,2133147.1,0
PAY-000060,INV-000060,SUP-001,2025-08-13,2550981.35,14
PAY-000061,INV-000061,SUP-001,2025-08-02,595765.93,1
PAY-000062,INV-000062,SUP-001,2025-02-03,3328638.52,1
PAY-000063,INV-000063,SUP-001,2025-02-11,2664333.56,2
PAY-000064,INV-000064,SUP-001,2025-02-13,2285021.91,2
PAY-000065,INV-000065,SUP-001,2025-02-27,2951963.2,10
PAY-000066,INV-000066,SUP-001,2025-02-25,2069443.29,9
PAY-000067,INV-000067,SUP-001,2025-02-16,3897719.44,-1
PAY-000068,INV-000068,SUP-001,2025-02-23,2419824.21,1
PAY-000069,INV-000069,SUP-001,2025-02-25,3015551.24,0
PAY-000070,INV-000070,SUP-001,2025-02-25,3210430.29,-1
PAY-000071,INV-000071,SUP-001,2025-03-06,2419360.54,2
PAY-000072,INV-000072,SUP-001,2025-03-02,3910582.06,-3
PAY-000073,INV-000073,SUP-001,2025-03-07,2481903.22,-1
PAY-000074,INV-000074,SUP-001,2025-03-07,3931701.51,-4
PAY-000075,INV-000075,SUP-001,2025-03-14,2680873.49,0
PAY-000076,INV-000076,SUP-001,2025-03-17,3346285.88,-1
PAY-000077,INV-000077,SUP-001,2025-03-20,3161559.55,1
PAY-000078,INV-000078,SUP-001,2025-03-20,2637885.84,-2
PAY-000079,INV-000079,SUP-001,2025-03-26,4256750.45,0
PAY-000080,INV-000080,SUP-001,2025-03-28,2571466.19,-1
PAY-000081,INV-000081,SUP-001,2025-04-02,5041414.68,0
PAY-000082,INV-000082,SUP-001,2025-04-03,4860641.35,-1
PAY-000083,INV-000083,SUP-001,2025-04-10,6062463.29,2
PAY-000084,INV-000084,SUP-001,2025-04-12,7089606.35,-1
PAY-000085,INV-000085,SUP-001,2025-04-16,4904407.18,2
PAY-000086,INV-000086,SUP-001,2025-04-15,7699303.36,0
PAY-000087,INV-000087,SUP-001,2025-04-22,5052445.1,2
PAY-000088,INV-000088,SUP-001,2025-04-21,8007214.39,-1
PAY-000089,INV-000089,SUP-001,2025-04-28,4993118.92,1
PAY-000090,INV-000090,SUP-001,2025-04-30,5655552.34,2
PAY-000091,INV-000091,SUP-001,2025-05-04,6296920.54,0
PAY-000092,INV-000092,SUP-001,2025-05-12,3594943.04,6
PAY-000093,INV-000093,SUP-001,2025-05-15,4309159.1,2
PAY-000094,INV-000094,SUP-001,2025-05-07,2464257.1,-3
PAY-000095,INV-000095,SUP-001,2025-05-18,4549124.58,2
PAY-000096,INV-000096,SUP-001,2025-05-17,3192505.82,2
PAY-000097,INV-000097,SUP-001,2025-05-23,3911883.95,5
PAY-000098,INV-000098,SUP-001,2025-05-23,4266159.77,0
PAY-000099,INV-000099,SUP-001,2025-05-31,2810670.62,6
PAY-000100,INV-000100,SUP-001,2025-06-01,5012278.1,3
PAY-000101,INV-000101,SUP-001,2025-06-01,2906226.11,2
PAY-000102,INV-000102,SUP-001,2025-06-03,4120187.42,1
PAY-000103,INV-000103,SUP-001,2025-06-13,2687847.16,8
PAY-000104,INV-000104,SUP-001,2025-06-11,2984188.78,2
PAY-000105,INV-000105,SUP-001,2025-06-09,3276650.67,-4
PAY-000106,INV-000106,SUP-001,2025-06-15,2681785.69,-1
PAY-000107,INV-000107,SUP-001,2025-06-20,3666744.12,2
PAY-000108,INV-000108,SUP-001,2025-06-17,2036164.43,-3
PAY-000109,INV-000109,SUP-001,2025-06-30,3419345.96,1
PAY-000110,INV-000110,SUP-001,2025-06-28,2342936.13,1
PAY-000111,INV-000111,SUP-001,2025-07-04,2986170.67,4
PAY-000112,INV-000112,SUP-001,2025-07-07,2791289.41,5
PAY-000113,INV-000113,SUP-001,2025-07-07,2209839.19,2
PAY-000114,INV-000114,SUP-001,2025-07-09,3210481.33,0
PAY-000115,INV-000115,SUP-001,2025-07-10,2285677.41,-1
PAY-000116,INV-000116,SUP-001,2025-07-13,3389989.89,-1
PAY-000117,INV-000117,SUP-001,2025-08-04,2466582.98,16
PAY-000118,INV-000118,SUP-001,2025-07-23,2999949.88,0
PAY-000119,INV-000119,SUP-001,2025-07-26,2988267.5,1
PAY-000120,INV-000120,SUP-001,2025-07-26,2330428.91,-1
PAY-000121,INV-000121,SUP-001,2025-07-30,3861513.12,-1
PAY-000122,INV-000122,SUP-001,2025-08-22,617640.65,20
PAY-000123,INV-000123,SUP-002,2025-02-05,877848.82,1
PAY-000124,INV-000124,SUP-002,2025-02-10,959720.51,0
PAY-000125,INV-000125,SUP-002,2025-02-11,830360.16,1
PAY-000126,INV-000126,SUP-002,2025-02-15,1162272.51,-1
PAY-000127,INV-000127,SUP-002,2025-02-26,696482.33,8
PAY-000128,INV-000128,SUP-002,2025-02-20,1093371.59,0
PAY-000129,INV-000129,SUP-002,2025-02-20,809543.11,-2
PAY-000130,INV-000130,SUP-002,2025-02-25,929989.54,2
PAY-000131,INV-000131,SUP-002,2025-02-25,944810.82,-1
PAY-000132,INV-000132,SUP-002,2025-03-01,746875.05,-1
PAY-000133,INV-000133,SUP-002,2025-03-07,1171240.16,2
PAY-000134,INV-000134,SUP-002,2025-03-06,746140.94,-1
PAY-000135,INV-000135,SUP-002,2025-03-11,1176475.47,0
PAY-000136,INV-000136,SUP-002,2025-03-13,880279.79,-1
PAY-000137,INV-000137,SUP-002,2025-03-22,1003333.82,5
PAY-000138,INV-000138,SUP-002,2025-03-21,846716.98,0
PAY-000139,INV-000139,SUP-002,2025-03-23,775714.33,0
PAY-000140,INV-000140,SUP-002,2025-03-27,1190025.96,2
PAY-000141,INV-000141,SUP-002,2025-04-04,770168.11,6
PAY-000142,INV-000142,SUP-002,2025-04-02,1182047.33,-1
PAY-000143,INV-000143,SUP-002,2025-04-06,1331467.45,2
PAY-000144,INV-000144,SUP-002,2025-04-08,1412371.77,0
PAY-000145,INV-000145,SUP-002,2025-04-17,1512292.62,7
PAY-000146,INV-000146,SUP-002,2025-04-13,1300621.91,1
PAY-000147,INV-000147,SUP-002,2025-04-16,1829601.98,1
PAY-000148,INV-000148,SUP-002,2025-04-19,1147266.5,-1
PAY-000149,INV-000149,SUP-002,2025-04-29,1630720.02,6
PAY-000150,INV-000150,SUP-002,2025-04-28,1463242.0,-1
PAY-000151,INV-000151,SUP-002,2025-05-01,1237378.43,2
PAY-000152,INV-000152,SUP-002,2025-05-04,1661514.73,1
PAY-000153,INV-000153,SUP-002,2025-05-03,1197834.65,0
PAY-000154,INV-000154,SUP-002,2025-05-10,1052604.63,2
PAY-000155,INV-000155,SUP-002,2025-05-21,806495.19,8
PAY-000156,INV-000156,SUP-002,2025-05-15,1240405.54,1
PAY-000157,INV-000157,SUP-002,2025-05-16,1042630.3,0
PAY-000158,INV-000158,SUP-002,2025-05-25,1295035.48,7
PAY-000159,INV-000159,SUP-002,2025-05-25,1212257.14,2
PAY-000160,INV-000160,SUP-002,2025-06-06,1015497.37,8
PAY-000161,INV-000161,SUP-002,2025-05-28,1418019.31,1
PAY-000162,INV-000162,SUP-002,2025-05-30,933968.46,-1
PAY-000163,INV-000163,SUP-002,2025-06-06,1075805.41,3
PAY-000164,INV-000164,SUP-002,2025-06-08,898969.05,1
PAY-000165,INV-000165,SUP-002,2025-06-17,1027122.46,2
PAY-000166,INV-000166,SUP-002,2025-06-15,1098952.15,2
PAY-000167,INV-000167,SUP-002,2025-06-25,1115792.5,8
PAY-000168,INV-000168,SUP-002,2025-06-22,774509.26,1
PAY-000169,INV-000169,SUP-002,2025-06-24,951529.41,-1
PAY-000170,INV-000170,SUP-002,2025-06-25,846255.93,-3
PAY-000171,INV-000171,SUP-002,2025-06-30,939738.34,0
PAY-000172,INV-000172,SUP-002,2025-07-03,921534.2,1
PAY-000173,INV-000173,SUP-002,2025-07-08,703315.2,2
PAY-000174,INV-000174,SUP-002,2025-07-29,980355.96,20
PAY-000175,INV-000175,SUP-002,2025-07-14,661150.75,0
PAY-000176,INV-000176,SUP-002,2025-07-18,929304.09,3
PAY-000177,INV-000177,SUP-002,2025-07-17,753593.08,0
PAY-000178,INV-000178,SUP-002,2025-07-20,839065.36,-1
PAY-000179,INV-000179,SUP-002,2025-07-29,874249.96,5
PAY-000180,INV-000180,SUP-002,2025-07-28,743912.36,-1
PAY-000181,INV-000181,SUP-002,2025-08-01,975913.31,0
PAY-000182,INV-000182,SUP-002,2025-08-02,234918.41,0
PAY-000183,INV-000183,SUP-001,2025-02-06,4180250.23,0
PAY-000184,INV-000184,SUP-001,2025-02-07,3534206.24,-1
PAY-000185,INV-000185,SUP-001,2025-02-11,2520871.18,1
PAY-000186,INV-000186,SUP-001,2025-02-21,4576682.2,8
PAY-000187,INV-000187,SUP-001,2025-02-22,2625518.69,8
PAY-000188,INV-000188,SUP-001,2025-02-24,4939619.89,7
PAY-000189,INV-000189,SUP-001,2025-03-02,2934882.38,8
PAY-000190,INV-000190,SUP-001,2025-03-01,3686069.47,-1
PAY-000191,INV-000191,SUP-001,2025-03-03,3022791.59,0
PAY-000192,INV-000192,SUP-001,2025-03-08,5133780.07,0
PAY-000193,INV-000193,SUP-001,2025-03-12,4593917.88,1
PAY-000194,INV-000194,SUP-001,2025-03-14,3538648.16,1
PAY-000195,INV-000195,SUP-001,2025-03-22,4428881.77,0
PAY-000196,INV-000196,SUP-001,2025-03-20,4250952.04,-1
PAY-000197,INV-000197,SUP-001,2025-03-24,3340695.35,1
PAY-000198,INV-000198,SUP-001,2025-04-02,5620465.92,6
PAY-000199,INV-000199,SUP-001,2025-04-04,3049165.02,5
PAY-000200,INV-000200,SUP-001,2025-04-11,7204154.77,9
PAY-000201,INV-000201,SUP-001,2025-04-09,5779087.47,5
PAY-000202,INV-000202,SUP-001,2025-04-07,8573816.28,0
PAY-000203,INV-000203,SUP-001,2025-04-10,8200716.49,1
PAY-000204,INV-000204,SUP-001,2025-04-22,6086775.61,9
PAY-000205,INV-000205,SUP-001,2025-04-24,9788357.41,8
PAY-000206,INV-000206,SUP-001,2025-04-22,5762644.19,0
PAY-000207,INV-000207,SUP-001,2025-04-25,9655850.33,2
PAY-000208,INV-000208,SUP-001,2025-04-26,7091652.14,1
PAY-000209,INV-000209,SUP-001,2025-04-29,8096819.43,0
PAY-000210,INV-000210,SUP-001,2025-05-01,7914717.69,0
PAY-000211,INV-000211,SUP-001,2025-05-06,4021008.97,2
PAY-000212,INV-000212,SUP-001,2025-05-04,5117411.48,-3
PAY-000213,INV-000213,SUP-001,2025-05-09,3107174.89,0
PAY-000214,INV-000214,SUP-001,2025-05-16,5430732.53,0
PAY-000215,INV-000215,SUP-001,2025-05-23,3987767.67,7
PAY-000216,INV-000216,SUP-001,2025-05-22,4157062.2,1
PAY-000217,INV-000217,SUP-001,2025-05-24,5026596.74,0
PAY-000218,INV-000218,SUP-001,2025-05-27,4048247.11,1
PAY-000219,INV-000219,SUP-001,2025-06-12,6453741.82,15
PAY-000220,INV-000220,SUP-001,2025-06-03,3330015.67,2
PAY-000221,INV-000221,SUP-001,2025-06-04,5192090.82,1
PAY-000222,INV-000222,SUP-001,2025-06-07,3440684.26,0
PAY-000223,INV-000223,SUP-001,2025-06-09,4067743.68,0
PAY-000224,INV-000224,SUP-001,2025-06-17,4149105.65,3
PAY-000225,INV-000225,SUP-001,2025-06-17,2992479.04,-1
PAY-000226,INV-000226,SUP-001,2025-06-22,4333956.79,2
PAY-000227,INV-000227,SUP-001,2025-06-22,2754801.55,0
PAY-000228,INV-000228,SUP-001,2025-06-25,4816893.84,2
PAY-000229,INV-000229,SUP-001,2025-07-07,2981091.6,9
PAY-000230,INV-000230,SUP-001,2025-07-04,3199100.14,2
PAY-000231,INV-000231,SUP-001,2025-07-06,3992729.75,2
PAY-000232,INV-000232,SUP-001,2025-07-06,2826765.09,-1
PAY-000233,INV-000233,SUP-001,2025-07-09,4328537.53,-1
PAY-000234,INV-000234,SUP-001,2025-07-17,2679609.94,6
PAY-000235,INV-000235,SUP-001,2025-07-16,2883176.03,-3
PAY-000236,INV-000236,SUP-001,2025-07-20,3972884.17,-1
PAY-000237,INV-000237,SUP-001,2025-07-31,3936671.68,6
PAY-000238,INV-000238,SUP-001,2025-07-25,2997068.06,-2
PAY-000239,INV-000239,SUP-001,2025-07-28,4605619.04,-2
PAY-000240,INV-000240,SUP-001,2025-08-03,719418.97,0
PAY-000241,INV-000241,SUP-001,2025-02-04,3393036.96,0
PAY-000242,INV-000242,SUP-001,2025-02-08,3433137.62,1
PAY-000243,INV-000243,SUP-001,2025-02-09,2653518.86,-1
PAY-000244,INV-000244,SUP-001,2025-02-13,4405357.99,0
PAY-000245,INV-000245,SUP-001,2025-02-15,2318067.98,0
PAY-000246,INV-000246,SUP-001,2025-02-19,4121750.26,1
PAY-000247,INV-000247,SUP-001,2025-02-18,2869700.15,-2
PAY-000248,INV-000248,SUP-001,2025-02-20,3036306.83,-3
PAY-000249,INV-000249,SUP-001,2025-02-28,3365526.0,1
PAY-000250,INV-000250,SUP-001,2025-03-03,2592091.74,-3
PAY-000251,INV-000251,SUP-001,2025-03-09,4281487.95,2
PAY-000252,INV-000252,SUP-001,2025-03-15,2710956.16,6
PAY-000253,INV-000253,SUP-001,2025-03-10,4405939.24,-1
PAY-000254,INV-000254,SUP-001,2025-03-13,2573880.89,0
PAY-000255,INV-000255,SUP-001,2025-03-24,3423309.74,7
PAY-000256,INV-000256,SUP-001,2025-03-22,3631653.35,1
PAY-000257,INV-000257,SUP-001,2025-03-31,2605650.14,8
PAY-000258,INV-000258,SUP-001,2025-03-21,4605877.64,-4
PAY-000259,INV-000259,SUP-001,2025-03-28,2622654.47,-1
PAY-000260,INV-000260,SUP-001,2025-04-01,4758251.77,-1
PAY-000261,INV-000261,SUP-001,2025-04-08,4966983.35,5
PAY-000262,INV-000262,SUP-001,2025-04-09,7187202.82,0
PAY-000263,INV-000263,SUP-001,2025-04-20,7206899.48,9
PAY-000264,INV-000264,SUP-001,2025-04-12,5736206.73,0
PAY-000265,INV-000265,SUP-001,2025-04-15,8225894.5,-1
PAY-000266,INV-000266,SUP-001,2025-04-19,4585015.68,-1
PAY-000267,INV-000267,SUP-001,2025-05-07,8164167.0,15
PAY-000268,INV-000268,SUP-001,2025-04-21,5560978.47,-4
PAY-000269,INV-000269,SUP-001,2025-05-17,7081680.71,19
PAY-000270,INV-000270,SUP-001,2025-04-29,6545585.91,-1
PAY-000271,INV-000271,SUP-001,2025-05-05,3649823.24,0
PAY-000272,INV-000272,SUP-001,2025-05-17,4780035.39,9
PAY-000273,INV-000273,SUP-001,2025-05-16,2816823.11,7
PAY-000274,INV-000274,SUP-001,2025-05-17,4594613.94,5
PAY-000275,INV-000275,SUP-001,2025-05-20,3571616.36,5
PAY-000276,INV-000276,SUP-001,2025-05-20,4188705.24,2
PAY-000277,INV-000277,SUP-001,2025-05-23,4432477.08,0
PAY-000278,INV-000278,SUP-001,2025-05-28,3174388.06,2
PAY-000279,INV-000279,SUP-001,2025-05-28,5149415.33,0
PAY-000280,INV-000280,SUP-001,2025-06-02,2904291.86,1
PAY-000281,INV-000281,SUP-001,2025-06-08,3770018.64,6
PAY-000282,INV-000282,SUP-001,2025-06-05,2852342.8,0
PAY-000283,INV-000283,SUP-001,2025-06-11,3508026.1,2
PAY-000284,INV-000284,SUP-001,2025-06-14,3324434.17,1
PAY-000285,INV-000285,SUP-001,2025-06-15,2494897.75,0
PAY-000286,INV-000286,SUP-001,2025-07-05,4200395.66,16
PAY-000287,INV-000287,SUP-001,2025-06-25,3177119.55,-1
PAY-000288,INV-000288,SUP-001,2025-06-26,2407319.09,-4
PAY-000289,INV-000289,SUP-001,2025-07-01,2961965.84,1
PAY-000290,INV-000290,SUP-001,2025-07-03,2793992.1,-1
PAY-000291,INV-000291,SUP-001,2025-07-09,2480204.71,1
PAY-000292,INV-000292,SUP-001,2025-07-15,3678360.14,6
PAY-000293,INV-000293,SUP-001,2025-07-10,2155419.16,-1
PAY-000294,INV-000294,SUP-001,2025-07-18,3914698.61,2
PAY-000295,INV-000295,SUP-001,2025-07-21,2450950.31,1
PAY-000296,INV-000296,SUP-001,2025-07-25,3099307.66,5
PAY-000297,INV-000297,SUP-001,2025-07-26,3103980.69,2
PAY-000298,INV-000298,SUP-001,2025-07-25,2533215.1,-1
PAY-000299,INV-000299,SUP-001,2025-07-30,3318230.38,0
PAY-000300,INV-000300,SUP-001,2025-08-07,755466.86,6
PAY-000301,INV-000301,SUP-001,2025-02-04,1730755.63,2
PAY-000302,INV-000302,SUP-001,2025-02-14,1717279.93,7
PAY-000303,INV-000303,SUP-001,2025-02-15,1435925.17,6
PAY-000304,INV-000304,SUP-001,2025-02-13,2006294.61,0
PAY-000305,INV-000305,SUP-001,2025-02-18,1325821.93,2
PAY-000306,INV-000306,SUP-001,2025-02-19,2045838.6,1
PAY-000307,INV-000307,SUP-001,2025-02-24,1440405.01,2
PAY-000308,INV-000308,SUP-001,2025-02-26,1567851.63,1
PAY-000309,INV-000309,SUP-001,2025-02-27,1770844.54,1
PAY-000310,INV-000310,SUP-001,2025-03-20,1318230.86,15
PAY-000311,INV-000311,SUP-001,2025-03-05,1997536.61,-1
PAY-000312,INV-000312,SUP-001,2025-03-11,1405311.32,3
PAY-000313,INV-000313,SUP-001,2025-03-14,2058859.15,3
PAY-000314,INV-000314,SUP-001,2025-03-15,1563969.65,1
PAY-000315,INV-000315,SUP-001,2025-03-15,1738943.53,-1
PAY-000316,INV-000316,SUP-001,2025-03-20,1787535.62,-1
PAY-000317,INV-000317,SUP-001,2025-03-23,1415710.86,0
PAY-000318,INV-000318,SUP-001,2025-03-22,2188675.48,-4
PAY-000319,INV-000319,SUP-001,2025-03-30,1367152.46,1
PAY-000320,INV-000320,SUP-001,2025-04-05,2565956.2,1
PAY-000321,INV-000321,SUP-001,2025-04-02,2504346.32,-2
PAY-000322,INV-000322,SUP-001,2025-04-07,3005232.37,-1
PAY-000323,INV-000323,SUP-001,2025-04-12,3082096.46,1
PAY-000324,INV-000324,SUP-001,2025-04-16,2614476.8,2
PAY-000325,INV-000325,SUP-001,2025-05-03,4028200.05,16
PAY-000326,INV-000326,SUP-001,2025-04-18,2357166.01,-1
PAY-000327,INV-000327,SUP-001,2025-04-27,3492793.12,0
PAY-000328,INV-000328,SUP-001,2025-05-01,2908422.73,5
PAY-000329,INV-000329,SUP-001,2025-04-25,3166484.03,-2
PAY-000330,INV-000330,SUP-001,2025-04-29,3179046.0,-1
PAY-000331,INV-000331,SUP-001,2025-05-05,1884565.42,0
PAY-000332,INV-000332,SUP-001,2025-05-12,2231295.15,5
PAY-000333,INV-000333,SUP-001,2025-05-12,1523977.1,-1
PAY-000334,INV-000334,SUP-001,2025-05-13,2501632.01,-1
PAY-000335,INV-000335,SUP-001,2025-05-17,1731988.49,1
PAY-000336,INV-000336,SUP-001,2025-05-19,2109569.14,-1
PAY-000337,INV-000337,SUP-001,2025-05-25,2290848.63,0
PAY-000338,INV-000338,SUP-001,2025-05-24,1728301.84,-1
PAY-000339,INV-000339,SUP-001,2025-05-28,2660250.58,-1
PAY-000340,INV-000340,SUP-001,2025-06-03,1629727.84,3
PAY-000341,INV-000341,SUP-001,2025-06-02,2229826.92,0
PAY-000342,INV-000342,SUP-001,2025-06-10,1506816.08,2
PAY-000343,INV-000343,SUP-001,2025-06-07,1970692.6,-2
PAY-000344,INV-000344,SUP-001,2025-06-13,1733984.66,2
PAY-000345,INV-000345,SUP-001,2025-06-14,1157029.34,-4
PAY-000346,INV-000346,SUP-001,2025-06-18,2055681.38,-1
PAY-000347,INV-000347,SUP-001,2025-06-26,1190036.87,4
PAY-000348,INV-000348,SUP-001,2025-06-26,1771561.51,0
PAY-000349,INV-000349,SUP-001,2025-06-27,1262298.46,-1
PAY-000350,INV-000350,SUP-001,2025-06-30,1724747.21,0
PAY-000351,INV-000351,SUP-001,2025-07-01,1673295.46,-3
PAY-000352,INV-000352,SUP-001,2025-07-07,1178243.89,1
PAY-000353,INV-000353,SUP-001,2025-07-09,2001628.3,0
PAY-000354,INV-000354,SUP-001,2025-07-09,1149187.3,-2
PAY-000355,INV-000355,SUP-001,2025-07-16,1978013.47,-1
PAY-000356,INV-000356,SUP-001,2025-07-20,1228783.5,1
PAY-000357,INV-000357,SUP-001,2025-07-26,1622684.25,5
PAY-000358,INV-000358,SUP-001,2025-07-26,1620216.49,2
PAY-000359,INV-000359,SUP-001,2025-07-27,1239581.31,-1
PAY-000360,INV-000360,SUP-001,2025-08-01,2074813.66,1
PAY-000361,INV-000361,SUP-001,2025-08-02,342399.9,1
PAY-000362,INV-000362,SUP-001,2025-02-06,737896.93,1
PAY-000363,INV-000363,SUP-001,2025-02-09,644994.9,3
PAY-000364,INV-000364,SUP-001,2025-02-10,586094.32,0
PAY-000365,INV-000365,SUP-001,2025-02-14,739706.67,-1
PAY-000366,INV-000366,SUP-001,2025-02-18,587466.98,2
PAY-000367,INV-000367,SUP-001,2025-03-01,681632.12,9
PAY-000368,INV-000368,SUP-001,2025-02-21,498993.58,0
PAY-000369,INV-000369,SUP-001,2025-02-25,720099.28,0
PAY-000370,INV-000370,SUP-001,2025-02-28,617598.23,0
PAY-000371,INV-000371,SUP-001,2025-03-01,663089.65,-1
PAY-000372,INV-000372,SUP-001,2025-03-24,727370.54,14
PAY-000373,INV-000373,SUP-001,2025-03-17,623491.84,9
PAY-000374,INV-000374,SUP-001,2025-03-10,718028.06,-4
PAY-000375,INV-000375,SUP-001,2025-03-17,626497.46,1
PAY-000376,INV-000376,SUP-001,2025-03-17,827690.81,-3
PAY-000377,INV-000377,SUP-001,2025-03-22,683835.41,0
PAY-000378,INV-000378,SUP-001,2025-03-24,685670.21,0
PAY-000379,INV-000379,SUP-001,2025-03-30,791016.03,3
PAY-000380,INV-000380,SUP-001,2025-04-01,607515.41,4
PAY-000381,INV-000381,SUP-001,2025-03-31,866409.2,0
PAY-000382,INV-000382,SUP-001,2025-04-04,932587.03,0
PAY-000383,INV-000383,SUP-001,2025-04-19,1258406.76,9
PAY-000384,INV-000384,SUP-001,2025-04-14,980256.75,-1
PAY-000385,INV-000385,SUP-001,2025-04-18,922175.65,3
PAY-000386,INV-000386,SUP-001,2025-04-16,1225912.61,0
PAY-000387,INV-000387,SUP-001,2025-04-20,982855.67,0
PAY-000388,INV-000388,SUP-001,2025-04-21,1019703.2,-1
PAY-000389,INV-000389,SUP-001,2025-04-30,999447.96,4
PAY-000390,INV-000390,SUP-001,2025-04-29,1079362.21,2
PAY-000391,INV-000391,SUP-001,2025-05-05,1023013.22,4
PAY-000392,INV-000392,SUP-001,2025-04-29,885373.5,-4
PAY-000393,INV-000393,SUP-001,2025-05-07,857883.6,0
PAY-000394,INV-000394,SUP-001,2025-05-13,755731.06,1
PAY-000395,INV-000395,SUP-001,2025-05-15,850384.3,-1
PAY-000396,INV-000396,SUP-001,2025-05-20,639724.46,3
PAY-000397,INV-000397,SUP-001,2025-05-22,947908.63,3
PAY-000398,INV-000398,SUP-001,2025-05-20,809240.01,-3
PAY-000399,INV-000399,SUP-001,2025-05-23,819604.3,-1
PAY-000400,INV-000400,SUP-001,2025-05-30,948168.49,2
PAY-000401,INV-000401,SUP-001,2025-06-05,766888.32,3
PAY-000402,INV-000402,SUP-001,2025-06-11,762281.35,8
PAY-000403,INV-000403,SUP-001,2025-06-13,561219.91,2
PAY-000404,INV-000404,SUP-001,2025-06-10,731521.48,2
PAY-000405,INV-000405,SUP-001,2025-06-14,661122.25,2
PAY-000406,INV-000406,SUP-001,2025-06-18,630269.95,2
PAY-000407,INV-000407,SUP-001,2025-06-18,680974.44,0
PAY-000408,INV-000408,SUP-001,2025-06-19,527635.19,-1
PAY-000409,INV-000409,SUP-001,2025-06-29,652793.26,4
PAY-000410,INV-000410,SUP-001,2025-06-28,487527.8,2
PAY-000411,INV-000411,SUP-001,2025-07-03,705320.57,2
PAY-000412,INV-000412,SUP-001,2025-07-04,641522.28,1
PAY-000413,INV-000413,SUP-001,2025-07-14,557359.61,9
PAY-000414,INV-000414,SUP-001,2025-07-17,721175.88,9
PAY-000415,INV-000415,SUP-001,2025-07-15,539552.87,2
PAY-000416,INV-000416,SUP-001,2025-07-16,658985.6,2
PAY-000417,INV-000417,SUP-001,2025-07-20,440489.19,0
PAY-000418,INV-000418,SUP-001,2025-07-22,640496.88,1
PAY-000419,INV-000419,SUP-001,2025-07-24,576523.41,-1
PAY-000420,INV-000420,SUP-001,2025-08-03,595048.96,4
PAY-000421,INV-000421,SUP-001,2025-07-29,726571.28,0
PAY-000422,INV-000422,SUP-001,2025-08-04,156556.69,2
PAY-000423,INV-000423,SUP-001,2025-02-03,866436.39,-1
PAY-000424,INV-000424,SUP-001,2025-02-14,830550.98,8
PAY-000425,INV-000425,SUP-001,2025-02-07,593145.02,-2
PAY-000426,INV-000426,SUP-001,2025-02-23,922744.28,9
PAY-000427,INV-000427,SUP-001,2025-02-15,581028.05,-1
PAY-000428,INV-000428,SUP-001,2025-02-21,981689.1,2
PAY-000429,INV-000429,SUP-001,2025-02-24,642259.21,2
PAY-000430,INV-000430,SUP-001,2025-02-28,793882.18,4
PAY-000431,INV-000431,SUP-001,2025-03-02,775868.0,1
PAY-000432,INV-000432,SUP-001,2025-03-01,588819.65,-1
PAY-000433,INV-000433,SUP-001,2025-03-06,961139.91,2
PAY-000434,INV-000434,SUP-001,2025-03-07,644949.06,-4
PAY-000435,INV-000435,SUP-001,2025-03-14,1044559.28,2
PAY-000436,INV-000436,SUP-001,2025-03-15,675703.71,1
PAY-000437,INV-000437,SUP-001,2025-03-16,847731.06,0
PAY-000438,INV-000438,SUP-001,2025-04-11,877695.63,21
PAY-000439,INV-000439,SUP-001,2025-03-21,649759.68,-1
PAY-000440,INV-000440,SUP-001,2025-03-26,945303.0,0
PAY-000441,INV-000441,SUP-001,2025-04-04,561752.91,1
PAY-000442,INV-000442,SUP-001,2025-04-02,1229520.29,2
PAY-000443,INV-000443,SUP-001,2025-04-04,1213858.05,-1
PAY-000444,INV-000444,SUP-001,2025-04-06,1580411.58,0
PAY-000445,INV-000445,SUP-001,2025-04-13,1661104.28,1
PAY-000446,INV-000446,SUP-001,2025-04-11,1240664.43,-1
PAY-000447,INV-000447,SUP-001,2025-04-19,2017439.49,2
PAY-000448,INV-000448,SUP-001,2025-04-22,1074948.62,3
PAY-000449,INV-000449,SUP-001,2025-04-29,1884257.55,7
PAY-000450,INV-000450,SUP-001,2025-04-29,1416346.29,2
PAY-000451,INV-000451,SUP-001,2025-04-25,1637575.01,-4
PAY-000452,INV-000452,SUP-001,2025-05-06,1486469.84,5
PAY-000453,INV-000453,SUP-001,2025-05-20,843545.52,15
PAY-000454,INV-000454,SUP-001,2025-05-12,1168645.44,-1
PAY-000455,INV-000455,SUP-001,2025-05-10,689401.46,-1
PAY-000456,INV-000456,SUP-001,2025-05-14,1161876.2,1
PAY-000457,INV-000457,SUP-001,2025-05-19,805440.88,2
PAY-000458,INV-000458,SUP-001,2025-05-19,969781.61,-1
PAY-000459,INV-000459,SUP-001,2025-05-31,960512.65,8
PAY-000460,INV-000460,SUP-001,2025-06-02,787821.17,8
PAY-000461,INV-000461,SUP-001,2025-05-30,1275854.52,1
PAY-000462,INV-000462,SUP-001,2025-06-22,735470.19,22
PAY-000463,INV-000463,SUP-001,2025-06-06,1070082.8,0
PAY-000464,INV-000464,SUP-001,2025-06-03,641413.05,-4
PAY-000465,INV-000465,SUP-001,2025-06-15,830516.11,2
PAY-000466,INV-000466,SUP-001,2025-06-15,927641.53,1
PAY-000467,INV-000467,SUP-001,2025-06-19,675388.26,2
PAY-000468,INV-000468,SUP-001,2025-06-18,920732.06,-3
PAY-000469,INV-000469,SUP-001,2025-06-22,500687.74,1
PAY-000470,INV-000470,SUP-001,2025-06-23,824722.61,0
PAY-000471,INV-000471,SUP-001,2025-06-25,558167.26,-1
PAY-000472,INV-000472,SUP-001,2025-07-01,735775.1,2
PAY-000473,INV-000473,SUP-001,2025-07-16,740418.87,9
PAY-000474,INV-000474,SUP-001,2025-07-07,528982.11,1
PAY-000475,INV-000475,SUP-001,2025-07-10,921041.64,-1
PAY-000476,INV-000476,SUP-001,2025-07-16,535973.12,5
PAY-000477,INV-000477,SUP-001,2025-07-16,852407.35,2
PAY-000478,INV-000478,SUP-001,2025-07-18,591702.48,0
PAY-000479,INV-000479,SUP-001,2025-07-21,754280.61,1
PAY-000480,INV-000480,SUP-001,2025-08-02,721636.68,9
PAY-000481,INV-000481,SUP-001,2025-07-31,627157.38,2
PAY-000482,INV-000482,SUP-001,2025-07-29,916105.55,-1
PAY-000483,INV-000483,SUP-001,2025-08-01,156011.89,-2
PAY-000484,INV-000484,SUP-002,2025-02-03,233010.94,1
PAY-000485,INV-000485,SUP-002,2025-02-07,245001.89,1
PAY-000486,INV-000486,SUP-002,2025-02-08,196994.69,0
PAY-000487,INV-000487,SUP-002,2025-02-13,277835.21,2
PAY-000488,INV-000488,SUP-002,2025-02-23,196602.78,8
PAY-000489,INV-000489,SUP-002,2025-02-19,278854.11,0
PAY-000490,INV-000490,SUP-002,2025-02-21,203998.16,-1
PAY-000491,INV-000491,SUP-002,2025-03-14,236460.26,14
PAY-000492,INV-000492,SUP-002,2025-02-22,219516.09,-4
PAY-000493,INV-000493,SUP-002,2025-03-08,212588.38,6
PAY-000494,INV-000494,SUP-002,2025-03-10,296541.57,1
PAY-000495,INV-000495,SUP-002,2025-03-11,213410.09,2
PAY-000496,INV-000496,SUP-002,2025-03-12,279794.98,1
PAY-000497,INV-000497,SUP-002,2025-03-19,232520.94,2
PAY-000498,INV-000498,SUP-002,2025-03-17,285205.05,-1
PAY-000499,INV-000499,SUP-002,2025-03-20,239621.02,0
PAY-000500,INV-000500,SUP-002,2025-03-28,210243.17,6
PAY-000501,INV-000501,SUP-002,2025-03-26,311522.47,-1
PAY-000502,INV-000502,SUP-002,2025-03-28,212120.44,-1
PAY-000503,INV-000503,SUP-002,2025-04-02,307206.87,2
PAY-000504,INV-000504,SUP-002,2025-04-07,353909.67,1
PAY-000505,INV-000505,SUP-002,2025-04-08,349182.52,2
PAY-000506,INV-000506,SUP-002,2025-04-12,302508.93,0
PAY-000507,INV-000507,SUP-002,2025-04-24,426383.86,6
PAY-000508,INV-000508,SUP-002,2025-04-20,317805.43,1
PAY-000509,INV-000509,SUP-002,2025-04-26,410487.38,2
PAY-000510,INV-000510,SUP-002,2025-04-26,337732.47,0
PAY-000511,INV-000511,SUP-002,2025-04-27,392213.7,0
PAY-000512,INV-000512,SUP-002,2025-04-30,388027.36,-2
PAY-000513,INV-000513,SUP-002,2025-05-03,279707.93,-1
PAY-000514,INV-000514,SUP-002,2025-05-14,317239.34,1
PAY-000515,INV-000515,SUP-002,2025-05-10,218168.34,1
PAY-000516,INV-000516,SUP-002,2025-05-11,323608.01,-3
PAY-000517,INV-000517,SUP-002,2025-05-22,266804.15,6
PAY-000518,INV-000518,SUP-002,2025-05-21,282653.02,0
PAY-000519,INV-000519,SUP-002,2025-05-21,326340.09,-2
PAY-000520,INV-000520,SUP-002,2025-05-31,259297.28,0
PAY-000521,INV-000521,SUP-002,2025-05-30,366320.34,2
PAY-000522,INV-000522,SUP-002,2025-05-30,263623.75,-1
PAY-000523,INV-000523,SUP-002,2025-06-01,308431.74,-1
PAY-000524,INV-000524,SUP-002,2025-06-06,230177.94,-1
PAY-000525,INV-000525,SUP-002,2025-06-10,246365.75,0
PAY-000526,INV-000526,SUP-002,2025-06-14,243626.2,2
PAY-000527,INV-000527,SUP-002,2025-06-15,227249.76,1
PAY-000528,INV-000528,SUP-002,2025-06-20,269211.01,1
PAY-000529,INV-000529,SUP-002,2025-06-21,167522.04,-1
PAY-000530,INV-000530,SUP-002,2025-06-25,279195.44,0
PAY-000531,INV-000531,SUP-002,2025-06-27,207244.4,-1
PAY-000532,INV-000532,SUP-002,2025-06-30,205382.0,1
PAY-000533,INV-000533,SUP-002,2025-07-02,209851.7,-1
PAY-000534,INV-000534,SUP-002,2025-07-06,194768.54,1
PAY-000535,INV-000535,SUP-002,2025-07-07,254179.84,-1
PAY-000536,INV-000536,SUP-002,2025-07-14,176112.49,1
PAY-000537,INV-000537,SUP-002,2025-07-18,236755.84,2
PAY-000538,INV-000538,SUP-002,2025-07-23,186575.16,6
PAY-000539,INV-000539,SUP-002,2025-07-22,216883.01,1
PAY-000540,INV-000540,SUP-002,2025-07-26,223656.61,-1
PAY-000541,INV-000541,SUP-002,2025-07-27,189774.99,-1
PAY-000542,INV-000542,SUP-002,2025-08-03,58653.88,0
PAY-000543,INV-000543,SUP-001,2025-02-13,900827.89,6
PAY-000544,INV-000544,SUP-001,2025-02-14,724959.5,5
PAY-000545,INV-000545,SUP-001,2025-02-18,1260237.66,6
PAY-000546,INV-000546,SUP-001,2025-02-15,689901.22,1
PAY-000547,INV-000547,SUP-001,2025-02-19,1141322.02,2
PAY-000548,INV-000548,SUP-001,2025-02-20,717528.34,0
PAY-000549,INV-000549,SUP-001,2025-02-27,931209.91,2
PAY-000550,INV-000550,SUP-001,2025-02-28,977394.17,0
PAY-000551,INV-000551,SUP-001,2025-02-26,710700.62,-4
PAY-000552,INV-000552,SUP-001,2025-03-07,1192492.49,1
PAY-000553,INV-000553,SUP-001,2025-03-05,748771.28,-4
PAY-000554,INV-000554,SUP-001,2025-03-10,1265607.19,-1
PAY-000555,INV-000555,SUP-001,2025-03-15,857208.46,1
PAY-000556,INV-000556,SUP-001,2025-03-19,958588.2,1
PAY-000557,INV-000557,SUP-001,2025-03-24,951655.96,4
PAY-000558,INV-000558,SUP-001,2025-03-21,778503.13,-3
PAY-000559,INV-000559,SUP-001,2025-03-26,1158945.69,-1
PAY-000560,INV-000560,SUP-001,2025-04-08,787191.36,11
PAY-000561,INV-000561,SUP-001,2025-04-04,1635946.26,2
PAY-000562,INV-000562,SUP-001,2025-04-04,1665878.06,1
PAY-000563,INV-000563,SUP-001,2025-04-07,2184190.42,-1
PAY-000564,INV-000564,SUP-001,2025-04-19,2101184.93,8
PAY-000565,INV-000565,SUP-001,2025-04-10,1523980.7,-3
PAY-000566,INV-000566,SUP-001,2025-04-14,2544369.32,-1
PAY-000567,INV-000567,SUP-001,2025-04-21,1436721.47,1
PAY-000568,INV-000568,SUP-001,2025-04-20,2319573.59,-2
PAY-000569,INV-000569,SUP-001,2025-04-25,1783203.16,1
PAY-000570,INV-000570,SUP-001,2025-04-28,2144024.99,0
PAY-000571,INV-000571,SUP-001,2025-05-04,2072299.83,3
PAY-000572,INV-000572,SUP-001,2025-05-04,1061679.55,1
PAY-000573,INV-000573,SUP-001,2025-05-05,1454729.62,-2
PAY-000574,INV-000574,SUP-001,2025-05-21,833996.32,8
PAY-000575,INV-000575,SUP-001,2025-05-13,1508768.08,0
PAY-000576,INV-000576,SUP-001,2025-05-21,874666.1,0
PAY-000577,INV-000577,SUP-001,2025-05-17,1246339.51,-1
PAY-000578,INV-000578,SUP-001,2025-05-20,1339557.57,-3
PAY-000579,INV-000579,SUP-001,2025-06-01,951682.84,6
PAY-000580,INV-000580,SUP-001,2025-05-30,1645741.9,1
PAY-000581,INV-000581,SUP-001,2025-06-04,850631.54,4
PAY-000582,INV-000582,SUP-001,2025-06-03,1211439.07,-1
PAY-000583,INV-000583,SUP-001,2025-06-06,833120.42,-1
PAY-000584,INV-000584,SUP-001,2025-06-08,1055677.92,-2
PAY-000585,INV-000585,SUP-001,2025-06-13,969416.82,1
PAY-000586,INV-000586,SUP-001,2025-06-16,845780.02,-1
PAY-000587,INV-000587,SUP-001,2025-06-21,1224483.53,-1
PAY-000588,INV-000588,SUP-001,2025-06-21,655869.83,-1
PAY-000589,INV-000589,SUP-001,2025-06-24,1175472.76,1
PAY-000590,INV-000590,SUP-001,2025-06-29,729036.84,1
PAY-000591,INV-000591,SUP-001,2025-07-05,921749.71,0
PAY-000592,INV-000592,SUP-001,2025-07-04,775946.85,1
PAY-000593,INV-000593,SUP-001,2025-07-06,750957.4,-1
PAY-000594,INV-000594,SUP-001,2025-07-11,1062457.99,2
PAY-000595,INV-000595,SUP-001,2025-07-19,627168.72,5
PAY-000596,INV-000596,SUP-001,2025-07-16,1053164.08,1
PAY-000597,INV-000597,SUP-001,2025-07-16,699522.08,-1
PAY-000598,INV-000598,SUP-001,2025-07-19,925407.44,-2
PAY-000599,INV-000599,SUP-001,2025-07-26,858784.62,1
PAY-000600,INV-000600,SUP-001,2025-08-03,737446.97,3
PAY-000601,INV-000601,SUP-001,2025-08-07,1248551.66,9
PAY-000602,INV-000602,SUP-001,2025-08-01,213770.06,-1
PAY-000603,INV-000603,SUP-001,2025-02-04,847833.26,0
PAY-000604,INV-000604,SUP-001,2025-02-04,861615.63,-1
PAY-000605,INV-000605,SUP-001,2025-02-12,610736.38,1
PAY-000606,INV-000606,SUP-001,2025-02-13,1010620.87,1
PAY-000607,INV-000607,SUP-001,2025-02-16,652780.74,0
PAY-000608,INV-000608,SUP-001,2025-02-21,949475.03,2
PAY-000609,INV-000609,SUP-001,2025-02-25,614569.02,-1
PAY-000610,INV-000610,SUP-001,2025-03-21,866693.38,24
PAY-000611,INV-000611,SUP-001,2025-03-02,821432.64,2
PAY-000612,INV-000612,SUP-001,2025-03-02,672419.9,0
PAY-000613,INV-000613,SUP-001,2025-03-11,1039523.79,5
PAY-000614,INV-000614,SUP-001,2025-03-15,644911.21,6
PAY-000615,INV-000615,SUP-001,2025-03-12,1069646.56,0
PAY-000616,INV-000616,SUP-001,2025-03-13,645198.05,0
PAY-000617,INV-000617,SUP-001,2025-03-16,971170.27,0
PAY-000618,INV-000618,SUP-001,2025-03-18,943111.41,-1
PAY-000619,INV-000619,SUP-001,2025-03-24,633666.14,0
PAY-000620,INV-000620,SUP-001,2025-03-28,1091771.97,0
PAY-000621,INV-000621,SUP-001,2025-04-19,636172.97,20
PAY-000622,INV-000622,SUP-001,2025-03-31,1376062.32,0
PAY-000623,INV-000623,SUP-001,2025-04-02,1304192.44,-3
PAY-000624,INV-000624,SUP-001,2025-04-09,1855219.0,-1
PAY-000625,INV-000625,SUP-001,2025-04-19,1874581.18,8
PAY-000626,INV-000626,SUP-001,2025-04-14,1123888.48,0
PAY-000627,INV-000627,SUP-001,2025-04-19,2256478.57,-1
PAY-000628,INV-000628,SUP-001,2025-04-20,1247864.46,0
PAY-000629,INV-000629,SUP-001,2025-04-26,2102115.54,5
PAY-000630,INV-000630,SUP-001,2025-04-30,1570356.43,6
PAY-000631,INV-000631,SUP-001,2025-04-30,1650268.54,2
PAY-000632,INV-000632,SUP-001,2025-05-07,1729988.02,6
PAY-000633,INV-000633,SUP-001,2025-05-06,925360.85,2
PAY-000634,INV-000634,SUP-001,2025-05-11,1154459.98,-1
PAY-000635,INV-000635,SUP-001,2025-05-13,741275.38,2
PAY-000636,INV-000636,SUP-001,2025-05-13,1273237.26,-1
PAY-000637,INV-000637,SUP-001,2025-05-15,835965.24,-1
PAY-000638,INV-000638,SUP-001,2025-05-22,1046928.66,4
PAY-000639,INV-000639,SUP-001,2025-05-22,1166942.05,0
PAY-000640,INV-000640,SUP-001,2025-06-01,870199.5,8
PAY-000641,INV-000641,SUP-001,2025-06-04,1294957.2,8
PAY-000642,INV-000642,SUP-001,2025-05-30,787773.4,-1
PAY-000643,INV-000643,SUP-001,2025-06-22,1200373.18,18
PAY-000644,INV-000644,SUP-001,2025-06-04,689961.28,-1
PAY-000645,INV-000645,SUP-001,2025-06-17,829542.09,7
PAY-000646,INV-000646,SUP-001,2025-06-15,903087.86,3
PAY-000647,INV-000647,SUP-001,2025-06-23,741632.9,7
PAY-000648,INV-000648,SUP-001,2025-06-20,1031099.07,3
PAY-000649,INV-000649,SUP-001,2025-06-22,560991.49,2
PAY-000650,INV-000650,SUP-001,2025-06-29,994064.97,6
PAY-000651,INV-000651,SUP-001,2025-06-25,665461.6,-1
PAY-000652,INV-000652,SUP-001,2025-06-30,720843.29,0
PAY-000653,INV-000653,SUP-001,2025-07-03,767216.47,-1
PAY-000654,INV-000654,SUP-001,2025-07-07,592939.43,2
PAY-000655,INV-000655,SUP-001,2025-07-11,1006651.58,0
PAY-000656,INV-000656,SUP-001,2025-07-12,588586.64,0
PAY-000657,INV-000657,SUP-001,2025-07-18,1000640.72,2
PAY-000658,INV-000658,SUP-001,2025-07-27,606034.48,8
PAY-000659,INV-000659,SUP-001,2025-07-19,842192.64,-3
PAY-000660,INV-000660,SUP-001,2025-07-29,819208.17,3
PAY-000661,INV-000661,SUP-001,2025-07-28,651582.8,1
PAY-000662,INV-000662,SUP-001,2025-07-31,997274.23,0
PAY-000663,INV-000663,SUP-001,2025-08-04,169300.87,1
PAY-000664,INV-000664,SUP-001,2025-02-02,449459.84,-2
PAY-000665,INV-000665,SUP-001,2025-02-08,464003.12,1
PAY-000666,INV-000666,SUP-001,2025-02-07,345080.77,-1
PAY-000667,INV-000667,SUP-001,2025-02-14,458048.71,1
PAY-000668,INV-000668,SUP-001,2025-02-22,319837.92,5
PAY-000669,INV-000669,SUP-001,2025-02-20,532665.29,0
PAY-000670,INV-000670,SUP-001,2025-02-26,434789.17,1
PAY-000671,INV-000671,SUP-001,2025-03-02,436137.02,2
PAY-000672,INV-000672,SUP-001,2025-02-28,391854.7,-1
PAY-000673,INV-000673,SUP-001,2025-03-06,523148.35,-1
PAY-000674,INV-000674,SUP-001,2025-03-09,378347.61,0
PAY-000675,INV-000675,SUP-001,2025-03-10,551675.02,-1
PAY-000676,INV-000676,SUP-001,2025-03-17,336967.66,2
PAY-000677,INV-000677,SUP-001,2025-03-18,458221.69,2
PAY-000678,INV-000678,SUP-001,2025-03-19,468327.97,0
PAY-000679,INV-000679,SUP-001,2025-03-31,395028.45,9
PAY-000680,INV-000680,SUP-001,2025-03-31,533609.47,-1
PAY-000681,INV-000681,SUP-001,2025-04-02,337405.56,5
PAY-000682,INV-000682,SUP-001,2025-04-22,617407.85,20
PAY-000683,INV-000683,SUP-001,2025-04-07,738160.04,1
PAY-000684,INV-000684,SUP-001,2025-04-09,779210.64,2
PAY-000685,INV-000685,SUP-001,2025-04-10,795609.71,0
PAY-000686,INV-000686,SUP-001,2025-04-19,616085.38,5
PAY-000687,INV-000687,SUP-001,2025-04-20,1029894.98,2
PAY-000688,INV-000688,SUP-001,2025-04-23,600222.6,5
PAY-000689,INV-000689,SUP-001,2025-04-22,920996.02,0
PAY-000690,INV-000690,SUP-001,2025-05-01,662867.57,4
PAY-000691,INV-000691,SUP-001,2025-04-30,751197.47,-1
PAY-000692,INV-000692,SUP-001,2025-05-04,528884.01,1
PAY-000693,INV-000693,SUP-001,2025-05-10,560429.61,0
PAY-000694,INV-000694,SUP-001,2025-05-10,345440.39,1
PAY-000695,INV-000695,SUP-001,2025-05-18,637992.42,2
PAY-000696,INV-000696,SUP-001,2025-05-16,445398.72,-1
PAY-000697,INV-000697,SUP-001,2025-05-19,529116.35,-1
PAY-000698,INV-000698,SUP-001,2025-05-26,516806.68,5
PAY-000699,INV-000699,SUP-001,2025-05-26,448856.87,2
PAY-000700,INV-000700,SUP-001,2025-06-03,698695.53,1
PAY-000701,INV-000701,SUP-001,2025-06-09,429404.84,6
PAY-000702,INV-000702,SUP-001,2025-06-02,549111.61,-1
PAY-000703,INV-000703,SUP-001,2025-06-08,394761.4,0
PAY-000704,INV-000704,SUP-001,2025-06-10,449711.84,-1
PAY-000705,INV-000705,SUP-001,2025-06-09,443846.95,-3
PAY-000706,INV-000706,SUP-001,2025-06-17,380365.7,1
PAY-000707,INV-000707,SUP-001,2025-06-16,467966.46,-1
PAY-000708,INV-000708,SUP-001,2025-06-23,301162.81,1
PAY-000709,INV-000709,SUP-001,2025-06-25,487642.68,0
PAY-000710,INV-000710,SUP-001,2025-06-27,330096.43,-1
PAY-000711,INV-000711,SUP-001,2025-07-01,391873.97,1
PAY-000712,INV-000712,SUP-001,2025-07-06,427450.95,2
PAY-000713,INV-000713,SUP-001,2025-07-09,315408.88,2
PAY-000714,INV-000714,SUP-001,2025-07-10,448040.34,1
PAY-000715,INV-000715,SUP-001,2025-07-11,294861.68,0
PAY-000716,INV-000716,SUP-001,2025-07-13,435305.57,-1
PAY-000717,INV-000717,SUP-001,2025-07-21,339293.61,2
PAY-000718,INV-000718,SUP-001,2025-07-23,411873.4,2
PAY-000719,INV-000719,SUP-001,2025-07-22,414777.51,-2
PAY-000720,INV-000720,SUP-001,2025-07-31,339103.15,3
PAY-000721,INV-000721,SUP-001,2025-07-27,521537.51,-3
PAY-000722,INV-000722,SUP-001,2025-08-03,99507.32,0
PAY-000723,INV-000723,SUP-001,2025-02-03,384232.48,1
PAY-000724,INV-000724,SUP-001,2025-02-10,362429.59,4
PAY-000725,INV-000725,SUP-001,2025-02-10,308764.86,-1
PAY-000726,INV-000726,SUP-001,2025-02-11,402523.15,0
PAY-000727,INV-000727,SUP-001,2025-02-18,336453.0,2
PAY-000728,INV-000728,SUP-001,2025-02-18,390499.09,1
PAY-000729,INV-000729,SUP-001,2025-02-22,294906.15,2
PAY-000730,INV-000730,SUP-001,2025-02-23,399653.58,0
PAY-000731,INV-000731,SUP-001,2025-03-03,309923.36,-1
PAY-000732,INV-000732,SUP-001,2025-03-02,326619.83,0
PAY-000733,INV-000733,SUP-001,2025-03-07,362887.24,2
PAY-000734,INV-000734,SUP-001,2025-03-07,333663.46,-1
PAY-000735,INV-000735,SUP-001,2025-03-10,412290.33,-1
PAY-000736,INV-000736,SUP-001,2025-03-14,293769.97,0
PAY-000737,INV-000737,SUP-001,2025-03-16,431339.98,0
PAY-000738,INV-000738,SUP-001,2025-03-19,351909.95,-1
PAY-000739,INV-000739,SUP-001,2025-04-01,374775.06,9
PAY-000740,INV-000740,SUP-001,2025-03-27,362903.98,2
PAY-000741,INV-000741,SUP-001,2025-03-31,321842.49,2
PAY-000742,INV-000742,SUP-001,2025-04-05,454315.46,2
PAY-000743,INV-000743,SUP-001,2025-04-25,496969.05,15
PAY-000744,INV-000744,SUP-001,2025-04-07,610641.23,1
PAY-000745,INV-000745,SUP-001,2025-04-11,533907.06,1
PAY-000746,INV-000746,SUP-001,2025-04-13,503533.0,0
PAY-000747,INV-000747,SUP-001,2025-04-16,637746.6,-1
PAY-000748,INV-000748,SUP-001,2025-04-21,461501.31,-2
PAY-000749,INV-000749,SUP-001,2025-04-22,581407.62,0
PAY-000750,INV-000750,SUP-001,2025-04-25,503737.74,1
PAY-000751,INV-000751,SUP-001,2025-04-29,631664.68,1
PAY-000752,INV-000752,SUP-001,2025-05-07,564061.12,5
PAY-000753,INV-000753,SUP-001,2025-05-02,470426.93,-2
PAY-000754,INV-000754,SUP-001,2025-05-16,416500.1,9
PAY-000755,INV-000755,SUP-001,2025-05-13,350340.09,4
PAY-000756,INV-000756,SUP-001,2025-05-24,500550.79,8
PAY-000757,INV-000757,SUP-001,2025-05-19,352972.57,2
PAY-000758,INV-000758,SUP-001,2025-06-04,454329.17,16
PAY-000759,INV-000759,SUP-001,2025-05-22,432428.46,1
PAY-000760,INV-000760,SUP-001,2025-05-26,431082.72,-1
PAY-000761,INV-000761,SUP-001,2025-06-07,500255.32,9
PAY-000762,INV-000762,SUP-001,2025-06-14,397524.72,12
PAY-000763,INV-000763,SUP-001,2025-06-05,410700.75,1
PAY-000764,INV-000764,SUP-001,2025-06-04,296879.5,-3
PAY-000765,INV-000765,SUP-001,2025-06-09,408032.16,-1
PAY-000766,INV-000766,SUP-001,2025-06-18,295872.53,3
PAY-000767,INV-000767,SUP-001,2025-06-16,381513.63,2
PAY-000768,INV-000768,SUP-001,2025-06-18,357677.19,1
PAY-000769,INV-000769,SUP-001,2025-07-05,310333.27,9
PAY-000770,INV-000770,SUP-001,2025-07-02,358858.06,7
PAY-000771,INV-000771,SUP-001,2025-06-28,259757.41,0
PAY-000772,INV-000772,SUP-001,2025-07-19,356110.29,19
PAY-000773,INV-000773,SUP-001,2025-07-09,346209.74,5
PAY-000774,INV-000774,SUP-001,2025-07-05,294076.55,-1
PAY-000775,INV-000775,SUP-001,2025-07-10,324577.46,2
PAY-000776,INV-000776,SUP-001,2025-07-13,277208.02,-1
PAY-000777,INV-000777,SUP-001,2025-07-21,343986.17,5
PAY-000778,INV-000778,SUP-001,2025-07-15,249680.76,-4
PAY-000779,INV-000779,SUP-001,2025-07-22,328631.21,1
PAY-000780,INV-000780,SUP-001,2025-07-23,315805.38,-1
PAY-000781,INV-000781,SUP-001,2025-07-26,310768.71,-1
PAY-000782,INV-000782,SUP-001,2025-07-29,339359.91,-2
PAY-000783,INV-000783,SUP-001,2025-07-31,78669.18,-1
PAY-000784,INV-000784,SUP-001,2025-02-05,391123.91,2
PAY-000785,INV-000785,SUP-001,2025-02-09,395570.9,2
PAY-000786,INV-000786,SUP-001,2025-02-07,318091.58,-4
PAY-000787,INV-000787,SUP-001,2025-02-13,463923.19,0
PAY-000788,INV-000788,SUP-001,2025-02-21,287317.75,7
PAY-000789,INV-000789,SUP-001,2025-02-19,479905.31,-1
PAY-000790,INV-000790,SUP-001,2025-02-22,291050.72,2
PAY-000791,INV-000791,SUP-001,2025-02-22,379658.51,-1
PAY-000792,INV-000792,SUP-001,2025-02-27,453265.03,1
PAY-000793,INV-000793,SUP-001,2025-03-04,281135.5,1
PAY-000794,INV-000794,SUP-001,2025-03-06,486006.64,1
PAY-000795,INV-000795,SUP-001,2025-03-25,338582.79,15
PAY-000796,INV-000796,SUP-001,2025-03-12,509846.03,1
PAY-000797,INV-000797,SUP-001,2025-03-15,328876.28,0
PAY-000798,INV-000798,SUP-001,2025-03-22,398869.61,0
PAY-000799,INV-000799,SUP-001,2025-03-25,452472.87,4
PAY-000800,INV-000800,SUP-001,2025-03-26,354666.31,2
PAY-000801,INV-000801,SUP-001,2025-04-01,448994.25,2
PAY-000802,INV-000802,SUP-001,2025-03-30,274375.09,2
PAY-000803,INV-000803,SUP-001,2025-03-31,622991.17,0
PAY-000804,INV-000804,SUP-001,2025-04-15,718853.7,8
PAY-000805,INV-000805,SUP-001,2025-04-12,768334.85,4
PAY-000806,INV-000806,SUP-001,2025-04-08,837022.6,-2
PAY-000807,INV-000807,SUP-001,2025-04-12,641749.81,-1
PAY-000808,INV-000808,SUP-001,2025-04-24,949458.75,9
PAY-000809,INV-000809,SUP-001,2025-04-23,631795.37,2
PAY-000810,INV-000810,SUP-001,2025-04-20,1077543.02,-1
PAY-000811,INV-000811,SUP-001,2025-04-26,693536.23,1
PAY-000812,INV-000812,SUP-001,2025-04-29,804511.16,0
PAY-000813,INV-000813,SUP-001,2025-05-02,677338.87,0
PAY-000814,INV-000814,SUP-001,2025-05-29,469843.42,22
PAY-000815,INV-000815,SUP-001,2025-05-10,516457.25,4
PAY-000816,INV-000816,SUP-001,2025-05-13,317985.56,1
PAY-000817,INV-000817,SUP-001,2025-05-17,620628.36,0
PAY-000818,INV-000818,SUP-001,2025-05-16,398825.73,-1
PAY-000819,INV-000819,SUP-001,2025-05-18,493238.47,0
PAY-000820,INV-000820,SUP-001,2025-05-30,561048.35,8
PAY-000821,INV-000821,SUP-001,2025-05-26,386833.96,1
PAY-000822,INV-000822,SUP-001,2025-06-05,650721.36,7
PAY-000823,INV-000823,SUP-001,2025-05-30,404728.23,-1
PAY-000824,INV-000824,SUP-001,2025-05-30,561511.37,-4
PAY-000825,INV-000825,SUP-001,2025-06-13,328649.62,2
PAY-000826,INV-000826,SUP-001,2025-06-13,426226.16,0
PAY-000827,INV-000827,SUP-001,2025-06-13,340614.72,-1
PAY-000828,INV-000828,SUP-001,2025-06-18,484954.64,-1
PAY-000829,INV-000829,SUP-001,2025-06-25,283055.65,2
PAY-000830,INV-000830,SUP-001,2025-06-30,500157.72,1
PAY-000831,INV-000831,SUP-001,2025-07-03,303157.05,6
PAY-000832,INV-000832,SUP-001,2025-07-02,376699.73,2
PAY-000833,INV-000833,SUP-001,2025-07-09,389162.65,6
PAY-000834,INV-000834,SUP-001,2025-07-08,272794.75,1
PAY-000835,INV-000835,SUP-001,2025-07-10,492382.95,-1
PAY-000836,INV-000836,SUP-001,2025-08-01,258841.12,21
PAY-000837,INV-000837,SUP-001,2025-07-16,439088.79,0
PAY-000838,INV-000838,SUP-001,2025-07-19,307211.18,1
PAY-000839,INV-000839,SUP-001,2025-07-21,377159.64,-1
PAY-000840,INV-000840,SUP-001,2025-07-23,391079.29,-1
PAY-000841,INV-000841,SUP-001,2025-07-26,296257.4,-1
PAY-000842,INV-000842,SUP-001,2025-07-30,485721.58,0
PAY-000843,INV-000843,SUP-001,2025-08-03,85505.65,-1
PAY-000844,INV-000844,SUP-002,2025-02-14,104987.44,9
PAY-000845,INV-000845,SUP-002,2025-02-06,125832.21,-1
PAY-000846,INV-000846,SUP-002,2025-02-09,104045.0,1
PAY-000847,INV-000847,SUP-002,2025-02-11,148588.61,-1
PAY-000848,INV-000848,SUP-002,2025-02-15,94519.04,-1
PAY-000849,INV-000849,SUP-002,2025-02-24,140075.71,2
PAY-000850,INV-000850,SUP-002,2025-02-21,110544.65,1
PAY-000851,INV-000851,SUP-002,2025-02-24,130653.68,0
PAY-000852,INV-000852,SUP-002,2025-03-10,134161.17,9
PAY-000853,INV-000853,SUP-002,2025-03-05,94676.67,2
PAY-000854,INV-000854,SUP-002,2025-03-08,136371.34,4
PAY-000855,INV-000855,SUP-002,2025-03-16,108403.16,2
PAY-000856,INV-000856,SUP-002,2025-03-11,143167.73,-1
PAY-000857,INV-000857,SUP-002,2025-03-13,117795.34,-1
PAY-000858,INV-000858,SUP-002,2025-03-14,119216.06,-3
PAY-000859,INV-000859,SUP-002,2025-03-25,127810.05,3
PAY-000860,INV-000860,SUP-002,2025-03-30,114236.07,5
PAY-000861,INV-000861,SUP-002,2025-04-02,154911.94,6
PAY-000862,INV-000862,SUP-002,2025-03-31,91607.8,-1
PAY-000863,INV-000863,SUP-002,2025-04-28,158691.61,22
PAY-000864,INV-000864,SUP-002,2025-04-03,170976.64,-2
PAY-000865,INV-000865,SUP-002,2025-04-08,158194.43,0
PAY-000866,INV-000866,SUP-002,2025-04-09,206222.24,-1
PAY-000867,INV-000867,SUP-002,2025-04-10,160720.23,-4
PAY-000868,INV-000868,SUP-002,2025-04-21,223773.5,0
PAY-000869,INV-000869,SUP-002,2025-04-18,161546.55,0
PAY-000870,INV-000870,SUP-002,2025-04-29,187386.51,6
PAY-000871,INV-000871,SUP-002,2025-05-05,193705.14,10
PAY-000872,INV-000872,SUP-002,2025-04-30,183139.83,0
PAY-000873,INV-000873,SUP-002,2025-05-01,200396.28,-1
PAY-000874,INV-000874,SUP-002,2025-05-10,132326.74,1
PAY-000875,INV-000875,SUP-002,2025-05-09,158303.8,1
PAY-000876,INV-000876,SUP-002,2025-05-09,98860.82,0
PAY-000877,INV-000877,SUP-002,2025-05-13,166504.47,0
PAY-000878,INV-000878,SUP-002,2025-05-25,132175.18,9
PAY-000879,INV-000879,SUP-002,2025-05-19,155098.86,0
PAY-000880,INV-000880,SUP-002,2025-05-21,153390.75,0
PAY-000881,INV-000881,SUP-002,2025-05-25,125150.99,1
PAY-000882,INV-000882,SUP-002,2025-05-28,187868.13,-1
PAY-000883,INV-000883,SUP-002,2025-06-14,128665.13,12
PAY-000884,INV-000884,SUP-002,2025-06-02,148425.26,-1
PAY-000885,INV-000885,SUP-002,2025-06-06,115924.98,0
PAY-000886,INV-000886,SUP-002,2025-06-11,130483.36,1
PAY-000887,INV-000887,SUP-002,2025-06-14,128294.29,1
PAY-000888,INV-000888,SUP-002,2025-06-16,114352.08,1
PAY-000889,INV-000889,SUP-002,2025-06-22,128583.1,5
PAY-000890,INV-000890,SUP-002,2025-06-20,84139.89,0
PAY-000891,INV-000891,SUP-002,2025-06-26,138717.53,-1
PAY-000892,INV-000892,SUP-002,2025-06-29,99590.09,1
PAY-000893,INV-000893,SUP-002,2025-07-06,113998.75,6
PAY-000894,INV-000894,SUP-002,2025-07-03,121263.56,0
PAY-000895,INV-000895,SUP-002,2025-07-27,102299.4,21
PAY-000896,INV-000896,SUP-002,2025-07-12,125575.07,1
PAY-000897,INV-000897,SUP-002,2025-07-13,96379.23,0
PAY-000898,INV-000898,SUP-002,2025-07-17,127682.0,1
PAY-000899,INV-000899,SUP-002,2025-07-18,100791.25,1
PAY-000900,INV-000900,SUP-002,2025-07-21,108772.8,-1
PAY-000901,INV-000901,SUP-002,2025-07-29,126990.98,4
PAY-000902,INV-000902,SUP-002,2025-08-02,104115.09,5
PAY-000903,INV-000903,SUP-002,2025-08-01,124553.1,2
PAY-000904,INV-000904,SUP-002,2025-08-04,31089.44,0
PAY-000905,INV-000905,SUP-001,2025-02-05,562706.09,2
PAY-000906,INV-000906,SUP-001,2025-02-10,508411.05,0
PAY-000907,INV-000907,SUP-001,2025-02-10,414315.19,-1
PAY-000908,INV-000908,SUP-001,2025-02-11,630505.69,-2
PAY-000909,INV-000909,SUP-001,2025-02-17,386393.62,1
PAY-000910,INV-000910,SUP-001,2025-02-16,582286.77,-1
PAY-000911,INV-000911,SUP-001,2025-02-19,369723.11,-1
PAY-000912,INV-000912,SUP-001,2025-02-25,539068.57,2
PAY-000913,INV-000913,SUP-001,2025-02-26,554792.86,-1
PAY-000914,INV-000914,SUP-001,2025-03-22,354449.42,19
PAY-000915,INV-000915,SUP-001,2025-03-05,635667.06,-1
PAY-000916,INV-000916,SUP-001,2025-03-14,344218.4,6
PAY-000917,INV-000917,SUP-001,2025-03-22,694167.39,9
PAY-000918,INV-000918,SUP-001,2025-03-12,435630.44,-1
PAY-000919,INV-000919,SUP-001,2025-03-19,565079.76,1
PAY-000920,INV-000920,SUP-001,2025-03-26,514100.03,5
PAY-000921,INV-000921,SUP-001,2025-03-21,412933.71,-1
PAY-000922,INV-000922,SUP-001,2025-03-29,693199.45,2
PAY-000923,INV-000923,SUP-001,2025-03-30,355423.34,0
PAY-000924,INV-000924,SUP-001,2025-04-01,799387.1,-1
PAY-000925,INV-000925,SUP-001,2025-04-12,824503.33,7
PAY-000926,INV-000926,SUP-001,2025-04-09,1077567.46,1
PAY-000927,INV-000927,SUP-001,2025-04-10,1178087.52,1
PAY-000928,INV-000928,SUP-001,2025-04-11,841255.63,-1
PAY-000929,INV-000929,SUP-001,2025-04-19,1189134.74,4
PAY-000930,INV-000930,SUP-001,2025-04-19,809751.04,0
PAY-000931,INV-000931,SUP-001,2025-04-21,1373807.83,-1
PAY-000932,INV-000932,SUP-001,2025-04-28,910103.62,2
PAY-000933,INV-000933,SUP-001,2025-05-01,1076919.87,2
PAY-000934,INV-000934,SUP-001,2025-05-04,1077604.48,1
PAY-000935,INV-000935,SUP-001,2025-05-02,581774.3,-1
PAY-000936,INV-000936,SUP-001,2025-05-05,756651.58,-1
PAY-000937,INV-000937,SUP-001,2025-05-11,395744.69,1
PAY-000938,INV-000938,SUP-001,2025-05-15,711370.15,2
PAY-000939,INV-000939,SUP-001,2025-05-20,541673.06,1
PAY-000940,INV-000940,SUP-001,2025-05-18,709921.51,-1
PAY-000941,INV-000941,SUP-001,2025-05-23,619748.55,2
PAY-000942,INV-000942,SUP-001,2025-05-27,443307.36,2
PAY-000943,INV-000943,SUP-001,2025-05-28,853312.63,1
PAY-000944,INV-000944,SUP-001,2025-06-21,517061.36,21
PAY-000945,INV-000945,SUP-001,2025-06-04,696733.01,1
PAY-000946,INV-000946,SUP-001,2025-06-09,411832.17,2
PAY-000947,INV-000947,SUP-001,2025-06-07,504948.96,-1
PAY-000948,INV-000948,SUP-001,2025-06-10,557564.67,-2
PAY-000949,INV-000949,SUP-001,2025-06-23,375133.63,4
PAY-000950,INV-000950,SUP-001,2025-06-19,552039.31,0
PAY-000951,INV-000951,SUP-001,2025-06-19,351503.24,-1
PAY-000952,INV-000952,SUP-001,2025-06-27,625088.73,2
PAY-000953,INV-000953,SUP-001,2025-07-01,371268.41,4
PAY-000954,INV-000954,SUP-001,2025-07-02,492245.42,3
PAY-000955,INV-000955,SUP-001,2025-07-03,491498.23,-1
PAY-000956,INV-000956,SUP-001,2025-07-10,347352.77,2
PAY-000957,INV-000957,SUP-001,2025-07-16,600041.73,7
PAY-000958,INV-000958,SUP-001,2025-07-12,361839.91,-1
PAY-000959,INV-000959,SUP-001,2025-07-16,596635.46,2
PAY-000960,INV-000960,SUP-001,2025-07-16,384012.37,-1
PAY-000961,INV-000961,SUP-001,2025-07-27,465291.3,5
PAY-000962,INV-000962,SUP-001,2025-07-26,498359.86,1
PAY-000963,INV-000963,SUP-001,2025-07-27,376322.9,-1
PAY-000964,INV-000964,SUP-001,2025-07-27,680382.75,-2
PAY-000965,INV-000965,SUP-001,2025-08-02,116091.09,1
PAY-000966,INV-000966,SUP-001,2025-02-18,461196.46,15
PAY-000967,INV-000967,SUP-001,2025-02-11,401576.34,2
PAY-000968,INV-000968,SUP-001,2025-02-13,335496.56,1
PAY-000969,INV-000969,SUP-001,2025-02-13,542119.34,2
PAY-000970,INV-000970,SUP-001,2025-02-15,325847.04,0
PAY-000971,INV-000971,SUP-001,2025-02-18,521303.14,0
PAY-000972,INV-000972,SUP-001,2025-02-21,339727.25,1
PAY-000973,INV-000973,SUP-001,2025-02-25,450646.3,0
PAY-000974,INV-000974,SUP-001,2025-02-28,433429.27,1
PAY-000975,INV-000975,SUP-001,2025-03-04,324598.81,1
PAY-000976,INV-000976,SUP-001,2025-03-04,513265.21,-1
PAY-000977,INV-000977,SUP-001,2025-03-10,342121.89,2
PAY-000978,INV-000978,SUP-001,2025-03-13,555338.47,1
PAY-000979,INV-000979,SUP-001,2025-04-04,344236.74,22
PAY-000980,INV-000980,SUP-001,2025-03-16,478252.02,-2
PAY-000981,INV-000981,SUP-001,2025-03-22,484971.72,1
PAY-000982,INV-000982,SUP-001,2025-03-22,379617.3,0
PAY-000983,INV-000983,SUP-001,2025-03-28,579276.68,1
PAY-000984,INV-000984,SUP-001,2025-03-27,340499.29,-2
PAY-000985,INV-000985,SUP-001,2025-04-06,680725.44,5
PAY-000986,INV-000986,SUP-001,2025-04-24,713479.97,19
PAY-000987,INV-000987,SUP-001,2025-04-12,872125.08,-1
PAY-000988,INV-000988,SUP-001,2025-04-10,916357.45,-1
PAY-000989,INV-000989,SUP-001,2025-04-12,657668.84,-1
PAY-000990,INV-000990,SUP-001,2025-04-22,1129660.1,6
PAY-000991,INV-000991,SUP-001,2025-04-19,650937.89,0
PAY-000992,INV-000992,SUP-001,2025-04-23,1080929.3,-1
PAY-000993,INV-000993,SUP-001,2025-04-28,655134.25,2
PAY-000994,INV-000994,SUP-001,2025-04-30,932498.05,1
PAY-000995,INV-000995,SUP-001,2025-05-04,894228.85,2
PAY-000996,INV-000996,SUP-001,2025-05-03,448448.96,0
PAY-000997,INV-000997,SUP-001,2025-05-08,621261.37,1
PAY-000998,INV-000998,SUP-001,2025-05-12,346682.28,-1
PAY-000999,INV-000999,SUP-001,2025-05-18,638482.33,5
PAY-001000,INV-001000,SUP-001,2025-05-21,417622.96,3
PAY-001001,INV-001001,SUP-001,2025-05-27,559054.58,8
PAY-001002,INV-001002,SUP-001,2025-05-27,565259.92,0
PAY-001003,INV-001003,SUP-001,2025-05-25,401148.33,-1
PAY-001004,INV-001004,SUP-001,2025-06-01,669736.74,1
PAY-001005,INV-001005,SUP-001,2025-05-31,400116.67,-1
PAY-001006,INV-001006,SUP-001,2025-06-03,623979.96,1
PAY-001007,INV-001007,SUP-001,2025-06-05,339631.76,0
PAY-001008,INV-001008,SUP-001,2025-06-11,490567.49,-1
PAY-001009,INV-001009,SUP-001,2025-06-16,494667.97,3
PAY-001010,INV-001010,SUP-001,2025-06-16,336927.38,1
PAY-001011,INV-001011,SUP-001,2025-07-02,496955.04,14
PAY-001012,INV-001012,SUP-001,2025-06-23,294813.17,3
PAY-001013,INV-001013,SUP-001,2025-06-28,527237.31,2
PAY-001014,INV-001014,SUP-001,2025-06-26,344535.93,-1
PAY-001015,INV-001015,SUP-001,2025-07-25,406232.37,24
PAY-001016,INV-001016,SUP-001,2025-07-19,454562.69,17
PAY-001017,INV-001017,SUP-001,2025-07-05,306998.54,0
PAY-001018,INV-001018,SUP-001,2025-07-08,521754.15,0
PAY-001019,INV-001019,SUP-001,2025-07-12,279255.92,-1
PAY-001020,INV-001020,SUP-001,2025-07-10,475478.45,-4
PAY-001021,INV-001021,SUP-001,2025-07-18,313062.59,1
PAY-001022,INV-001022,SUP-001,2025-07-23,381633.1,2
PAY-001023,INV-001023,SUP-001,2025-07-24,429409.25,1
PAY-001024,INV-001024,SUP-001,2025-07-26,287706.8,0
PAY-001025,INV-001025,SUP-001,2025-07-31,555927.65,2
PAY-001026,INV-001026,SUP-001,2025-07-31,94702.35,-1
PAY-001027,INV-001027,SUP-001,2025-02-04,215628.53,0
PAY-001028,INV-001028,SUP-001,2025-02-09,211219.06,2
PAY-001029,INV-001029,SUP-001,2025-02-11,169774.74,1
PAY-001030,INV-001030,SUP-001,2025-02-18,275101.59,6
PAY-001031,INV-001031,SUP-001,2025-02-15,136998.09,-1
PAY-001032,INV-001032,SUP-001,2025-02-21,268617.0,1
PAY-001033,INV-001033,SUP-001,2025-03-16,193898.09,22
PAY-001034,INV-001034,SUP-001,2025-02-25,224575.84,-1
PAY-001035,INV-001035,SUP-001,2025-03-02,200606.19,2
PAY-001036,INV-001036,SUP-001,2025-03-02,164563.55,0
PAY-001037,INV-001037,SUP-001,2025-03-07,250611.93,1
PAY-001038,INV-001038,SUP-001,2025-03-08,175628.27,-1
PAY-001039,INV-001039,SUP-001,2025-03-28,280765.82,15
PAY-001040,INV-001040,SUP-001,2025-03-17,170930.04,-1
PAY-001041,INV-001041,SUP-001,2025-03-17,230730.53,1
PAY-001042,INV-001042,SUP-001,2025-03-28,224623.82,9
PAY-001043,INV-001043,SUP-001,2025-03-31,201902.16,5
PAY-001044,INV-001044,SUP-001,2025-03-29,310387.17,2
PAY-001045,INV-001045,SUP-001,2025-04-01,168479.43,2
PAY-001046,INV-001046,SUP-001,2025-04-06,347441.03,4
PAY-001047,INV-001047,SUP-001,2025-04-08,342998.22,2
PAY-001048,INV-001048,SUP-001,2025-04-12,402420.33,5
PAY-001049,INV-001049,SUP-001,2025-04-17,418910.33,6
PAY-001050,INV-001050,SUP-001,2025-04-18,328841.89,2
PAY-001051,INV-001051,SUP-001,2025-04-20,449046.75,2
PAY-001052,INV-001052,SUP-001,2025-04-20,298037.71,0
PAY-001053,INV-001053,SUP-001,2025-04-25,499061.81,2
PAY-001054,INV-001054,SUP-001,2025-04-21,370162.22,-4
PAY-001055,INV-001055,SUP-001,2025-04-30,378093.02,2
PAY-001056,INV-001056,SUP-001,2025-05-07,454516.71,6
PAY-001057,INV-001057,SUP-001,2025-05-07,244511.18,1
PAY-001058,INV-001058,SUP-001,2025-05-17,304384.72,6
PAY-001059,INV-001059,SUP-001,2025-05-08,196464.64,-1
PAY-001060,INV-001060,SUP-001,2025-05-14,294498.82,2
PAY-001061,INV-001061,SUP-001,2025-05-16,230155.46,1
PAY-001062,INV-001062,SUP-001,2025-05-26,286781.31,6
PAY-001063,INV-001063,SUP-001,2025-05-26,318363.33,2
PAY-001064,INV-001064,SUP-001,2025-06-02,207684.35,9
PAY-001065,INV-001065,SUP-001,2025-05-26,328513.46,-1
PAY-001066,INV-001066,SUP-001,2025-05-31,242669.79,1
PAY-001067,INV-001067,SUP-001,2025-06-04,291540.71,0
PAY-001068,INV-001068,SUP-001,2025-06-09,188395.69,2
PAY-001069,INV-001069,SUP-001,2025-06-12,224190.29,1
PAY-001070,INV-001070,SUP-001,2025-06-12,236710.34,1
PAY-001071,INV-001071,SUP-001,2025-06-16,187987.02,0
PAY-001072,INV-001072,SUP-001,2025-06-19,232946.94,1
PAY-001073,INV-001073,SUP-001,2025-06-24,143292.94,2
PAY-001074,INV-001074,SUP-001,2025-06-26,233651.04,1
PAY-001075,INV-001075,SUP-001,2025-06-25,173678.1,-1
PAY-001076,INV-001076,SUP-001,2025-06-30,190345.35,-1
PAY-001077,INV-001077,SUP-001,2025-07-03,224510.92,0
PAY-001078,INV-001078,SUP-001,2025-07-13,163114.02,8
PAY-001079,INV-001079,SUP-001,2025-07-12,259256.83,2
PAY-001080,INV-001080,SUP-001,2025-07-14,142144.74,0
PAY-001081,INV-001081,SUP-001,2025-07-15,243209.29,-1
PAY-001082,INV-001082,SUP-001,2025-07-29,170756.0,10
PAY-001083,INV-001083,SUP-001,2025-07-22,193528.86,-2
PAY-001084,INV-001084,SUP-001,2025-07-22,214030.57,-1
PAY-001085,INV-001085,SUP-001,2025-07-29,171397.86,1
PAY-001086,INV-001086,SUP-001,2025-08-02,251711.71,2
PAY-001087,INV-001087,SUP-001,2025-08-02,52183.63,0
PAY-001088,INV-001088,SUP-001,2025-02-07,3635676.99,1
PAY-001089,INV-001089,SUP-001,2025-02-07,2865567.85,-1
PAY-001090,INV-001090,SUP-001,2025-02-11,2918533.14,1
PAY-001091,INV-001091,SUP-001,2025-02-13,3365842.3,2
PAY-001092,INV-001092,SUP-001,2025-02-17,2895891.61,1
PAY-001093,INV-001093,SUP-001,2025-02-19,3205402.76,0
PAY-001094,INV-001094,SUP-001,2025-02-21,2392732.71,0
PAY-001095,INV-001095,SUP-001,2025-02-23,3289709.48,0
PAY-001096,INV-001096,SUP-001,2025-03-02,2976256.08,2
PAY-001097,INV-001097,SUP-001,2025-03-04,2891800.42,2
PAY-001098,INV-001098,SUP-001,2025-03-06,3644941.74,0
PAY-001099,INV-001099,SUP-001,2025-03-13,2883797.15,2
PAY-001100,INV-001100,SUP-001,2025-03-16,3147044.61,6
PAY-001101,INV-001101,SUP-001,2025-03-16,2462599.23,2
PAY-001102,INV-001102,SUP-001,2025-03-14,3698527.45,-4
PAY-001103,INV-001103,SUP-001,2025-03-30,3274190.45,7
PAY-001104,INV-001104,SUP-001,2025-03-25,2952519.63,1
PAY-001105,INV-001105,SUP-001,2025-03-25,3377704.04,-2
PAY-001106,INV-001106,SUP-001,2025-04-02,2867933.37,2
PAY-001107,INV-001107,SUP-001,2025-04-01,3692820.13,1
PAY-001108,INV-001108,SUP-001,2025-04-04,3674701.98,0
PAY-001109,INV-001109,SUP-001,2025-04-08,5461687.84,1
PAY-001110,INV-001110,SUP-001,2025-04-18,4437371.71,7
PAY-001111,INV-001111,SUP-001,2025-04-14,4558017.34,1
PAY-001112,INV-001112,SUP-001,2025-04-28,5652346.23,7
PAY-001113,INV-001113,SUP-001,2025-04-21,4771032.24,2
PAY-001114,INV-001114,SUP-001,2025-04-24,5006171.0,1
PAY-001115,INV-001115,SUP-001,2025-04-27,4159331.4,1
PAY-001116,INV-001116,SUP-001,2025-05-03,4402620.76,4
PAY-001117,INV-001117,SUP-001,2025-05-07,5068817.03,2
PAY-001118,INV-001118,SUP-001,2025-05-07,4297948.38,2
PAY-001119,INV-001119,SUP-001,2025-05-12,3592688.3,5
PAY-001120,INV-001120,SUP-001,2025-05-06,3035748.92,-3
PAY-001121,INV-001121,SUP-001,2025-05-17,3780319.97,2
PAY-001122,INV-001122,SUP-001,2025-05-16,3167757.61,1
PAY-001123,INV-001123,SUP-001,2025-05-21,3930562.68,0
PAY-001124,INV-001124,SUP-001,2025-05-22,4103887.6,-2
PAY-001125,INV-001125,SUP-001,2025-05-25,3647614.68,1
PAY-001126,INV-001126,SUP-001,2025-05-28,3998075.97,-1
PAY-001127,INV-001127,SUP-001,2025-06-03,3190427.46,2
PAY-001128,INV-001128,SUP-001,2025-06-02,3680212.19,0
PAY-001129,INV-001129,SUP-001,2025-06-05,2489379.73,-1
PAY-001130,INV-001130,SUP-001,2025-06-19,3385679.96,11
PAY-001131,INV-001131,SUP-001,2025-06-10,3125072.15,-1
PAY-001132,INV-001132,SUP-001,2025-06-17,2572527.92,2
PAY-001133,INV-001133,SUP-001,2025-06-25,2552415.59,2
PAY-001134,INV-001134,SUP-001,2025-06-25,3139583.61,0
PAY-001135,INV-001135,SUP-001,2025-06-28,2247956.76,1
PAY-001136,INV-001136,SUP-001,2025-07-10,3278812.49,9
PAY-001137,INV-001137,SUP-001,2025-07-01,2640942.2,-1
PAY-001138,INV-001138,SUP-001,2025-07-03,2271114.65,-4
PAY-001139,INV-001139,SUP-001,2025-07-08,3498791.24,-1
PAY-001140,INV-001140,SUP-001,2025-07-17,2305267.95,3
PAY-001141,INV-001141,SUP-001,2025-07-18,3013441.53,2
PAY-001142,INV-001142,SUP-001,2025-07-19,2367112.57,0
PAY-001143,INV-001143,SUP-001,2025-07-20,2903997.05,-1
PAY-001144,INV-001144,SUP-001,2025-07-23,2694119.95,0
PAY-001145,INV-001145,SUP-001,2025-07-26,2894793.73,-1
PAY-001146,INV-001146,SUP-001,2025-07-30,3006077.92,-1
PAY-001147,INV-001147,SUP-001,2025-08-02,642179.68,0
PAY-001148,INV-001148,SUP-001,2025-02-06,3760180.77,2
PAY-001149,INV-001149,SUP-001,2025-02-06,3494376.55,-1
PAY-001150,INV-001150,SUP-001,2025-02-09,2551330.57,1
PAY-001151,INV-001151,SUP-001,2025-02-13,4125981.6,2
PAY-001152,INV-001152,SUP-001,2025-02-11,2533697.47,-4
PAY-001153,INV-001153,SUP-001,2025-02-21,4359755.82,2
PAY-001154,INV-001154,SUP-001,2025-03-03,2592905.97,11
PAY-001155,INV-001155,SUP-001,2025-02-24,3380183.65,0
PAY-001156,INV-001156,SUP-001,2025-03-01,3604717.46,0
PAY-001157,INV-001157,SUP-001,2025-03-18,2940359.8,16
PAY-001158,INV-001158,SUP-001,2025-03-07,4742093.56,1
PAY-001159,INV-001159,SUP-001,2025-03-05,3019877.05,-2
PAY-001160,INV-001160,SUP-001,2025-03-10,4850428.01,-2
PAY-001161,INV-001161,SUP-001,2025-03-21,2942990.4,4
PAY-001162,INV-001162,SUP-001,2025-03-19,3555977.4,2
PAY-001163,INV-001163,SUP-001,2025-03-22,3879703.19,-1
PAY-001164,INV-001164,SUP-001,2025-03-27,2587407.57,1
PAY-001165,INV-001165,SUP-001,2025-04-02,4561843.82,7
PAY-001166,INV-001166,SUP-001,2025-03-29,2905559.64,0
PAY-001167,INV-001167,SUP-001,2025-04-11,5736748.51,9
PAY-001168,INV-001168,SUP-001,2025-04-07,5907547.06,4
PAY-001169,INV-001169,SUP-001,2025-04-13,7229721.8,5
PAY-001170,INV-001170,SUP-001,2025-04-10,7607032.91,1
PAY-001171,INV-001171,SUP-001,2025-04-16,5521507.03,-1
PAY-001172,INV-001172,SUP-001,2025-04-16,5530335.91,-2
PAY-001173,INV-001173,SUP-001,2025-04-21,7615905.64,-1
PAY-001174,INV-001174,SUP-001,2025-04-26,6201531.2,2
PAY-001175,INV-001175,SUP-001,2025-04-29,7273848.83,0
PAY-001176,INV-001176,SUP-001,2025-05-01,6417024.97,1
PAY-001177,INV-001177,SUP-001,2025-05-08,4471849.84,1
PAY-001178,INV-001178,SUP-001,2025-05-10,4858239.03,0
PAY-001179,INV-001179,SUP-001,2025-05-11,3017799.26,-1
PAY-001180,INV-001180,SUP-001,2025-05-13,5498084.31,-1
PAY-001181,INV-001181,SUP-001,2025-05-20,3480323.87,3
PAY-001182,INV-001182,SUP-001,2025-05-17,3856725.37,-1
PAY-001183,INV-001183,SUP-001,2025-05-29,4581574.09,7
PAY-001184,INV-001184,SUP-001,2025-05-28,3438579.76,-1
PAY-001185,INV-001185,SUP-001,2025-06-03,5670328.22,1
PAY-001186,INV-001186,SUP-001,2025-06-07,3221497.97,7
PAY-001187,INV-001187,SUP-001,2025-06-09,4847426.28,6
PAY-001188,INV-001188,SUP-001,2025-06-06,3124328.96,-1
PAY-001189,INV-001189,SUP-001,2025-06-17,3636956.93,9
PAY-001190,INV-001190,SUP-001,2025-06-20,3863338.04,8
PAY-001191,INV-001191,SUP-001,2025-06-22,2777061.95,7
PAY-001192,INV-001192,SUP-001,2025-06-17,4307761.96,0
PAY-001193,INV-001193,SUP-001,2025-06-27,2365449.13,6
PAY-001194,INV-001194,SUP-001,2025-06-25,3803059.25,0
PAY-001195,INV-001195,SUP-001,2025-06-25,2738584.17,-1
PAY-001196,INV-001196,SUP-001,2025-07-05,3191269.96,2
PAY-001197,INV-001197,SUP-001,2025-07-03,3823692.8,0
PAY-001198,INV-001198,SUP-001,2025-07-10,2591530.97,2
PAY-001199,INV-001199,SUP-001,2025-07-16,4467690.93,2
PAY-001200,INV-001200,SUP-001,2025-07-14,3849577.79,-1
PAY-001201,INV-001201,SUP-001,2025-07-17,2457569.97,0
PAY-001202,INV-001202,SUP-001,2025-07-22,3174145.06,1
PAY-001203,INV-001203,SUP-001,2025-08-14,3334400.87,21
PAY-001204,INV-001204,SUP-001,2025-07-28,2378212.5,2
PAY-001205,INV-001205,SUP-001,2025-08-01,4119447.73,1
PAY-001206,INV-001206,SUP-001,2025-08-11,779885.27,9
PAY-001207,INV-001207,SUP-002,2025-01-31,1079517.21,-4
PAY-001208,INV-001208,SUP-002,2025-02-17,1030164.92,9
PAY-001209,INV-001209,SUP-002,2025-02-22,958347.95,12
PAY-001210,INV-001210,SUP-002,2025-02-11,1326007.74,0
PAY-001211,INV-001211,SUP-002,2025-02-13,784980.61,-1
PAY-001212,INV-001212,SUP-002,2025-02-18,1207489.3,-1
PAY-001213,INV-001213,SUP-002,2025-02-22,882589.61,2
PAY-001214,INV-001214,SUP-002,2025-03-02,1085145.38,7
PAY-001215,INV-001215,SUP-002,2025-02-25,1142283.88,-1
PAY-001216,INV-001216,SUP-002,2025-03-05,940444.77,2
PAY-001217,INV-001217,SUP-002,2025-03-04,1201144.8,-1
PAY-001218,INV-001218,SUP-002,2025-03-17,895556.65,7
PAY-001219,INV-001219,SUP-002,2025-03-12,1186059.91,2
PAY-001220,INV-001220,SUP-002,2025-03-15,1013933.96,-1
PAY-001221,INV-001221,SUP-002,2025-03-18,1022275.76,1
PAY-001222,INV-001222,SUP-002,2025-03-24,1212163.74,5
PAY-001223,INV-001223,SUP-002,2025-03-29,990378.04,0
PAY-001224,INV-001224,SUP-002,2025-03-27,1403416.69,1
PAY-001225,INV-001225,SUP-002,2025-03-28,894930.63,0
PAY-001226,INV-001226,SUP-002,2025-04-07,1450470.74,6
PAY-001227,INV-001227,SUP-002,2025-04-12,1497066.73,7
PAY-001228,INV-001228,SUP-002,2025-04-05,1642480.92,-2
PAY-001229,INV-001229,SUP-002,2025-04-18,1647699.29,3
PAY-001230,INV-001230,SUP-002,2025-04-16,1439793.91,4
PAY-001231,INV-001231,SUP-002,2025-04-17,2026255.72,0
PAY-001232,INV-001232,SUP-002,2025-04-20,1359283.78,2
PAY-001233,INV-001233,SUP-002,2025-04-22,1970337.16,-1
PAY-001234,INV-001234,SUP-002,2025-04-26,1657683.83,0
PAY-001235,INV-001235,SUP-002,2025-05-04,1683590.67,6
PAY-001236,INV-001236,SUP-002,2025-05-03,1672144.6,0
PAY-001237,INV-001237,SUP-002,2025-05-06,1387656.73,2
PAY-001238,INV-001238,SUP-002,2025-05-05,1308640.28,-2
PAY-001239,INV-001239,SUP-002,2025-05-13,929488.71,1
PAY-001240,INV-001240,SUP-002,2025-05-14,1458038.0,2
PAY-001241,INV-001241,SUP-002,2025-05-24,1139315.06,5
PAY-001242,INV-001242,SUP-002,2025-05-19,1179847.53,0
PAY-001243,INV-001243,SUP-002,2025-05-25,1335866.26,2
PAY-001244,INV-001244,SUP-002,2025-06-02,1696369.99,5
PAY-001245,INV-001245,SUP-002,2025-06-02,1145618.86,1
PAY-001246,INV-001246,SUP-002,2025-06-11,1418939.71,8
PAY-001247,INV-001247,SUP-002,2025-06-03,1041360.31,-3
PAY-001248,INV-001248,SUP-002,2025-06-14,1173229.88,1
PAY-001249,INV-001249,SUP-002,2025-06-23,1206371.6,8
PAY-001250,INV-001250,SUP-002,2025-06-15,1033761.15,-1
PAY-001251,INV-001251,SUP-002,2025-06-24,1212491.15,2
PAY-001252,INV-001252,SUP-002,2025-07-04,753676.91,12
PAY-001253,INV-001253,SUP-002,2025-06-26,1137868.98,1
PAY-001254,INV-001254,SUP-002,2025-06-28,926717.39,-2
PAY-001255,INV-001255,SUP-002,2025-06-30,1024350.7,-1
PAY-001256,INV-001256,SUP-002,2025-07-02,894203.33,-1
PAY-001257,INV-001257,SUP-002,2025-07-15,897016.51,4
PAY-001258,INV-001258,SUP-002,2025-07-07,1173189.37,-1
PAY-001259,INV-001259,SUP-002,2025-07-11,795203.68,-1
PAY-001260,INV-001260,SUP-002,2025-07-16,1077176.77,2
PAY-001261,INV-001261,SUP-002,2025-08-03,923912.09,17
PAY-001262,INV-001262,SUP-002,2025-08-08,1001396.5,17
PAY-001263,INV-001263,SUP-002,2025-07-23,1002127.57,0
PAY-001264,INV-001264,SUP-002,2025-08-01,922397.67,4
PAY-001265,INV-001265,SUP-002,2025-08-08,1273447.32,5
PAY-001266,INV-001266,SUP-002,2025-08-01,235130.26,-4
PAY-001267,INV-001267,SUP-001,2025-02-06,4624791.33,2
PAY-001268,INV-001268,SUP-001,2025-02-08,4789320.41,1
PAY-001269,INV-001269,SUP-001,2025-02-18,3264390.13,8
PAY-001270,INV-001270,SUP-001,2025-02-14,5766993.68,2
PAY-001271,INV-001271,SUP-001,2025-02-23,3279728.04,7
PAY-001272,INV-001272,SUP-001,2025-02-19,5600984.64,0
PAY-001273,INV-001273,SUP-001,2025-03-03,3595206.95,9
PAY-001274,INV-001274,SUP-001,2025-02-24,4478325.61,-1
PAY-001275,INV-001275,SUP-001,2025-03-03,5082771.31,1
PAY-001276,INV-001276,SUP-001,2025-03-08,3464819.63,4
PAY-001277,INV-001277,SUP-001,2025-03-04,6293689.73,-4
PAY-001278,INV-001278,SUP-001,2025-03-14,3238244.07,5
PAY-001279,INV-001279,SUP-001,2025-03-18,5328692.75,6
PAY-001280,INV-001280,SUP-001,2025-03-20,3842593.1,6
PAY-001281,INV-001281,SUP-001,2025-04-07,4947189.72,19
PAY-001282,INV-001282,SUP-001,2025-03-19,4632036.6,-1
PAY-001283,INV-001283,SUP-001,2025-03-22,3277463.97,-1
PAY-001284,INV-001284,SUP-001,2025-03-24,6049799.81,-1
PAY-001285,INV-001285,SUP-001,2025-03-31,3203821.93,2
PAY-001286,INV-001286,SUP-001,2025-03-28,7157715.49,-4
PAY-001287,INV-001287,SUP-001,2025-04-08,7606413.99,3
PAY-001288,INV-001288,SUP-001,2025-04-10,10133381.74,2
PAY-001289,INV-001289,SUP-001,2025-04-11,9118751.95,2
PAY-001290,INV-001290,SUP-001,2025-04-15,6979538.72,2
PAY-001291,INV-001291,SUP-001,2025-04-22,11432695.75,6
PAY-001292,INV-001292,SUP-001,2025-04-20,7462705.85,0
PAY-001293,INV-001293,SUP-001,2025-04-23,10918983.59,0
PAY-001294,INV-001294,SUP-001,2025-04-25,6486140.06,-1
PAY-001295,INV-001295,SUP-001,2025-05-10,9765043.57,6
PAY-001296,INV-001296,SUP-001,2025-05-04,9200767.62,0
PAY-001297,INV-001297,SUP-001,2025-05-13,5166244.24,9
PAY-001298,INV-001298,SUP-001,2025-05-09,6472484.07,2
PAY-001299,INV-001299,SUP-001,2025-05-18,3801292.16,2
PAY-001300,INV-001300,SUP-001,2025-05-18,7292616.88,-1
PAY-001301,INV-001301,SUP-001,2025-05-15,4040863.48,-1
PAY-001302,INV-001302,SUP-001,2025-06-07,5733073.48,20
PAY-001303,INV-001303,SUP-001,2025-05-22,5768390.44,1
PAY-001304,INV-001304,SUP-001,2025-05-22,4608563.4,-4
PAY-001305,INV-001305,SUP-001,2025-06-04,7568487.46,8
PAY-001306,INV-001306,SUP-001,2025-06-23,4201303.01,23
PAY-001307,INV-001307,SUP-001,2025-06-06,5911811.58,0
PAY-001308,INV-001308,SUP-001,2025-06-07,4029218.5,0
PAY-001309,INV-001309,SUP-001,2025-06-07,4714571.14,-1
PAY-001310,INV-001310,SUP-001,2025-06-11,4839620.43,0
PAY-001311,INV-001311,SUP-001,2025-06-16,3730843.77,2
PAY-001312,INV-001312,SUP-001,2025-06-19,4882355.0,2
PAY-001313,INV-001313,SUP-001,2025-06-24,3151859.05,2
PAY-001314,INV-001314,SUP-001,2025-06-30,5142833.12,5
PAY-001315,INV-001315,SUP-001,2025-06-25,3480861.51,-2
PAY-001316,INV-001316,SUP-001,2025-07-01,4595618.08,-1
PAY-001317,INV-001317,SUP-001,2025-07-24,4478012.54,21
PAY-001318,INV-001318,SUP-001,2025-07-06,3239433.02,0
PAY-001319,INV-001319,SUP-001,2025-07-07,4547512.96,-2
PAY-001320,INV-001320,SUP-001,2025-07-13,2900836.75,1
PAY-001321,INV-001321,SUP-001,2025-07-17,5584012.8,1
PAY-001322,INV-001322,SUP-001,2025-07-20,3279863.39,-1
PAY-001323,INV-001323,SUP-001,2025-07-29,4054530.12,7
PAY-001324,INV-001324,SUP-001,2025-07-26,4093605.37,-1
PAY-001325,INV-001325,SUP-001,2025-07-29,2788205.62,-3
PAY-001326,INV-001326,SUP-001,2025-08-18,5649124.31,20
PAY-001327,INV-001327,SUP-001,2025-08-11,1018732.39,3
PAY-001328,INV-001328,SUP-001,2025-02-04,3872409.28,0
PAY-001329,INV-001329,SUP-001,2025-02-05,4012597.22,0
PAY-001330,INV-001330,SUP-001,2025-02-08,2719061.38,0
PAY-001331,INV-001331,SUP-001,2025-02-11,4712160.83,-1
PAY-001332,INV-001332,SUP-001,2025-02-15,2640648.23,1
PAY-001333,INV-001333,SUP-001,2025-02-19,4299137.54,2
PAY-001334,INV-001334,SUP-001,2025-02-25,3113994.03,3
PAY-001335,INV-001335,SUP-001,2025-02-25,3826521.35,1
PAY-001336,INV-001336,SUP-001,2025-02-26,3773403.73,0
PAY-001337,INV-001337,SUP-001,2025-03-05,3129458.93,2
PAY-001338,INV-001338,SUP-001,2025-03-07,4901621.68,2
PAY-001339,INV-001339,SUP-001,2025-03-07,2424532.21,-2
PAY-001340,INV-001340,SUP-001,2025-03-13,4712025.81,2
PAY-001341,INV-001341,SUP-001,2025-04-04,3464237.79,22
PAY-001342,INV-001342,SUP-001,2025-03-18,3853976.82,2
PAY-001343,INV-001343,SUP-001,2025-03-29,4384305.6,8
PAY-001344,INV-001344,SUP-001,2025-03-21,3243086.29,-3
PAY-001345,INV-001345,SUP-001,2025-03-27,4879854.11,0
PAY-001346,INV-001346,SUP-001,2025-03-31,2941059.59,1
PAY-001347,INV-001347,SUP-001,2025-04-04,6152565.77,2
PAY-001348,INV-001348,SUP-001,2025-04-05,6180023.51,0
PAY-001349,INV-001349,SUP-001,2025-04-10,7798688.96,2
PAY-001350,INV-001350,SUP-001,2025-04-09,5833094.4,-4
PAY-001351,INV-001351,SUP-001,2025-04-21,11289668.41,2
PAY-001352,INV-001352,SUP-001,2025-04-19,5483171.3,-1
PAY-001353,INV-001353,SUP-001,2025-05-02,9993668.06,8
PAY-001354,INV-001354,SUP-001,2025-04-25,6811210.71,-1
PAY-001355,INV-001355,SUP-001,2025-05-01,8357903.54,2
PAY-001356,INV-001356,SUP-001,2025-04-30,7718815.07,-1
PAY-001357,INV-001357,SUP-001,2025-05-04,4034805.19,0
PAY-001358,INV-001358,SUP-001,2025-05-10,5247820.07,0
PAY-001359,INV-001359,SUP-001,2025-05-11,3040539.46,-1
PAY-001360,INV-001360,SUP-001,2025-05-18,5567434.08,6
PAY-001361,INV-001361,SUP-001,2025-05-14,3906430.78,-1
PAY-001362,INV-001362,SUP-001,2025-05-19,5147545.83,0
PAY-001363,INV-001363,SUP-001,2025-05-28,4311243.78,5
PAY-001364,INV-001364,SUP-001,2025-05-23,3405948.78,-1
PAY-001365,INV-001365,SUP-001,2025-06-19,5853307.71,22
PAY-001366,INV-001366,SUP-001,2025-05-30,3488672.9,0
PAY-001367,INV-001367,SUP-001,2025-06-02,5332002.64,0
PAY-001368,INV-001368,SUP-001,2025-06-27,3102624.26,20
PAY-001369,INV-001369,SUP-001,2025-06-08,4127343.47,-1
PAY-001370,INV-001370,SUP-001,2025-06-18,4251454.01,3
PAY-001371,INV-001371,SUP-001,2025-06-24,3133261.51,8
PAY-001372,INV-001372,SUP-001,2025-06-21,4428348.33,2
PAY-001373,INV-001373,SUP-001,2025-06-23,2761675.99,2
PAY-001374,INV-001374,SUP-001,2025-06-26,4670432.29,1
PAY-001375,INV-001375,SUP-001,2025-06-26,2761542.58,-1
PAY-001376,INV-001376,SUP-001,2025-06-29,3855727.17,-1
PAY-001377,INV-001377,SUP-001,2025-07-04,3514130.65,2
PAY-001378,INV-001378,SUP-001,2025-07-04,2392528.63,-1
PAY-001379,INV-001379,SUP-001,2025-07-10,4256150.85,0
PAY-001380,INV-001380,SUP-001,2025-07-16,2438162.82,4
PAY-001381,INV-001381,SUP-001,2025-07-13,4398987.41,-1
PAY-001382,INV-001382,SUP-001,2025-07-19,2783010.52,1
PAY-001383,INV-001383,SUP-001,2025-07-23,3562956.23,1
PAY-001384,INV-001384,SUP-001,2025-07-23,3545459.81,0
PAY-001385,INV-001385,SUP-001,2025-07-29,2798853.6,3
PAY-001386,INV-001386,SUP-001,2025-08-03,4470325.24,3
PAY-001387,INV-001387,SUP-001,2025-07-30,804398.05,-4
PAY-001388,INV-001388,SUP-001,2025-02-06,1856289.26,2
PAY-001389,INV-001389,SUP-001,2025-02-04,1960468.27,-3
PAY-001390,INV-001390,SUP-001,2025-02-12,1554187.31,2
PAY-001391,INV-001391,SUP-001,2025-02-15,2191862.38,3
PAY-001392,INV-001392,SUP-001,2025-02-13,1485792.82,-3
PAY-001393,INV-001393,SUP-001,2025-02-17,2266948.29,-2
PAY-001394,INV-001394,SUP-001,2025-02-21,1690469.12,0
PAY-001395,INV-001395,SUP-001,2025-02-25,1801797.19,-1
PAY-001396,INV-001396,SUP-001,2025-02-28,1764157.14,2
PAY-001397,INV-001397,SUP-001,2025-03-03,1675250.1,0
PAY-001398,INV-001398,SUP-001,2025-03-14,2532514.55,9
PAY-001399,INV-001399,SUP-001,2025-04-01,1529353.86,23
PAY-001400,INV-001400,SUP-001,2025-03-11,2504670.56,-1
PAY-001401,INV-001401,SUP-001,2025-03-14,1493320.6,-1
PAY-001402,INV-001402,SUP-001,2025-03-16,1815893.72,-1
PAY-001403,INV-001403,SUP-001,2025-03-25,1916736.12,1
PAY-001404,INV-001404,SUP-001,2025-03-24,1548629.18,1
PAY-001405,INV-001405,SUP-001,2025-03-30,2389714.82,-1
PAY-001406,INV-001406,SUP-001,2025-04-18,1446407.92,19
PAY-001407,INV-001407,SUP-001,2025-04-08,2987245.88,0
PAY-001408,INV-001408,SUP-001,2025-04-14,3542084.88,3
PAY-001409,INV-001409,SUP-001,2025-04-22,2826277.09,8
PAY-001410,INV-001410,SUP-001,2025-04-17,4302805.79,2
PAY-001411,INV-001411,SUP-001,2025-05-01,2552676.84,6
PAY-001412,INV-001412,SUP-001,2025-04-25,4047416.51,2
PAY-001413,INV-001413,SUP-001,2025-04-24,3103728.51,-1
PAY-001414,INV-001414,SUP-001,2025-04-30,3481247.8,2
PAY-001415,INV-001415,SUP-001,2025-05-09,3630593.6,8
PAY-001416,INV-001416,SUP-001,2025-05-07,2151858.52,1
PAY-001417,INV-001417,SUP-001,2025-05-09,2625505.82,1
PAY-001418,INV-001418,SUP-001,2025-05-17,1603748.95,8
PAY-001419,INV-001419,SUP-001,2025-05-18,2631039.58,2
PAY-001420,INV-001420,SUP-001,2025-05-17,1973841.84,2
PAY-001421,INV-001421,SUP-001,2025-05-29,2545186.71,7
PAY-001422,INV-001422,SUP-001,2025-05-24,2629958.89,3
PAY-001423,INV-001423,SUP-001,2025-06-04,1958569.07,7
PAY-001424,INV-001424,SUP-001,2025-06-06,3003906.07,9
PAY-001425,INV-001425,SUP-001,2025-06-03,1871970.62,3
PAY-001426,INV-001426,SUP-001,2025-06-23,2293774.22,21
PAY-001427,INV-001427,SUP-001,2025-06-06,1729266.22,-1
PAY-001428,INV-001428,SUP-001,2025-06-14,2134738.24,-1
PAY-001429,INV-001429,SUP-001,2025-06-10,2013993.16,-1
PAY-001430,INV-001430,SUP-001,2025-06-17,1727898.1,1
PAY-001431,INV-001431,SUP-001,2025-06-28,2267889.24,9
PAY-001432,INV-001432,SUP-001,2025-06-20,1255782.35,0
PAY-001433,INV-001433,SUP-001,2025-06-27,2014054.28,1
PAY-001434,INV-001434,SUP-001,2025-07-01,1568674.83,1
PAY-001435,INV-001435,SUP-001,2025-07-04,1802377.19,5
PAY-001436,INV-001436,SUP-001,2025-07-05,1920104.57,2
PAY-001437,INV-001437,SUP-001,2025-07-06,1323748.55,0
PAY-001438,INV-001438,SUP-001,2025-07-07,1950416.9,-3
PAY-001439,INV-001439,SUP-001,2025-07-17,1425354.48,5
PAY-001440,INV-001440,SUP-001,2025-07-17,2112669.08,1
PAY-001441,INV-001441,SUP-001,2025-07-19,1489448.25,2
PAY-001442,INV-001442,SUP-001,2025-07-27,1543226.72,7
PAY-001443,INV-001443,SUP-001,2025-07-28,1985639.12,0
PAY-001444,INV-001444,SUP-001,2025-08-03,1356497.3,8
PAY-001445,INV-001445,SUP-001,2025-08-06,2433154.47,7
PAY-001446,INV-001446,SUP-001,2025-08-07,451266.09,6
PAY-001447,INV-001447,SUP-005,2025-01-17,242914.49,0
PAY-001448,INV-001448,SUP-005,2025-02-10,225601.73,20
PAY-001449,INV-001449,SUP-005,2025-01-22,210589.44,0
PAY-001450,INV-001450,SUP-005,2025-01-30,194904.86,4
PAY-001451,INV-001451,SUP-005,2025-02-02,199744.99,9
PAY-001452,INV-001452,SUP-005,2025-01-26,195591.86,-1
PAY-001453,INV-001453,SUP-005,2025-02-11,118749.51,12
PAY-001454,INV-001454,SUP-005,2025-02-07,211270.66,8
PAY-001455,INV-001455,SUP-005,2025-02-02,241379.25,-1
PAY-001456,INV-001456,SUP-005,2025-02-07,165015.68,3
PAY-001457,INV-001457,SUP-005,2025-02-28,181362.75,22
PAY-001458,INV-001458,SUP-005,2025-02-08,221217.59,-1
PAY-001459,INV-001459,SUP-005,2025-02-11,232862.7,2
PAY-001460,INV-001460,SUP-005,2025-02-15,150114.41,1
PAY-001461,INV-001461,SUP-005,2025-02-14,200210.72,1
PAY-001462,INV-001462,SUP-005,2025-02-16,256633.78,-1
PAY-001463,INV-001463,SUP-005,2025-02-19,201805.4,0
PAY-001464,INV-001464,SUP-005,2025-02-27,265478.48,6
PAY-001465,INV-001465,SUP-005,2025-02-20,238418.74,-1
PAY-001466,INV-001466,SUP-005,2025-02-27,272949.59,2
PAY-001467,INV-001467,SUP-005,2025-03-06,160076.14,9
PAY-001468,INV-001468,SUP-005,2025-03-03,254494.69,3
PAY-001469,INV-001469,SUP-005,2025-03-03,264737.82,1
PAY-001470,INV-001470,SUP-005,2025-03-09,177788.5,5
PAY-001471,INV-001471,SUP-005,2025-03-08,232528.48,1
PAY-001472,INV-001472,SUP-005,2025-03-09,244194.98,1
PAY-001473,INV-001473,SUP-005,2025-03-13,203027.56,2
PAY-001474,INV-001474,SUP-005,2025-03-15,145388.09,2
PAY-001475,INV-001475,SUP-005,2025-03-16,164671.82,0
PAY-001476,INV-001476,SUP-005,2025-03-25,258521.96,9
PAY-001477,INV-001477,SUP-005,2025-03-18,273988.79,-1
PAY-001478,INV-001478,SUP-005,2025-03-22,293424.17,1
PAY-001479,INV-001479,SUP-005,2025-03-24,237059.26,2
PAY-001480,INV-001480,SUP-005,2025-03-26,227678.46,0
PAY-001481,INV-001481,SUP-005,2025-03-28,245097.74,1
PAY-001482,INV-001482,SUP-005,2025-03-30,315225.77,0
PAY-001483,INV-001483,SUP-005,2025-04-08,220326.31,1
PAY-001484,INV-001484,SUP-005,2025-04-05,262143.35,1
PAY-001485,INV-001485,SUP-005,2025-04-11,269753.09,5
PAY-001486,INV-001486,SUP-005,2025-04-10,299784.64,1
PAY-001487,INV-001487,SUP-005,2025-04-17,195548.88,7
PAY-001488,INV-001488,SUP-005,2025-04-12,300566.05,0
PAY-001489,INV-001489,SUP-005,2025-04-15,283819.46,-1
PAY-001490,INV-001490,SUP-005,2025-04-16,206982.03,-2
PAY-001491,INV-001491,SUP-005,2025-04-19,299014.23,-1
PAY-001492,INV-001492,SUP-005,2025-04-21,234419.65,0
PAY-001493,INV-001493,SUP-005,2025-04-20,122481.58,-2
PAY-001494,INV-001494,SUP-005,2025-04-22,216947.93,-3
PAY-001495,INV-001495,SUP-005,2025-04-30,333873.82,2
PAY-001496,INV-001496,SUP-005,2025-05-04,219893.41,2
PAY-001497,INV-001497,SUP-005,2025-05-05,239793.84,3
PAY-001498,INV-001498,SUP-005,2025-05-28,213465.24,24
PAY-001499,INV-001499,SUP-005,2025-05-05,266664.33,1
PAY-001500,INV-001500,SUP-005,2025-05-13,180159.91,7
PAY-001501,INV-001501,SUP-005,2025-05-10,207856.54,1
PAY-001502,INV-001502,SUP-005,2025-05-12,267599.35,0
PAY-001503,INV-001503,SUP-005,2025-05-16,215435.89,1
PAY-001504,INV-001504,SUP-005,2025-05-14,214698.47,-1
PAY-001505,INV-001505,SUP-005,2025-05-21,289436.09,3
PAY-001506,INV-001506,SUP-005,2025-05-19,223814.49,-1
PAY-001507,INV-001507,SUP-005,2025-06-13,156990.71,23
PAY-001508,INV-001508,SUP-005,2025-05-21,226778.29,-4
PAY-001509,INV-001509,SUP-005,2025-05-24,265774.89,-1
PAY-001510,INV-001510,SUP-005,2025-05-28,169194.6,0
PAY-001511,INV-001511,SUP-005,2025-06-06,208747.82,8
PAY-001512,INV-001512,SUP-005,2025-06-03,241615.33,0
PAY-001513,INV-001513,SUP-005,2025-06-04,161212.68,1
PAY-001514,INV-001514,SUP-005,2025-06-07,241773.61,0
PAY-001515,INV-001515,SUP-005,2025-06-08,242623.97,0
PAY-001516,INV-001516,SUP-005,2025-06-09,176693.08,0
PAY-001517,INV-001517,SUP-005,2025-06-13,170286.34,0
PAY-001518,INV-001518,SUP-005,2025-06-21,181956.29,2
PAY-001519,INV-001519,SUP-005,2025-06-20,248922.59,0
PAY-001520,INV-001520,SUP-005,2025-06-16,169028.8,-4
PAY-001521,INV-001521,SUP-005,2025-06-25,222721.73,2
PAY-001522,INV-001522,SUP-005,2025-06-29,251768.44,2
PAY-001523,INV-001523,SUP-005,2025-07-02,170513.19,9
PAY-001524,INV-001524,SUP-005,2025-06-26,223719.26,1
PAY-001525,INV-001525,SUP-005,2025-06-30,170408.99,2
PAY-001526,INV-001526,SUP-005,2025-07-02,250527.87,1
PAY-001527,INV-001527,SUP-005,2025-07-02,156912.41,-1
PAY-001528,INV-001528,SUP-005,2025-07-15,231206.48,8
PAY-001529,INV-001529,SUP-005,2025-07-08,235591.98,1
PAY-001530,INV-001530,SUP-005,2025-07-09,188519.8,2
PAY-001531,INV-001531,SUP-005,2025-07-14,209205.39,2
PAY-001532,INV-001532,SUP-005,2025-07-13,191135.4,-1
PAY-001533,INV-001533,SUP-005,2025-07-22,205831.25,8
PAY-001534,INV-001534,SUP-005,2025-07-24,71909.32,7
PAY-001535,INV-001535,SUP-005,2025-01-19,34663.63,0
PAY-001536,INV-001536,SUP-005,2025-01-19,25240.89,-1
PAY-001537,INV-001537,SUP-005,2025-01-21,22325.28,0
PAY-001538,INV-001538,SUP-005,2025-01-22,30288.07,-3
PAY-001539,INV-001539,SUP-005,2025-01-23,27378.13,-1
PAY-001540,INV-001540,SUP-005,2025-01-31,29258.42,5
PAY-001541,INV-001541,SUP-005,2025-01-31,16660.84,0
PAY-001542,INV-001542,SUP-005,2025-02-04,31164.68,4
PAY-001543,INV-001543,SUP-005,2025-02-05,26678.57,2
PAY-001544,INV-001544,SUP-005,2025-02-03,22768.58,-1
PAY-001545,INV-001545,SUP-005,2025-02-05,21641.17,-1
PAY-001546,INV-001546,SUP-005,2025-02-13,23222.89,4
PAY-001547,INV-001547,SUP-005,2025-02-14,21349.84,4
PAY-001548,INV-001548,SUP-005,2025-02-13,16918.22,2
PAY-001549,INV-001549,SUP-005,2025-02-15,25482.15,1
PAY-001550,INV-001550,SUP-005,2025-02-18,25776.37,2
PAY-001551,INV-001551,SUP-005,2025-02-20,24543.01,3
PAY-001552,INV-001552,SUP-005,2025-02-21,30394.25,2
PAY-001553,INV-001553,SUP-005,2025-02-24,23946.26,0
PAY-001554,INV-001554,SUP-005,2025-02-25,28151.79,-1
PAY-001555,INV-001555,SUP-005,2025-03-07,18452.09,8
PAY-001556,INV-001556,SUP-005,2025-03-01,27557.65,1
PAY-001557,INV-001557,SUP-005,2025-03-03,34080.86,1
PAY-001558,INV-001558,SUP-005,2025-03-02,25852.99,-3
PAY-001559,INV-001559,SUP-005,2025-03-06,29652.29,0
PAY-001560,INV-001560,SUP-005,2025-03-09,28419.87,0
PAY-001561,INV-001561,SUP-005,2025-03-11,33595.04,2
PAY-001562,INV-001562,SUP-005,2025-03-12,17207.31,-1
PAY-001563,INV-001563,SUP-005,2025-03-20,27396.89,2
PAY-001564,INV-001564,SUP-005,2025-03-22,35272.9,2
PAY-001565,INV-001565,SUP-005,2025-03-18,31622.83,0
PAY-001566,INV-001566,SUP-005,2025-03-27,28125.08,8
PAY-001567,INV-001567,SUP-005,2025-03-30,39523.94,6
PAY-001568,INV-001568,SUP-005,2025-03-26,39573.94,1
PAY-001569,INV-001569,SUP-005,2025-03-25,29888.02,-1
PAY-001570,INV-001570,SUP-005,2025-03-28,42823.72,-1
PAY-001571,INV-001571,SUP-005,2025-04-01,39344.08,2
PAY-001572,INV-001572,SUP-005,2025-03-30,32838.61,-2
PAY-001573,INV-001573,SUP-005,2025-04-03,29839.14,0
PAY-001574,INV-001574,SUP-005,2025-04-23,35921.25,17
PAY-001575,INV-001575,SUP-005,2025-04-09,35371.0,0
PAY-001576,INV-001576,SUP-005,2025-04-08,25423.9,0
PAY-001577,INV-001577,SUP-005,2025-04-11,36342.31,-1
PAY-001578,INV-001578,SUP-005,2025-05-05,32781.55,23
PAY-001579,INV-001579,SUP-005,2025-04-15,29529.56,0
PAY-001580,INV-001580,SUP-005,2025-05-05,42507.7,19
PAY-001581,INV-001581,SUP-005,2025-04-19,22126.36,-1
PAY-001582,INV-001582,SUP-005,2025-04-21,33507.78,0
PAY-001583,INV-001583,SUP-005,2025-04-24,22983.49,1
PAY-001584,INV-001584,SUP-005,2025-05-02,37317.18,7
PAY-001585,INV-001585,SUP-005,2025-04-27,30161.13,-1
PAY-001586,INV-001586,SUP-005,2025-05-03,27129.31,5
PAY-001587,INV-001587,SUP-005,2025-04-28,34104.32,-4
PAY-001588,INV-001588,SUP-005,2025-05-03,28245.35,1
PAY-001589,INV-001589,SUP-005,2025-05-15,35765.42,9
PAY-001590,INV-001590,SUP-005,2025-05-06,16779.61,0
PAY-001591,INV-001591,SUP-005,2025-05-09,34331.52,-1
PAY-001592,INV-001592,SUP-005,2025-05-15,35207.45,4
PAY-001593,INV-001593,SUP-005,2025-05-15,26274.8,1
PAY-001594,INV-001594,SUP-005,2025-05-12,28340.84,-4
PAY-001595,INV-001595,SUP-005,2025-05-23,36107.78,7
PAY-001596,INV-001596,SUP-005,2025-05-18,33369.0,0
PAY-001597,INV-001597,SUP-005,2025-05-21,20734.89,0
PAY-001598,INV-001598,SUP-005,2025-05-26,27701.21,2
PAY-001599,INV-001599,SUP-005,2025-05-30,26582.92,3
PAY-001600,INV-001600,SUP-005,2025-06-01,22593.85,6
PAY-001601,INV-001601,SUP-005,2025-05-31,22818.94,-1
PAY-001602,INV-001602,SUP-005,2025-05-31,27312.35,1
PAY-001603,INV-001603,SUP-005,2025-06-03,22672.57,1
PAY-001604,INV-001604,SUP-005,2025-06-03,17636.54,-1
PAY-001605,INV-001605,SUP-005,2025-06-06,29612.23,0
PAY-001606,INV-001606,SUP-005,2025-06-08,38478.31,-1
PAY-001607,INV-001607,SUP-005,2025-06-07,19651.15,-4
PAY-001608,INV-001608,SUP-005,2025-06-21,22793.94,8
PAY-001609,INV-001609,SUP-005,2025-06-15,22155.6,2
PAY-001610,INV-001610,SUP-005,2025-06-16,27519.87,0
PAY-001611,INV-001611,SUP-005,2025-06-22,22524.63,4
PAY-001612,INV-001612,SUP-005,2025-07-01,28214.14,8
PAY-001613,INV-001613,SUP-005,2025-06-21,30542.55,0
PAY-001614,INV-001614,SUP-005,2025-06-27,23039.06,2
PAY-001615,INV-001615,SUP-005,2025-07-01,32424.92,2
PAY-001616,INV-001616,SUP-005,2025-06-27,22115.92,0
PAY-001617,INV-001617,SUP-005,2025-07-02,30937.55,1
PAY-001618,INV-001618,SUP-005,2025-07-01,19819.25,0
PAY-001619,INV-001619,SUP-005,2025-07-04,24648.69,-1
PAY-001620,INV-001620,SUP-005,2025-07-15,28466.17,8
PAY-001621,INV-001621,SUP-005,2025-07-20,23665.2,10
PAY-001622,INV-001622,SUP-005,2025-07-07,22364.82,-4
PAY-001623,INV-001623,SUP-005,2025-07-12,31498.71,0
PAY-001624,INV-001624,SUP-005,2025-07-14,26573.96,1
PAY-001625,INV-001625,SUP-005,2025-08-07,10389.17,22
PAY-001626,INV-001626,SUP-005,2025-01-16,54513.26,0
PAY-001627,INV-001627,SUP-005,2025-01-17,65983.72,-1
PAY-001628,INV-001628,SUP-005,2025-01-22,48811.87,1
PAY-001629,INV-001629,SUP-005,2025-01-24,33781.78,2
PAY-001630,INV-001630,SUP-005,2025-01-23,51692.07,-1
PAY-001631,INV-001631,SUP-005,2025-01-31,60579.8,1
PAY-001632,INV-001632,SUP-005,2025-01-30,32307.17,2
PAY-001633,INV-001633,SUP-005,2025-02-01,50240.81,1
PAY-001634,INV-001634,SUP-005,2025-02-06,67650.05,5
PAY-001635,INV-001635,SUP-005,2025-02-03,49211.91,0
PAY-001636,INV-001636,SUP-005,2025-02-21,40170.3,16
PAY-001637,INV-001637,SUP-005,2025-02-08,63753.0,0
PAY-001638,INV-001638,SUP-005,2025-02-13,69567.82,2
PAY-001639,INV-001639,SUP-005,2025-02-12,41030.21,1
PAY-001640,INV-001640,SUP-005,2025-02-16,51405.0,2
PAY-001641,INV-001641,SUP-005,2025-02-18,54747.63,1
PAY-001642,INV-001642,SUP-005,2025-02-21,43601.78,2
PAY-001643,INV-001643,SUP-005,2025-02-20,42853.95,0
PAY-001644,INV-001644,SUP-005,2025-02-19,53947.47,-3
PAY-001645,INV-001645,SUP-005,2025-02-25,66289.47,0
PAY-001646,INV-001646,SUP-005,2025-02-28,37259.37,1
PAY-001647,INV-001647,SUP-005,2025-03-02,35336.85,1
PAY-001648,INV-001648,SUP-005,2025-03-21,57599.7,16
PAY-001649,INV-001649,SUP-005,2025-03-05,40788.66,2
PAY-001650,INV-001650,SUP-005,2025-03-05,43564.64,-1
PAY-001651,INV-001651,SUP-005,2025-03-11,54813.13,0
PAY-001652,INV-001652,SUP-005,2025-03-12,67235.7,-2
PAY-001653,INV-001653,SUP-005,2025-03-13,32503.95,1
PAY-001654,INV-001654,SUP-005,2025-03-23,38286.06,7
PAY-001655,INV-001655,SUP-005,2025-03-15,76167.29,-1
PAY-001656,INV-001656,SUP-005,2025-03-25,62743.79,6
PAY-001657,INV-001657,SUP-005,2025-03-19,44887.86,-1
PAY-001658,INV-001658,SUP-005,2025-03-24,63296.23,2
PAY-001659,INV-001659,SUP-005,2025-03-27,62398.55,-2
PAY-001660,INV-001660,SUP-005,2025-04-08,53434.19,10
PAY-001661,INV-001661,SUP-005,2025-03-31,83258.32,0
PAY-001662,INV-001662,SUP-005,2025-04-06,52731.57,4
PAY-001663,INV-001663,SUP-005,2025-04-03,45147.16,0
PAY-001664,INV-001664,SUP-005,2025-04-06,79029.86,-1
PAY-001665,INV-001665,SUP-005,2025-04-08,86872.82,0
PAY-001666,INV-001666,SUP-005,2025-04-15,48109.55,5
PAY-001667,INV-001667,SUP-005,2025-04-11,47594.5,-1
PAY-001668,INV-001668,SUP-005,2025-04-17,77761.41,4
PAY-001669,INV-001669,SUP-005,2025-04-16,51080.34,0
PAY-001670,INV-001670,SUP-005,2025-04-26,68333.72,8
PAY-001671,INV-001671,SUP-005,2025-04-16,54488.39,-3
PAY-001672,INV-001672,SUP-005,2025-04-25,58870.31,5
PAY-001673,INV-001673,SUP-005,2025-04-30,32422.95,8
PAY-001674,INV-001674,SUP-005,2025-04-29,55785.08,4
PAY-001675,INV-001675,SUP-005,2025-05-02,75956.94,3
PAY-001676,INV-001676,SUP-005,2025-04-28,57190.42,0
PAY-001677,INV-001677,SUP-005,2025-05-07,51828.62,5
PAY-001678,INV-001678,SUP-005,2025-05-07,50217.51,2
PAY-001679,INV-001679,SUP-005,2025-05-06,73616.47,2
PAY-001680,INV-001680,SUP-005,2025-05-07,40436.43,0
PAY-001681,INV-001681,SUP-005,2025-05-16,49207.19,2
PAY-001682,INV-001682,SUP-005,2025-05-10,66600.71,-1
PAY-001683,INV-001683,SUP-005,2025-05-11,61268.46,-4
PAY-001684,INV-001684,SUP-005,2025-05-18,46341.18,0
PAY-001685,INV-001685,SUP-005,2025-05-20,55830.28,1
PAY-001686,INV-001686,SUP-005,2025-05-22,60594.65,2
PAY-001687,INV-001687,SUP-005,2025-05-22,48546.07,-1
PAY-001688,INV-001688,SUP-005,2025-05-24,43894.64,1
PAY-001689,INV-001689,SUP-005,2025-05-25,74428.67,-2
PAY-001690,INV-001690,SUP-005,2025-05-30,56242.04,0
PAY-001691,INV-001691,SUP-005,2025-06-01,40993.42,4
PAY-001692,INV-001692,SUP-005,2025-05-30,51258.83,0
PAY-001693,INV-001693,SUP-005,2025-06-07,66735.32,3
PAY-001694,INV-001694,SUP-005,2025-06-09,34010.55,6
PAY-001695,INV-001695,SUP-005,2025-06-05,36333.97,-1
PAY-001696,INV-001696,SUP-005,2025-06-05,63972.69,-3
PAY-001697,INV-001697,SUP-005,2025-06-16,49380.55,7
PAY-001698,INV-001698,SUP-005,2025-06-10,33233.54,-1
PAY-001699,INV-001699,SUP-005,2025-06-16,59444.68,1
PAY-001700,INV-001700,SUP-005,2025-06-17,70242.65,2
PAY-001701,INV-001701,SUP-005,2025-06-25,38174.66,5
PAY-001702,INV-001702,SUP-005,2025-06-18,46744.31,-2
PAY-001703,INV-001703,SUP-005,2025-07-01,70588.9,6
PAY-001704,INV-001704,SUP-005,2025-07-14,42426.12,18
PAY-001705,INV-001705,SUP-005,2025-06-27,34025.97,2
PAY-001706,INV-001706,SUP-005,2025-06-29,55502.02,2
PAY-001707,INV-001707,SUP-005,2025-07-03,66592.04,2
PAY-001708,INV-001708,SUP-005,2025-07-06,40710.25,3
PAY-001709,INV-001709,SUP-005,2025-07-08,40003.21,2
PAY-001710,INV-001710,SUP-005,2025-07-07,74359.52,0
PAY-001711,INV-001711,SUP-005,2025-07-06,49691.51,-3
PAY-001712,INV-001712,SUP-005,2025-07-09,40956.94,0
PAY-001713,INV-001713,SUP-005,2025-07-18,51412.67,0
PAY-001714,INV-001714,SUP-005,2025-07-21,58806.33,6
PAY-001715,INV-001715,SUP-005,2025-07-18,16636.34,1
PAY-001716,INV-001716,SUP-006,2025-02-06,2295282.68,2
PAY-001717,INV-001717,SUP-006,2025-02-06,1839049.63,-1
PAY-001718,INV-001718,SUP-006,2025-02-12,2474823.95,2
PAY-001719,INV-001719,SUP-006,2025-02-15,1948412.81,-1
PAY-001720,INV-001720,SUP-006,2025-02-15,2297403.81,-4
PAY-001721,INV-001721,SUP-006,2025-02-25,2114612.8,-3
PAY-001722,INV-001722,SUP-006,2025-03-01,1897537.59,1
PAY-001723,INV-001723,SUP-006,2025-03-03,2008087.27,0
PAY-001724,INV-001724,SUP-006,2025-03-10,2222106.04,0
PAY-001725,INV-001725,SUP-006,2025-03-11,1989711.06,1
PAY-001726,INV-001726,SUP-006,2025-03-12,2080120.56,-2
PAY-001727,INV-001727,SUP-006,2025-03-21,2166456.98,1
PAY-001728,INV-001728,SUP-006,2025-03-22,2084129.12,-1
PAY-001729,INV-001729,SUP-006,2025-04-17,1865932.89,22
PAY-001730,INV-001730,SUP-006,2025-04-04,2562708.44,2
PAY-001731,INV-001731,SUP-006,2025-04-05,2722948.21,1
PAY-001732,INV-001732,SUP-006,2025-04-05,2839626.39,-3
PAY-001733,INV-001733,SUP-006,2025-04-13,2595955.43,1
PAY-001734,INV-001734,SUP-006,2025-04-14,2382019.73,-2
PAY-001735,INV-001735,SUP-006,2025-05-14,2847905.61,22
PAY-001736,INV-001736,SUP-006,2025-04-30,2516611.9,5
PAY-001737,INV-001737,SUP-006,2025-04-30,3257649.27,1
PAY-001738,INV-001738,SUP-006,2025-05-12,2296477.96,2
PAY-001739,INV-001739,SUP-006,2025-05-15,1936285.51,0
PAY-001740,INV-001740,SUP-006,2025-05-12,2506194.19,-2
PAY-001741,INV-001741,SUP-006,2025-05-25,2386196.79,2
PAY-001742,INV-001742,SUP-006,2025-05-26,2356493.2,-1
PAY-001743,INV-001743,SUP-006,2025-05-29,2730450.82,2
PAY-001744,INV-001744,SUP-006,2025-05-30,2314658.51,1
PAY-001745,INV-001745,SUP-006,2025-05-31,2548388.68,-2
PAY-001746,INV-001746,SUP-006,2025-06-09,2333222.67,1
PAY-001747,INV-001747,SUP-006,2025-06-12,2251736.43,1
PAY-001748,INV-001748,SUP-006,2025-06-15,2321107.42,0
PAY-001749,INV-001749,SUP-006,2025-07-01,1667966.48,10
PAY-001750,INV-001750,SUP-006,2025-07-01,2441314.0,8
PAY-001751,INV-001751,SUP-006,2025-06-27,2060252.07,1
PAY-001752,INV-001752,SUP-006,2025-07-09,2371071.57,8
PAY-001753,INV-001753,SUP-006,2025-07-10,1981604.0,4
PAY-001754,INV-001754,SUP-006,2025-07-11,2238622.64,2
PAY-001755,INV-001755,SUP-006,2025-07-13,2204268.57,1
PAY-001756,INV-001756,SUP-006,2025-07-24,1943030.24,7
PAY-001757,INV-001757,SUP-006,2025-07-27,2252407.05,5
PAY-001758,INV-001758,SUP-006,2025-07-24,1912795.33,-1
PAY-001759,INV-001759,SUP-006,2025-08-03,2398086.45,1
PAY-001760,INV-001760,SUP-006,2025-08-01,401000.69,-1
PAY-001761,INV-001761,SUP-010,2025-02-28,4820235.83,4
PAY-001762,INV-001762,SUP-010,2025-03-02,5038322.2,-1
PAY-001763,INV-001763,SUP-010,2025-03-11,4742388.37,-1
PAY-001764,INV-001764,SUP-010,2025-03-22,4620949.89,0
PAY-001765,INV-001765,SUP-010,2025-03-31,4793923.95,-1
PAY-001766,INV-001766,SUP-010,2025-04-10,5233433.41,0
PAY-001767,INV-001767,SUP-010,2025-04-21,6090658.78,1
PAY-001768,INV-001768,SUP-010,2025-05-04,6444571.11,0
PAY-001769,INV-001769,SUP-010,2025-05-13,6566552.01,1
PAY-001770,INV-001770,SUP-010,2025-05-23,5125597.82,1
PAY-001771,INV-001771,SUP-010,2025-05-31,5910553.96,-1
PAY-001772,INV-001772,SUP-010,2025-06-21,5163027.82,6
PAY-001773,INV-001773,SUP-010,2025-07-05,6213677.06,16
PAY-001774,INV-001774,SUP-010,2025-07-02,4919072.74,1
PAY-001775,INV-001775,SUP-010,2025-07-16,5088080.73,4
PAY-001776,INV-001776,SUP-010,2025-07-20,5095635.5,-1
PAY-001777,INV-001777,SUP-010,2025-07-31,5081303.64,1
PAY-001778,INV-001778,SUP-010,2025-08-10,5100699.62,2
PAY-001779,INV-001779,SUP-010,2025-08-26,415262.96,7
PAY-001780,INV-001780,SUP-010,2025-02-16,484811.22,-4
PAY-001781,INV-001781,SUP-010,2025-03-05,502489.42,1
PAY-001782,INV-001782,SUP-010,2025-03-17,441706.07,4
PAY-001783,INV-001783,SUP-010,2025-03-24,502731.6,1
PAY-001784,INV-001784,SUP-010,2025-04-08,422258.65,5
PAY-001785,INV-001785,SUP-010,2025-04-19,470715.72,3
PAY-001786,INV-001786,SUP-010,2025-04-21,571804.44,0
PAY-001787,INV-001787,SUP-010,2025-05-09,641062.58,7
PAY-001788,INV-001788,SUP-010,2025-05-12,615317.37,1
PAY-001789,INV-001789,SUP-010,2025-05-22,503834.47,2
PAY-001790,INV-001790,SUP-010,2025-06-01,592912.07,0
PAY-001791,INV-001791,SUP-010,2025-06-11,513802.21,0
PAY-001792,INV-001792,SUP-010,2025-06-27,557972.46,-1
PAY-001793,INV-001793,SUP-010,2025-07-02,450962.58,1
PAY-001794,INV-001794,SUP-010,2025-07-09,467963.87,-4
PAY-001795,INV-001795,SUP-010,2025-07-23,473683.07,1
PAY-001796,INV-001796,SUP-010,2025-08-03,439178.8,3
PAY-001797,INV-001797,SUP-010,2025-08-07,516060.17,-1
PAY-001798,INV-001798,SUP-010,2025-08-21,34861.87,1
PAY-001799,INV-001799,SUP-012,2025-02-21,4093537.39,0
PAY-001800,INV-001800,SUP-012,2025-03-16,4765035.37,1
PAY-001801,INV-001801,SUP-012,2025-04-06,4417418.13,1
PAY-001802,INV-001802,SUP-012,2025-04-26,5904670.53,0
PAY-001803,INV-001803,SUP-012,2025-05-15,5094803.08,0
PAY-001804,INV-001804,SUP-012,2025-06-27,4882013.14,-1
PAY-001805,INV-001805,SUP-012,2025-07-20,4434489.01,1
PAY-001806,INV-001806,SUP-012,2025-08-07,2923497.51,-1
PAY-001807,INV-001807,SUP-007,2025-02-25,126295553.79,1
PAY-001808,INV-001808,SUP-007,2025-03-26,110498942.83,0
PAY-001809,INV-001809,SUP-007,2025-04-28,203609016.68,7
PAY-001810,INV-001810,SUP-007,2025-05-20,135486102.85,-1
PAY-001811,INV-001811,SUP-007,2025-06-23,131333927.21,1
PAY-001812,INV-001812,SUP-007,2025-07-20,115958486.91,-3
PAY-001813,INV-001813,SUP-007,2025-08-20,2700437.81,-1
PAY-001814,INV-001814,SUP-007,2025-02-20,51139616.11,-1
PAY-001815,INV-001815,SUP-007,2025-03-15,55925843.16,0
PAY-001816,INV-001816,SUP-007,2025-04-19,58727209.12,14
PAY-001817,INV-001817,SUP-007,2025-04-25,78925855.91,0
PAY-001818,INV-001818,SUP-007,2025-05-15,72442656.21,-1
PAY-001819,INV-001819,SUP-007,2025-06-10,67675791.7,4
PAY-001820,INV-001820,SUP-007,2025-06-27,59558412.45,0
PAY-001821,INV-001821,SUP-007,2025-07-16,56629982.82,-3
PAY-001822,INV-001822,SUP-007,2025-08-06,32543141.42,-1
PAY-001823,INV-001823,SUP-003,2025-03-02,26964662.26,-4
PAY-001824,INV-001824,SUP-003,2025-03-21,28414660.76,2
PAY-001825,INV-001825,SUP-003,2025-04-07,27731703.37,3
PAY-001826,INV-001826,SUP-003,2025-04-24,29916734.42,6
PAY-001827,INV-001827,SUP-003,2025-05-02,42248292.96,1
PAY-001828,INV-001828,SUP-003,2025-05-30,43944854.92,12
PAY-001829,INV-001829,SUP-003,2025-05-29,38492221.3,1
PAY-001830,INV-001830,SUP-003,2025-06-21,32991649.6,9
PAY-001831,INV-001831,SUP-003,2025-06-24,32863758.67,-1
PAY-001832,INV-001832,SUP-003,2025-07-10,32999001.62,0
PAY-001833,INV-001833,SUP-003,2025-08-17,25699942.29,17
PAY-001834,INV-001834,SUP-003,2025-08-11,30642883.72,0
PAY-001835,INV-001835,SUP-003,2025-08-22,27657105.73,2
PAY-001836,INV-001836,SUP-004,2025-02-02,1860408.77,-1
PAY-001837,INV-001837,SUP-004,2025-02-04,1803393.02,-1
PAY-001838,INV-001838,SUP-004,2025-02-08,1324362.44,1
PAY-001839,INV-001839,SUP-004,2025-02-08,1555548.4,-1
PAY-001840,INV-001840,SUP-004,2025-02-11,1691311.86,1
PAY-001841,INV-001841,SUP-004,2025-02-14,1860179.64,1
PAY-001842,INV-001842,SUP-004,2025-02-17,1138545.25,2
PAY-001843,INV-001843,SUP-004,2025-02-17,1637343.03,0
PAY-001844,INV-001844,SUP-004,2025-03-14,1919732.45,23
PAY-001845,INV-001845,SUP-004,2025-02-20,1342059.18,1
PAY-001846,INV-001846,SUP-004,2025-02-22,1573203.35,0
PAY-001847,INV-001847,SUP-004,2025-03-02,1628912.81,4
PAY-001848,INV-001848,SUP-004,2025-02-25,1715119.89,0
PAY-001849,INV-001849,SUP-004,2025-02-28,1108262.59,-1
PAY-001850,INV-001850,SUP-004,2025-03-02,1617042.05,0
PAY-001851,INV-001851,SUP-004,2025-03-15,1810315.77,12
PAY-001852,INV-001852,SUP-004,2025-03-06,1318487.12,-1
PAY-001853,INV-001853,SUP-004,2025-03-09,1760301.78,0
PAY-001854,INV-001854,SUP-004,2025-03-09,1754242.03,-1
PAY-001855,INV-001855,SUP-004,2025-03-19,1661502.87,2
PAY-001856,INV-001856,SUP-004,2025-03-22,1209664.83,7
PAY-001857,INV-001857,SUP-004,2025-03-18,1704889.75,-1
PAY-001858,INV-001858,SUP-004,2025-03-21,1878235.6,0
PAY-001859,INV-001859,SUP-004,2025-03-20,1386158.77,1
PAY-001860,INV-001860,SUP-004,2025-03-25,1490678.52,2
PAY-001861,INV-001861,SUP-004,2025-03-24,1688547.28,0
PAY-001862,INV-001862,SUP-004,2025-03-28,1653226.56,1
PAY-001863,INV-001863,SUP-004,2025-03-28,1132589.17,-1
PAY-001864,INV-001864,SUP-004,2025-03-28,1643681.66,-1
PAY-001865,INV-001865,SUP-004,2025-04-03,2110118.67,0
PAY-001866,INV-001866,SUP-004,2025-04-05,1832093.53,-1
PAY-001867,INV-001867,SUP-004,2025-04-08,1971689.15,1
PAY-001868,INV-001868,SUP-004,2025-04-02,2135619.74,-4
PAY-001869,INV-001869,SUP-004,2025-04-17,2199354.86,7
PAY-001870,INV-001870,SUP-004,2025-04-13,1496958.65,-1
PAY-001871,INV-001871,SUP-004,2025-04-21,2112722.23,7
PAY-001872,INV-001872,SUP-004,2025-04-18,2389704.2,2
PAY-001873,INV-001873,SUP-004,2025-04-16,1966776.88,0
PAY-001874,INV-001874,SUP-004,2025-04-21,1889759.48,1
PAY-001875,INV-001875,SUP-004,2025-04-23,2212403.72,2
PAY-001876,INV-001876,SUP-004,2025-04-23,2479123.61,0
PAY-001877,INV-001877,SUP-004,2025-04-30,1512245.41,6
PAY-001878,INV-001878,SUP-004,2025-04-29,1993815.4,0
PAY-001879,INV-001879,SUP-004,2025-05-04,2310896.14,3
PAY-001880,INV-001880,SUP-004,2025-05-06,1849855.41,4
PAY-001881,INV-001881,SUP-004,2025-05-12,2168694.32,9
PAY-001882,INV-001882,SUP-004,2025-05-06,1599304.55,1
PAY-001883,INV-001883,SUP-004,2025-05-23,1933344.15,15
PAY-001884,INV-001884,SUP-004,2025-05-16,1194820.82,6
PAY-001885,INV-001885,SUP-004,2025-05-09,1669581.97,-1
PAY-001886,INV-001886,SUP-004,2025-05-23,1999216.51,9
PAY-001887,INV-001887,SUP-004,2025-05-15,1622107.65,0
PAY-001888,INV-001888,SUP-004,2025-05-19,1803047.71,1
PAY-001889,INV-001889,SUP-004,2025-05-16,1945915.1,-4
PAY-001890,INV-001890,SUP-004,2025-05-23,2184038.48,1
PAY-001891,INV-001891,SUP-004,2025-05-25,1331658.25,2
PAY-001892,INV-001892,SUP-004,2025-05-23,1968299.74,-1
PAY-001893,INV-001893,SUP-004,2025-05-28,1976823.56,2
PAY-001894,INV-001894,SUP-004,2025-06-06,1584195.4,8
PAY-001895,INV-001895,SUP-004,2025-06-01,1776666.58,0
PAY-001896,INV-001896,SUP-004,2025-06-03,1942190.8,2
PAY-001897,INV-001897,SUP-004,2025-06-05,1994089.02,0
PAY-001898,INV-001898,SUP-004,2025-06-06,1305121.83,0
PAY-001899,INV-001899,SUP-004,2025-06-08,1868984.78,-1
PAY-001900,INV-001900,SUP-004,2025-06-10,2127810.82,-1
PAY-001901,INV-001901,SUP-004,2025-06-12,1608150.85,-1
PAY-001902,INV-001902,SUP-004,2025-06-16,1802295.53,1
PAY-001903,INV-001903,SUP-004,2025-06-17,1802915.24,1
PAY-001904,INV-001904,SUP-004,2025-06-19,1810714.93,1
PAY-001905,INV-001905,SUP-004,2025-06-22,1184111.58,2
PAY-001906,INV-001906,SUP-004,2025-06-22,1722980.62,0
PAY-001907,INV-001907,SUP-004,2025-06-27,1816090.39,2
PAY-001908,INV-001908,SUP-004,2025-06-28,1321624.19,1
PAY-001909,INV-001909,SUP-004,2025-06-28,1533298.14,-1
PAY-001910,INV-001910,SUP-004,2025-06-28,1671547.86,-1
PAY-001911,INV-001911,SUP-004,2025-06-30,1906632.38,-2
PAY-001912,INV-001912,SUP-004,2025-07-04,1212926.22,0
PAY-001913,INV-001913,SUP-004,2025-07-07,1626525.07,2
PAY-001914,INV-001914,SUP-004,2025-07-12,1835381.94,4
PAY-001915,INV-001915,SUP-004,2025-07-14,1476574.63,2
PAY-001916,INV-001916,SUP-004,2025-07-14,1563160.16,2
PAY-001917,INV-001917,SUP-004,2025-07-14,1533291.1,-1
PAY-001918,INV-001918,SUP-004,2025-07-17,1826130.03,1
PAY-001919,INV-001919,SUP-004,2025-07-20,1168413.22,2
PAY-001920,INV-001920,SUP-004,2025-07-24,1594518.53,5
PAY-001921,INV-001921,SUP-004,2025-07-23,1616641.69,1
PAY-001922,INV-001922,SUP-004,2025-07-24,1460127.0,-1
PAY-001923,INV-001923,SUP-004,2025-07-26,1494015.52,0
PAY-001924,INV-001924,SUP-004,2025-07-31,1795004.59,1
PAY-001925,INV-001925,SUP-004,2025-08-01,1739822.17,2
PAY-001926,INV-001926,SUP-004,2025-07-27,593328.38,-4
PAY-001927,INV-001927,SUP-004,2025-01-29,644757.76,-4
PAY-001928,INV-001928,SUP-004,2025-02-07,633008.94,-1
PAY-001929,INV-001929,SUP-004,2025-02-10,447409.76,2
PAY-001930,INV-001930,SUP-004,2025-02-08,515355.77,1
PAY-001931,INV-001931,SUP-004,2025-02-10,575634.8,-1
PAY-001932,INV-001932,SUP-004,2025-02-09,604808.7,-4
PAY-001933,INV-001933,SUP-004,2025-02-13,372649.97,-1
PAY-001934,INV-001934,SUP-004,2025-02-18,611521.03,1
PAY-001935,INV-001935,SUP-004,2025-02-16,597120.68,-3
PAY-001936,INV-001936,SUP-004,2025-03-05,464090.47,9
PAY-001937,INV-001937,SUP-004,2025-02-21,522655.78,0
PAY-001938,INV-001938,SUP-004,2025-02-24,532008.5,-1
PAY-001939,INV-001939,SUP-004,2025-03-26,582424.48,22
PAY-001940,INV-001940,SUP-004,2025-03-02,411790.82,2
PAY-001941,INV-001941,SUP-004,2025-03-01,520622.12,-1
PAY-001942,INV-001942,SUP-004,2025-03-07,634130.72,1
PAY-001943,INV-001943,SUP-004,2025-03-07,458879.82,1
PAY-001944,INV-001944,SUP-004,2025-03-07,586310.14,-1
PAY-001945,INV-001945,SUP-004,2025-03-12,542856.51,0
PAY-001946,INV-001946,SUP-004,2025-03-17,602741.86,4
PAY-001947,INV-001947,SUP-004,2025-03-13,416118.53,-1
PAY-001948,INV-001948,SUP-004,2025-03-17,612485.27,1
PAY-001949,INV-001949,SUP-004,2025-03-24,584279.55,5
PAY-001950,INV-001950,SUP-004,2025-03-28,467122.48,8
PAY-001951,INV-001951,SUP-004,2025-03-20,522744.69,-1
PAY-001952,INV-001952,SUP-004,2025-03-25,591206.77,2
PAY-001953,INV-001953,SUP-004,2025-03-26,583272.28,-1
PAY-001954,INV-001954,SUP-004,2025-04-04,384305.62,3
PAY-001955,INV-001955,SUP-004,2025-03-27,643267.14,-3
PAY-001956,INV-001956,SUP-004,2025-04-05,725747.44,2
PAY-001957,INV-001957,SUP-004,2025-04-11,586705.09,7
PAY-001958,INV-001958,SUP-004,2025-04-06,757588.16,-1
PAY-001959,INV-001959,SUP-004,2025-04-09,718555.4,2
PAY-001960,INV-001960,SUP-004,2025-04-19,744204.93,10
PAY-001961,INV-001961,SUP-004,2025-04-14,556995.63,2
PAY-001962,INV-001962,SUP-004,2025-04-11,765238.76,-1
PAY-001963,INV-001963,SUP-004,2025-04-21,794288.01,6
PAY-001964,INV-001964,SUP-004,2025-04-15,683663.21,-1
PAY-001965,INV-001965,SUP-004,2025-04-18,709638.78,0
PAY-001966,INV-001966,SUP-004,2025-04-23,705369.14,3
PAY-001967,INV-001967,SUP-004,2025-04-23,844952.47,0
PAY-001968,INV-001968,SUP-004,2025-04-26,499316.8,-1
PAY-001969,INV-001969,SUP-004,2025-04-28,794345.95,2
PAY-001970,INV-001970,SUP-004,2025-05-02,841181.5,2
PAY-001971,INV-001971,SUP-004,2025-05-02,631538.64,0
PAY-001972,INV-001972,SUP-004,2025-05-09,901827.99,4
PAY-001973,INV-001973,SUP-004,2025-05-13,626692.14,9
PAY-001974,INV-001974,SUP-004,2025-05-15,588984.29,7
PAY-001975,INV-001975,SUP-004,2025-05-13,407130.48,2
PAY-001976,INV-001976,SUP-004,2025-05-15,599613.93,3
PAY-001977,INV-001977,SUP-004,2025-05-14,693318.95,1
PAY-001978,INV-001978,SUP-004,2025-05-16,551368.24,1
PAY-001979,INV-001979,SUP-004,2025-05-20,661266.66,2
PAY-001980,INV-001980,SUP-004,2025-05-20,657407.62,0
PAY-001981,INV-001981,SUP-004,2025-05-21,658984.59,0
PAY-001982,INV-001982,SUP-004,2025-05-31,446822.37,8
PAY-001983,INV-001983,SUP-004,2025-05-23,723807.36,-1
PAY-001984,INV-001984,SUP-004,2025-05-31,697468.17,2
PAY-001985,INV-001985,SUP-004,2025-06-02,578183.4,4
PAY-001986,INV-001986,SUP-004,2025-06-04,684286.49,4
PAY-001987,INV-001987,SUP-004,2025-06-04,537914.88,0
PAY-001988,INV-001988,SUP-004,2025-06-08,602046.26,2
PAY-001989,INV-001989,SUP-004,2025-06-05,436821.52,-1
PAY-001990,INV-001990,SUP-004,2025-06-12,670233.1,2
PAY-001991,INV-001991,SUP-004,2025-06-13,737222.07,0
PAY-001992,INV-001992,SUP-004,2025-06-13,571371.12,0
PAY-001993,INV-001993,SUP-004,2025-06-14,603176.39,-1
PAY-001994,INV-001994,SUP-004,2025-06-18,588536.23,1
PAY-001995,INV-001995,SUP-004,2025-06-18,608933.36,-1
PAY-001996,INV-001996,SUP-004,2025-06-21,409441.95,-1
PAY-001997,INV-001997,SUP-004,2025-06-29,580638.08,5
PAY-001998,INV-001998,SUP-004,2025-06-29,659567.22,2
PAY-001999,INV-001999,SUP-004,2025-06-28,482864.14,1
PAY-002000,INV-002000,SUP-004,2025-06-29,529186.73,2
PAY-002001,INV-002001,SUP-004,2025-07-15,600499.02,9
PAY-002002,INV-002002,SUP-004,2025-07-03,623397.9,0
PAY-002003,INV-002003,SUP-004,2025-07-04,419100.51,1
PAY-002004,INV-002004,SUP-004,2025-07-09,577978.47,0
PAY-002005,INV-002005,SUP-004,2025-07-20,462330.6,8
PAY-002006,INV-002006,SUP-004,2025-07-11,578879.38,-1
PAY-002007,INV-002007,SUP-004,2025-07-22,553888.52,8
PAY-002008,INV-002008,SUP-004,2025-07-17,646008.53,-1
PAY-002009,INV-002009,SUP-004,2025-07-20,403345.89,2
PAY-002010,INV-002010,SUP-004,2025-07-23,606791.16,2
PAY-002011,INV-002011,SUP-004,2025-07-24,652981.32,0
PAY-002012,INV-002012,SUP-004,2025-07-25,418490.72,2
PAY-002013,INV-002013,SUP-004,2025-07-31,565048.21,1
PAY-002014,INV-002014,SUP-004,2025-07-28,541486.42,1
PAY-002015,INV-002015,SUP-004,2025-08-02,632077.46,3
PAY-002016,INV-002016,SUP-004,2025-07-30,198899.08,-1
PAY-002017,INV-002017,SUP-004,2025-02-05,426493.28,3
PAY-002018,INV-002018,SUP-004,2025-02-06,472517.98,0
PAY-002019,INV-002019,SUP-004,2025-02-05,396204.44,-1
PAY-002020,INV-002020,SUP-004,2025-02-07,363040.57,0
PAY-002021,INV-002021,SUP-004,2025-02-08,503542.05,-3
PAY-002022,INV-002022,SUP-004,2025-02-09,502966.22,-2
PAY-002023,INV-002023,SUP-004,2025-02-15,333217.91,-3
PAY-002024,INV-002024,SUP-004,2025-02-16,385648.95,0
PAY-002025,INV-002025,SUP-004,2025-02-22,560690.54,5
PAY-002026,INV-002026,SUP-004,2025-02-19,418277.49,-1
PAY-002027,INV-002027,SUP-004,2025-02-21,317871.16,0
PAY-002028,INV-002028,SUP-004,2025-02-26,476972.86,1
PAY-002029,INV-002029,SUP-004,2025-03-13,505132.68,15
PAY-002030,INV-002030,SUP-004,2025-03-02,341601.34,1
PAY-002031,INV-002031,SUP-004,2025-03-09,413477.11,5
PAY-002032,INV-002032,SUP-004,2025-03-05,519123.83,2
PAY-002033,INV-002033,SUP-004,2025-03-07,410213.36,2
PAY-002034,INV-002034,SUP-004,2025-03-08,392586.99,-1
PAY-002035,INV-002035,SUP-004,2025-03-15,460411.09,0
PAY-002036,INV-002036,SUP-004,2025-03-16,505536.41,5
PAY-002037,INV-002037,SUP-004,2025-03-14,396381.91,-1
PAY-002038,INV-002038,SUP-004,2025-03-22,510255.45,2
PAY-002039,INV-002039,SUP-004,2025-03-28,420326.47,8
PAY-002040,INV-002040,SUP-004,2025-03-21,363510.24,0
PAY-002041,INV-002041,SUP-004,2025-03-24,491573.71,0
PAY-002042,INV-002042,SUP-004,2025-03-28,459530.08,1
PAY-002043,INV-002043,SUP-004,2025-03-30,397949.31,-1
PAY-002044,INV-002044,SUP-004,2025-04-09,622552.87,2
PAY-002045,INV-002045,SUP-004,2025-04-04,513368.29,1
PAY-002046,INV-002046,SUP-004,2025-04-07,447161.65,2
PAY-002047,INV-002047,SUP-004,2025-04-05,615486.36,-1
PAY-002048,INV-002048,SUP-004,2025-04-12,695874.35,2
PAY-002049,INV-002049,SUP-004,2025-04-14,461075.36,0
PAY-002050,INV-002050,SUP-004,2025-04-15,542004.07,2
PAY-002051,INV-002051,SUP-004,2025-04-19,714700.58,2
PAY-002052,INV-002052,SUP-004,2025-04-25,539858.54,7
PAY-002053,INV-002053,SUP-004,2025-04-19,461790.81,-1
PAY-002054,INV-002054,SUP-004,2025-04-23,552203.91,1
PAY-002055,INV-002055,SUP-004,2025-04-29,738856.91,1
PAY-002056,INV-002056,SUP-004,2025-04-25,428911.25,-1
PAY-002057,INV-002057,SUP-004,2025-04-29,514487.79,-1
PAY-002058,INV-002058,SUP-004,2025-05-09,662091.81,8
PAY-002059,INV-002059,SUP-004,2025-05-11,600647.17,9
PAY-002060,INV-002060,SUP-004,2025-05-05,504760.51,1
PAY-002061,INV-002061,SUP-004,2025-05-11,467606.05,1
PAY-002062,INV-002062,SUP-004,2025-05-07,522555.17,0
PAY-002063,INV-002063,SUP-004,2025-05-11,325105.32,1
PAY-002064,INV-002064,SUP-004,2025-05-14,430791.57,2
PAY-002065,INV-002065,SUP-004,2025-05-12,624268.1,-1
PAY-002066,INV-002066,SUP-004,2025-05-13,434996.26,-1
PAY-002067,INV-002067,SUP-004,2025-05-17,394398.96,-1
PAY-002068,INV-002068,SUP-004,2025-05-24,526882.96,6
PAY-002069,INV-002069,SUP-004,2025-05-24,643631.74,0
PAY-002070,INV-002070,SUP-004,2025-05-23,414187.94,-1
PAY-002071,INV-002071,SUP-004,2025-05-26,455707.52,-1
PAY-002072,INV-002072,SUP-004,2025-05-25,575068.7,-1
PAY-002073,INV-002073,SUP-004,2025-05-30,468088.22,0
PAY-002074,INV-002074,SUP-004,2025-06-05,441332.82,1
PAY-002075,INV-002075,SUP-004,2025-06-01,551284.91,-1
PAY-002076,INV-002076,SUP-004,2025-06-03,538887.0,-1
PAY-002077,INV-002077,SUP-004,2025-06-07,370688.66,1
PAY-002078,INV-002078,SUP-004,2025-06-04,391252.14,-4
PAY-002079,INV-002079,SUP-004,2025-06-13,582310.79,4
PAY-002080,INV-002080,SUP-004,2025-06-19,487903.92,8
PAY-002081,INV-002081,SUP-004,2025-06-19,435451.53,5
PAY-002082,INV-002082,SUP-004,2025-06-24,490440.1,9
PAY-002083,INV-002083,SUP-004,2025-06-18,513633.36,1
PAY-002084,INV-002084,SUP-004,2025-06-19,299063.05,-1
PAY-002085,INV-002085,SUP-004,2025-07-04,399701.64,11
PAY-002086,INV-002086,SUP-004,2025-06-30,496640.93,6
PAY-002087,INV-002087,SUP-004,2025-06-25,378988.92,0
PAY-002088,INV-002088,SUP-004,2025-06-27,356941.12,0
PAY-002089,INV-002089,SUP-004,2025-06-29,455481.95,-1
PAY-002090,INV-002090,SUP-004,2025-07-10,496565.76,9
PAY-002091,INV-002091,SUP-004,2025-07-06,337053.46,2
PAY-002092,INV-002092,SUP-004,2025-07-17,370027.58,11
PAY-002093,INV-002093,SUP-004,2025-07-09,515147.24,-1
PAY-002094,INV-002094,SUP-004,2025-07-19,407276.64,8
PAY-002095,INV-002095,SUP-004,2025-07-13,354920.28,0
PAY-002096,INV-002096,SUP-004,2025-07-21,464122.87,1
PAY-002097,INV-002097,SUP-004,2025-07-18,499610.23,1
PAY-002098,INV-002098,SUP-004,2025-07-18,366886.81,-1
PAY-002099,INV-002099,SUP-004,2025-07-27,387994.04,7
PAY-002100,INV-002100,SUP-004,2025-07-24,578150.69,2
PAY-002101,INV-002101,SUP-004,2025-07-23,439558.69,-1
PAY-002102,INV-002102,SUP-004,2025-07-26,387677.25,1
PAY-002103,INV-002103,SUP-004,2025-07-29,500322.34,2
PAY-002104,INV-002104,SUP-004,2025-07-29,522708.58,0
PAY-002105,INV-002105,SUP-004,2025-07-30,173863.82,-3
PAY-002106,INV-002106,SUP-005,2025-01-16,25748.55,-1
PAY-002107,INV-002107,SUP-005,2025-01-21,32935.69,-1
PAY-002108,INV-002108,SUP-005,2025-01-21,24095.14,0
PAY-002109,INV-002109,SUP-005,2025-01-22,21592.91,0
PAY-002110,INV-002110,SUP-005,2025-01-24,23741.43,-1
PAY-002111,INV-002111,SUP-005,2025-01-31,28949.04,1
PAY-002112,INV-002112,SUP-005,2025-02-06,19096.88,7
PAY-002113,INV-002113,SUP-005,2025-01-30,23254.13,-1
PAY-002114,INV-002114,SUP-005,2025-02-03,33399.09,0
PAY-002115,INV-002115,SUP-005,2025-02-04,20401.59,1
PAY-002116,INV-002116,SUP-005,2025-02-05,19740.86,0
PAY-002117,INV-002117,SUP-005,2025-02-06,21242.82,-1
PAY-002118,INV-002118,SUP-005,2025-02-10,31222.12,1
PAY-002119,INV-002119,SUP-005,2025-02-12,19237.17,0
PAY-002120,INV-002120,SUP-005,2025-02-23,18911.91,4
PAY-002121,INV-002121,SUP-005,2025-02-26,34378.82,8
PAY-002122,INV-002122,SUP-005,2025-02-18,21856.63,-3
PAY-002123,INV-002123,SUP-005,2025-02-21,17456.0,2
PAY-002124,INV-002124,SUP-005,2025-02-20,27913.95,-1
PAY-002125,INV-002125,SUP-005,2025-02-27,23532.82,2
PAY-002126,INV-002126,SUP-005,2025-03-03,22679.44,3
PAY-002127,INV-002127,SUP-005,2025-03-11,25410.43,10
PAY-002128,INV-002128,SUP-005,2025-03-02,32331.75,-1
PAY-002129,INV-002129,SUP-005,2025-03-11,21357.23,6
PAY-002130,INV-002130,SUP-005,2025-03-03,18257.22,-4
PAY-002131,INV-002131,SUP-005,2025-03-17,28924.84,8
PAY-002132,INV-002132,SUP-005,2025-03-15,25968.86,2
PAY-002133,INV-002133,SUP-005,2025-03-12,18993.38,0
PAY-002134,INV-002134,SUP-005,2025-03-13,17004.7,0
PAY-002135,INV-002135,SUP-005,2025-03-13,45057.85,-4
PAY-002136,INV-002136,SUP-005,2025-04-01,37797.63,13
PAY-002137,INV-002137,SUP-005,2025-03-19,31241.15,-1
PAY-002138,INV-002138,SUP-005,2025-03-20,38362.93,-1
PAY-002139,INV-002139,SUP-005,2025-03-24,39891.85,-1
PAY-002140,INV-002140,SUP-005,2025-03-30,28232.96,2
PAY-002141,INV-002141,SUP-005,2025-04-10,29261.4,9
PAY-002142,INV-002142,SUP-005,2025-03-31,53619.6,0
PAY-002143,INV-002143,SUP-005,2025-04-21,41893.75,21
PAY-002144,INV-002144,SUP-005,2025-04-01,33105.83,-1
PAY-002145,INV-002145,SUP-005,2025-04-23,47207.35,19
PAY-002146,INV-002146,SUP-005,2025-04-09,48118.16,2
PAY-002147,INV-002147,SUP-005,2025-04-09,36370.04,1
PAY-002148,INV-002148,SUP-005,2025-04-19,39719.51,9
PAY-002149,INV-002149,SUP-005,2025-04-13,56226.01,1
PAY-002150,INV-002150,SUP-005,2025-04-13,41252.6,-1
PAY-002151,INV-002151,SUP-005,2025-04-18,37602.19,0
PAY-002152,INV-002152,SUP-005,2025-04-18,29073.33,0
PAY-002153,INV-002153,SUP-005,2025-04-27,32820.47,4
PAY-002154,INV-002154,SUP-005,2025-04-22,14691.64,0
PAY-002155,INV-002155,SUP-005,2025-04-29,24466.63,2
PAY-002156,INV-002156,SUP-005,2025-05-01,35409.69,1
PAY-002157,INV-002157,SUP-005,2025-05-01,23305.39,0
PAY-002158,INV-002158,SUP-005,2025-05-01,19756.04,0
PAY-002159,INV-002159,SUP-005,2025-05-14,31746.62,8
PAY-002160,INV-002160,SUP-005,2025-05-09,19228.86,2
PAY-002161,INV-002161,SUP-005,2025-05-12,21820.12,2
PAY-002162,INV-002162,SUP-005,2025-05-22,28357.42,10
PAY-002163,INV-002163,SUP-005,2025-05-08,27614.95,-4
PAY-002164,INV-002164,SUP-005,2025-05-15,25359.37,1
PAY-002165,INV-002165,SUP-005,2025-05-18,30515.66,2
PAY-002166,INV-002166,SUP-005,2025-05-19,31398.22,-1
PAY-002167,INV-002167,SUP-005,2025-05-21,19146.68,-4
PAY-002168,INV-002168,SUP-005,2025-05-22,28303.4,0
PAY-002169,INV-002169,SUP-005,2025-05-24,32670.42,-1
PAY-002170,INV-002170,SUP-005,2025-05-28,21289.18,2
PAY-002171,INV-002171,SUP-005,2025-05-30,17540.33,1
PAY-002172,INV-002172,SUP-005,2025-05-31,21765.06,0
PAY-002173,INV-002173,SUP-005,2025-06-05,28204.42,2
PAY-002174,INV-002174,SUP-005,2025-06-07,20069.91,3
PAY-002175,INV-002175,SUP-005,2025-06-08,20960.86,1
PAY-002176,INV-002176,SUP-005,2025-06-08,26319.22,-1
PAY-002177,INV-002177,SUP-005,2025-06-13,25201.35,1
PAY-002178,INV-002178,SUP-005,2025-06-14,19978.49,1
PAY-002179,INV-002179,SUP-005,2025-06-20,28560.29,3
PAY-002180,INV-002180,SUP-005,2025-06-17,29912.86,0
PAY-002181,INV-002181,SUP-005,2025-06-23,18769.61,2
PAY-002182,INV-002182,SUP-005,2025-06-20,23215.61,-1
PAY-002183,INV-002183,SUP-005,2025-06-18,34133.28,-4
PAY-002184,INV-002184,SUP-005,2025-07-16,25192.12,21
PAY-002185,INV-002185,SUP-005,2025-07-18,21363.89,21
PAY-002186,INV-002186,SUP-005,2025-06-30,27512.52,1
PAY-002187,INV-002187,SUP-005,2025-06-28,30308.09,-1
PAY-002188,INV-002188,SUP-005,2025-07-06,17926.91,1
PAY-002189,INV-002189,SUP-005,2025-07-11,18073.51,6
PAY-002190,INV-002190,SUP-005,2025-07-07,25012.57,1
PAY-002191,INV-002191,SUP-005,2025-07-19,26207.49,9
PAY-002192,INV-002192,SUP-005,2025-07-11,21547.21,1
PAY-002193,INV-002193,SUP-005,2025-07-12,31970.09,-1
PAY-002194,INV-002194,SUP-005,2025-07-16,33419.58,2
PAY-002195,INV-002195,SUP-005,2025-07-16,10890.71,0
PAY-002196,INV-002196,SUP-011,2025-02-25,3319114.42,5
PAY-002197,INV-002197,SUP-011,2025-03-31,3414363.38,4
PAY-002198,INV-002198,SUP-011,2025-04-27,7022383.2,3
PAY-002199,INV-002199,SUP-011,2025-05-23,3472267.71,0
PAY-002200,INV-002200,SUP-011,2025-06-19,3351676.42,-1
PAY-002201,INV-002201,SUP-011,2025-07-21,3481413.52,-1
PAY-002202,INV-002202,SUP-012,2025-03-15,5411420.94,19
PAY-002203,INV-002203,SUP-012,2025-03-23,5573958.7,9
PAY-002204,INV-002204,SUP-012,2025-04-07,6087638.57,-1
PAY-002205,INV-002205,SUP-012,2025-04-25,9709617.73,1
PAY-002206,INV-002206,SUP-012,2025-05-20,6720578.44,-1
PAY-002207,INV-002207,SUP-012,2025-06-11,5754467.08,5
PAY-002208,INV-002208,SUP-012,2025-06-28,5407016.28,0
PAY-002209,INV-002209,SUP-012,2025-07-18,5170676.72,-1
PAY-002210,INV-002210,SUP-012,2025-08-12,3323660.79,2
PAY-002211,INV-002211,SUP-009,2025-02-04,3858291.82,-1
PAY-002212,INV-002212,SUP-009,2025-02-21,3703617.86,-1
PAY-002213,INV-002213,SUP-009,2025-03-07,3334733.39,2
PAY-002214,INV-002214,SUP-009,2025-03-17,3569080.9,-1
PAY-002215,INV-002215,SUP-009,2025-04-02,4566200.24,2
PAY-002216,INV-002216,SUP-009,2025-04-14,4567207.01,-1
PAY-002217,INV-002217,SUP-009,2025-05-02,4468136.86,3
PAY-002218,INV-002218,SUP-009,2025-06-02,4347364.92,20
PAY-002219,INV-002219,SUP-009,2025-06-03,4359757.51,7
PAY-002220,INV-002220,SUP-009,2025-06-16,4297378.28,0
PAY-002221,INV-002221,SUP-009,2025-07-02,3873240.86,9
PAY-002222,INV-002222,SUP-009,2025-07-10,4209577.02,2
PAY-002223,INV-002223,SUP-009,2025-07-21,3753461.32,-1
PAY-002224,INV-002224,SUP-009,2025-02-07,838984.49,0
PAY-002225,INV-002225,SUP-009,2025-02-27,972289.71,7
PAY-002226,INV-002226,SUP-009,2025-03-01,1033385.65,-3
PAY-002227,INV-002227,SUP-009,2025-03-19,1000542.89,1
PAY-002228,INV-002228,SUP-009,2025-04-04,1202268.2,2
PAY-002229,INV-002229,SUP-009,2025-04-16,1223856.4,1
PAY-002230,INV-002230,SUP-009,2025-04-28,1201370.8,-1
PAY-002231,INV-002231,SUP-009,2025-05-19,982547.65,2
PAY-002232,INV-002232,SUP-009,2025-05-31,1149381.5,2
PAY-002233,INV-002233,SUP-009,2025-06-09,1148443.16,-1
PAY-002234,INV-002234,SUP-009,2025-06-29,977448.06,5
PAY-002235,INV-002235,SUP-009,2025-07-08,993317.2,0
PAY-002236,INV-002236,SUP-009,2025-08-15,971059.37,22
PAY-002237,INV-002237,SUP-009,2025-02-10,1153795.97,5
PAY-002238,INV-002238,SUP-009,2025-02-19,1106992.88,1
PAY-002239,INV-002239,SUP-009,2025-03-04,973450.36,-2
PAY-002240,INV-002240,SUP-009,2025-03-19,1120521.55,0
PAY-002241,INV-002241,SUP-009,2025-04-06,1437914.6,4
PAY-002242,INV-002242,SUP-009,2025-04-23,1584669.88,8
PAY-002243,INV-002243,SUP-009,2025-05-05,1415531.51,5
PAY-002244,INV-002244,SUP-009,2025-05-18,1322665.29,4
PAY-002245,INV-002245,SUP-009,2025-05-29,1415036.48,1
PAY-002246,INV-002246,SUP-009,2025-06-15,1317504.23,6
PAY-002247,INV-002247,SUP-009,2025-06-27,1261202.22,1
PAY-002248,INV-002248,SUP-009,2025-07-10,1178912.51,1
PAY-002249,INV-002249,SUP-009,2025-07-28,1245902.07,7
PAY-002250,INV-002250,SUP-008,2025-03-17,10149258.13,7
PAY-002251,INV-002251,SUP-008,2025-04-10,10686601.3,2
PAY-002252,INV-002252,SUP-008,2025-05-11,21389249.68,2
PAY-002253,INV-002253,SUP-008,2025-06-11,12512876.45,4
PAY-002254,INV-002254,SUP-008,2025-07-09,12395805.75,0
PAY-002255,INV-002255,SUP-008,2025-08-09,10997190.95,2
PAY-002256,INV-002256,SUP-008,2025-09-16,270488.8,9
PAY-002257,INV-002257,SUP-008,2025-03-09,3012290.04,-1
PAY-002258,INV-002258,SUP-008,2025-04-11,3255051.55,1
PAY-002259,INV-002259,SUP-008,2025-05-06,3828301.98,-2
PAY-002260,INV-002260,SUP-008,2025-06-07,2894717.64,0
PAY-002261,INV-002261,SUP-008,2025-07-12,3166026.81,2
PAY-002262,INV-002262,SUP-008,2025-08-10,2928345.49,2
PAY-002263,INV-002263,SUP-008,2025-09-02,73026.54,-3
PAY-002264,INV-002264,SUP-008,2025-03-13,7029248.03,2
PAY-002265,INV-002265,SUP-008,2025-04-07,6542870.38,-1
PAY-002266,INV-002266,SUP-008,2025-05-09,9391951.16,-1
PAY-002267,INV-002267,SUP-008,2025-06-08,7029727.99,0
PAY-002268,INV-002268,SUP-008,2025-07-09,7388911.2,1
PAY-002269,INV-002269,SUP-008,2025-08-09,6849762.73,1
PAY-002270,INV-002270,SUP-008,2025-09-13,189564.38,7
PAY-002271,INV-002271,SUP-008,2025-03-08,6220129.81,-3
PAY-002272,INV-002272,SUP-008,2025-04-08,6148820.29,-1
PAY-002273,INV-002273,SUP-008,2025-05-13,8698226.68,3
PAY-002274,INV-002274,SUP-008,2025-06-14,7217319.79,5
PAY-002275,INV-002275,SUP-008,2025-07-11,7669787.64,2
PAY-002276,INV-002276,SUP-008,2025-08-08,7538731.93,0
PAY-002277,INV-002277,SUP-008,2025-09-08,206644.97,1
PAY-002278,INV-002278,SUP-008,2025-03-11,1525407.12,1
PAY-002279,INV-002279,SUP-008,2025-04-08,1972831.54,0
PAY-002280,INV-002280,SUP-008,2025-05-09,2672919.44,1
PAY-002281,INV-002281,SUP-008,2025-06-09,2276420.3,2
PAY-002282,INV-002282,SUP-008,2025-07-05,2312874.36,-3
PAY-002283,INV-002283,SUP-008,2025-08-14,2371744.52,7
PAY-002284,INV-002284,SUP-008,2025-09-04,60287.43,-3
PAY-002285,INV-002285,SUP-008,2025-03-18,782119.86,8
PAY-002286,INV-002286,SUP-008,2025-04-11,794879.39,3
PAY-002287,INV-002287,SUP-008,2025-05-11,929627.46,1
PAY-002288,INV-002288,SUP-008,2025-06-11,907154.16,2
PAY-002289,INV-002289,SUP-008,2025-07-08,731844.22,1
PAY-002290,INV-002290,SUP-008,2025-08-09,778895.44,2
PAY-002291,INV-002291,SUP-008,2025-09-05,19558.78,-1
